code,name,market,ex,phase,planned_at,request_started_at,received_at,queryTime.sysTime,queryTime.sysDate,cachedAlive,trade.t,trade.z,trade.v,trade.ft,outer_t,outer_z,outer_pz,v,tv,s,d,io,o,h,l,HTTP_status,error,missing,nested_trade_present,HTTP_request_sent,scope,attempt_index,batch_no,expected_count,batch_cache_key_sha256,server_age_at_receive_ms,freshness_status,rejection_reason,identity_diagnostic,source_file,source_line,source_line_sha256,raw_item,capture_run_id,capture_artifact_id,capture_artifact,capture_archive_sha256,trade_date,as_of,diagnostic_version,code_commit_sha,code_sha_semantics,diagnostic_script_sha256,capture_commit_sha,official_validation_run_id,official_checked_at,analyzed_at
1583,程泰,TWSE,tse,preclose,2026-10-08T13:24:50.000+08:00,2026-10-08T13:24:59.943+08:00,2026-10-08T13:25:02.684+08:00,13:25:02,20261008,MISSING,MISSING,MISSING,MISSING,MISSING,13:14:44,-,-,0,-,-,20261008,MISSING,-,-,-,200,null,False,False,True,selected_result,0,21,50,c56a4a7459f1b20ceee80462a3c49a43f2caa85b1ec092987f90908eec42bf20,684.0,FRESH,no_trade_or_incomplete_identity,NO_NESTED_TRADE_ZERO_REPORTED_VOLUME,results/preclose_raw.jsonl,21,f2ee6ae7d0727de1761278a55e9e070eb3fb8d5a4440d60e735a77ed264da4a0,"{""@"": ""1583.tw"", ""tv"": ""-"", ""ps"": ""-"", ""pid"": ""20.tse.tw|2128666"", ""pz"": ""-"", ""bp"": ""0"", ""m%"": ""126672"", ""^"": ""20261008"", ""key"": ""tse_1583.tw_20261008"", ""a"": ""47.3000_47.3500_47.4000_47.4500_47.9500_"", ""b"": ""46.2500_46.1500_46.0500_46.0000_45.9500_"", ""c"": ""1583"", ""#"": ""20.tse.tw|2132722"", ""d"": ""20261008"", ""%"": ""13:14:44"", ""ch"": ""1583.tw"", ""tlong"": ""1791436484000"", ""f"": ""6_1_2_1_1_"", ""g"": ""1_1_1_3_1_"", ""ip"": ""0"", ""mt"": ""126672"", ""h"": ""-"", ""i"": ""05"", ""it"": ""12"", ""l"": ""-"", ""n"": ""程泰"", ""o"": ""-"", ""p"": ""0"", ""ex"": ""tse"", ""s"": ""-"", ""t"": ""13:14:44"", ""u"": ""52.0000"", ""v"": ""0"", ""w"": ""42.6000"", ""nf"": ""程泰機械股份有限公司"", ""y"": ""47.3000"", ""z"": ""-"", ""ts"": ""0""}",37730234383,11530906396,mis-probe-37730234383,1b4caf9efcbb0575771726b356751f177bba37439179cb14bfc9b8a9bc9a88e0,2026-10-08,2026-10-08T13:35:00+08:00,UNCALCULABLE_EVIDENCE_V1,d8fcacd07b965f537a310485ddfbdfef96f5df25,live/replay implementation base; diagnostic file hash identifies this uncommitted report generator,be28204cf9fc4a1a9edb20ce07b6838c503e385bafa0237a6a1b04ee9857f28a,2dd62b249a181d7045c957f0c33501cc574723cd,37742790398,2026-10-08T15:20:18.859+08:00,2026-10-08T17:27:03.597+08:00
1583,程泰,TWSE,tse,pre_reference_A,2026-10-08T13:27:00.000+08:00,2026-10-08T13:27:12.638+08:00,2026-10-08T13:27:16.558+08:00,13:27:13,20261008,MISSING,MISSING,MISSING,MISSING,MISSING,13:27:03,-,-,0,-,-,20261008,MISSING,-,-,-,200,null,False,False,True,selected_result,0,21,50,c56a4a7459f1b20ceee80462a3c49a43f2caa85b1ec092987f90908eec42bf20,3558.0,FRESH,no_trade_or_incomplete_identity,NO_NESTED_TRADE_ZERO_REPORTED_VOLUME,results/pre_reference_A_raw.jsonl,21,72e97339a6fc64522e9fe07b6ba06b0f55311a50ab64eb2e537dbd6412939f0b,"{""@"": ""1583.tw"", ""tv"": ""-"", ""ps"": ""-"", ""pid"": ""20.tse.tw|2176822"", ""pz"": ""-"", ""bp"": ""0"", ""m%"": ""624848"", ""^"": ""20261008"", ""key"": ""tse_1583.tw_20261008"", ""a"": ""47.3000_47.3500_47.4000_47.4500_47.5500_"", ""b"": ""46.8000_46.2500_46.1500_46.0500_46.0000_"", ""c"": ""1583"", ""#"": ""20.tse.tw|2177408"", ""d"": ""20261008"", ""%"": ""13:27:03"", ""ch"": ""1583.tw"", ""tlong"": ""1791437223000"", ""f"": ""6_1_2_1_1_"", ""g"": ""1_1_1_1_4_"", ""ip"": ""0"", ""mt"": ""624848"", ""h"": ""-"", ""i"": ""05"", ""it"": ""12"", ""l"": ""-"", ""n"": ""程泰"", ""o"": ""-"", ""p"": ""0"", ""ex"": ""tse"", ""s"": ""-"", ""t"": ""13:27:03"", ""u"": ""52.0000"", ""v"": ""0"", ""w"": ""42.6000"", ""nf"": ""程泰機械股份有限公司"", ""y"": ""47.3000"", ""z"": ""-"", ""ts"": ""1""}",37730234383,11530906396,mis-probe-37730234383,1b4caf9efcbb0575771726b356751f177bba37439179cb14bfc9b8a9bc9a88e0,2026-10-08,2026-10-08T13:35:00+08:00,UNCALCULABLE_EVIDENCE_V1,d8fcacd07b965f537a310485ddfbdfef96f5df25,live/replay implementation base; diagnostic file hash identifies this uncommitted report generator,be28204cf9fc4a1a9edb20ce07b6838c503e385bafa0237a6a1b04ee9857f28a,2dd62b249a181d7045c957f0c33501cc574723cd,37742790398,2026-10-08T15:20:18.859+08:00,2026-10-08T17:27:03.597+08:00
1583,程泰,TWSE,tse,pre_reference_B,2026-10-08T13:28:15.000+08:00,2026-10-08T13:28:29.683+08:00,2026-10-08T13:28:34.000+08:00,13:28:31,20261008,MISSING,MISSING,MISSING,MISSING,MISSING,13:28:03,-,47.3000,0,-,-,20261008,MISSING,-,-,-,200,null,False,False,True,selected_result,0,21,50,c56a4a7459f1b20ceee80462a3c49a43f2caa85b1ec092987f90908eec42bf20,3000.0,FRESH,no_trade_or_incomplete_identity,NO_NESTED_TRADE_ZERO_REPORTED_VOLUME,results/pre_reference_B_raw.jsonl,21,d929de90623955482d674ad8d339a85f6ddc15f91254c60f06e9661cd3748b0b,"{""@"": ""1583.tw"", ""tv"": ""-"", ""ps"": ""1"", ""pid"": ""20.tse.tw|2191447"", ""pz"": ""47.3000"", ""bp"": ""0"", ""m%"": ""818391"", ""^"": ""20261008"", ""key"": ""tse_1583.tw_20261008"", ""a"": ""47.3000_47.3500_47.4000_47.4500_47.5500_"", ""b"": ""46.8000_46.2500_46.1500_46.0500_46.0000_"", ""c"": ""1583"", ""#"": ""20.tse.tw|2192163"", ""d"": ""20261008"", ""%"": ""13:28:03"", ""ch"": ""1583.tw"", ""tlong"": ""1791437283000"", ""f"": ""5_1_2_1_1_"", ""g"": ""1_1_1_1_4_"", ""ip"": ""0"", ""mt"": ""818391"", ""h"": ""-"", ""i"": ""05"", ""it"": ""12"", ""l"": ""-"", ""n"": ""程泰"", ""o"": ""-"", ""p"": ""0"", ""ex"": ""tse"", ""s"": ""-"", ""t"": ""13:28:03"", ""u"": ""52.0000"", ""v"": ""0"", ""w"": ""42.6000"", ""nf"": ""程泰機械股份有限公司"", ""y"": ""47.3000"", ""z"": ""-"", ""ts"": ""1""}",37730234383,11530906396,mis-probe-37730234383,1b4caf9efcbb0575771726b356751f177bba37439179cb14bfc9b8a9bc9a88e0,2026-10-08,2026-10-08T13:35:00+08:00,UNCALCULABLE_EVIDENCE_V1,d8fcacd07b965f537a310485ddfbdfef96f5df25,live/replay implementation base; diagnostic file hash identifies this uncommitted report generator,be28204cf9fc4a1a9edb20ce07b6838c503e385bafa0237a6a1b04ee9857f28a,2dd62b249a181d7045c957f0c33501cc574723cd,37742790398,2026-10-08T15:20:18.859+08:00,2026-10-08T17:27:03.597+08:00
1583,程泰,TWSE,tse,pre_targeted_retry,2026-10-08T13:28:48.457+08:00,2026-10-08T13:28:48.459+08:00,2026-10-08T13:28:50.437+08:00,13:28:49,20261008,MISSING,MISSING,MISSING,MISSING,MISSING,13:28:03,-,47.3000,0,-,-,20261008,MISSING,-,-,-,200,null,False,False,True,selected_result,0,3,39,fcf0d3c316124e6be0f20b6125219739e6f1c2cb9ffa834badf2bb99872a8b08,1437.0,FRESH,no_trade_or_incomplete_identity,NO_NESTED_TRADE_ZERO_REPORTED_VOLUME,results/pre_targeted_retry_raw.jsonl,3,d0c2509fcbc842a18f80fe6ff68c1637f7fa5ac9e78c527b23152de701b62e32,"{""@"": ""1583.tw"", ""tv"": ""-"", ""ps"": ""1"", ""pid"": ""20.tse.tw|2191447"", ""pz"": ""47.3000"", ""bp"": ""0"", ""m%"": ""818391"", ""^"": ""20261008"", ""key"": ""tse_1583.tw_20261008"", ""a"": ""47.3000_47.3500_47.4000_47.4500_47.5500_"", ""b"": ""46.8000_46.2500_46.1500_46.0500_46.0000_"", ""c"": ""1583"", ""#"": ""20.tse.tw|2192163"", ""d"": ""20261008"", ""%"": ""13:28:03"", ""ch"": ""1583.tw"", ""tlong"": ""1791437283000"", ""f"": ""5_1_2_1_1_"", ""g"": ""1_1_1_1_4_"", ""ip"": ""0"", ""mt"": ""818391"", ""h"": ""-"", ""i"": ""05"", ""it"": ""12"", ""l"": ""-"", ""n"": ""程泰"", ""o"": ""-"", ""p"": ""0"", ""ex"": ""tse"", ""s"": ""-"", ""t"": ""13:28:03"", ""u"": ""52.0000"", ""v"": ""0"", ""w"": ""42.6000"", ""nf"": ""程泰機械股份有限公司"", ""y"": ""47.3000"", ""z"": ""-"", ""ts"": ""1""}",37730234383,11530906396,mis-probe-37730234383,1b4caf9efcbb0575771726b356751f177bba37439179cb14bfc9b8a9bc9a88e0,2026-10-08,2026-10-08T13:35:00+08:00,UNCALCULABLE_EVIDENCE_V1,d8fcacd07b965f537a310485ddfbdfef96f5df25,live/replay implementation base; diagnostic file hash identifies this uncommitted report generator,be28204cf9fc4a1a9edb20ce07b6838c503e385bafa0237a6a1b04ee9857f28a,2dd62b249a181d7045c957f0c33501cc574723cd,37742790398,2026-10-08T15:20:18.859+08:00,2026-10-08T17:27:03.597+08:00
1583,程泰,TWSE,tse,pre_targeted_retry,2026-10-08T13:28:57.201+08:00,2026-10-08T13:28:57.201+08:00,2026-10-08T13:28:58.004+08:00,MISSING,MISSING,MISSING,MISSING,MISSING,MISSING,MISSING,MISSING,MISSING,MISSING,MISSING,MISSING,MISSING,MISSING,MISSING,MISSING,MISSING,MISSING,null,RESPONSE_AFTER_CAPTURE_DEADLINE:URLError:<urlopen error timed out>,True,False,True,HTTP_attempt,0,1,25,248ef639ea777795f75262d307ea71aa2ea127a7cbb84226f95511e1565f3950,null,NOT_FRESH_OR_UNAVAILABLE,RESPONSE_AFTER_CAPTURE_DEADLINE:URLError:<urlopen error timed out>,NO_RESPONSE_ITEM,results/pre_targeted_retry_raw.jsonl,4,5f26b410f8b93db9844cc880f137cf9653c7a33ef31353cec3dd6d7ac17220b2,MISSING,37730234383,11530906396,mis-probe-37730234383,1b4caf9efcbb0575771726b356751f177bba37439179cb14bfc9b8a9bc9a88e0,2026-10-08,2026-10-08T13:35:00+08:00,UNCALCULABLE_EVIDENCE_V1,d8fcacd07b965f537a310485ddfbdfef96f5df25,live/replay implementation base; diagnostic file hash identifies this uncommitted report generator,be28204cf9fc4a1a9edb20ce07b6838c503e385bafa0237a6a1b04ee9857f28a,2dd62b249a181d7045c957f0c33501cc574723cd,37742790398,2026-10-08T15:20:18.859+08:00,2026-10-08T17:27:03.597+08:00
1583,程泰,TWSE,tse,pre_targeted_retry,2026-10-08T13:28:57.201+08:00,2026-10-08T13:28:58.505+08:00,2026-10-08T13:28:58.505+08:00,MISSING,MISSING,MISSING,MISSING,MISSING,MISSING,MISSING,MISSING,MISSING,MISSING,MISSING,MISSING,MISSING,MISSING,MISSING,MISSING,MISSING,MISSING,null,CAPTURE_DEADLINE_NO_REQUEST,True,False,False,selected_result,null,1,25,248ef639ea777795f75262d307ea71aa2ea127a7cbb84226f95511e1565f3950,null,NOT_FRESH_OR_UNAVAILABLE,CAPTURE_DEADLINE_NO_REQUEST,NO_RESPONSE_ITEM,results/pre_targeted_retry_raw.jsonl,4,5f26b410f8b93db9844cc880f137cf9653c7a33ef31353cec3dd6d7ac17220b2,MISSING,37730234383,11530906396,mis-probe-37730234383,1b4caf9efcbb0575771726b356751f177bba37439179cb14bfc9b8a9bc9a88e0,2026-10-08,2026-10-08T13:35:00+08:00,UNCALCULABLE_EVIDENCE_V1,d8fcacd07b965f537a310485ddfbdfef96f5df25,live/replay implementation base; diagnostic file hash identifies this uncommitted report generator,be28204cf9fc4a1a9edb20ce07b6838c503e385bafa0237a6a1b04ee9857f28a,2dd62b249a181d7045c957f0c33501cc574723cd,37742790398,2026-10-08T15:20:18.859+08:00,2026-10-08T17:27:03.597+08:00
1583,程泰,TWSE,tse,pre_reference_C,2026-10-08T13:29:00.000+08:00,2026-10-08T13:29:11.805+08:00,2026-10-08T13:29:14.254+08:00,13:28:31,20261008,40715,MISSING,MISSING,MISSING,MISSING,13:28:03,-,47.3000,0,-,-,20261008,MISSING,-,-,-,200,null,False,False,True,selected_result,0,21,50,c56a4a7459f1b20ceee80462a3c49a43f2caa85b1ec092987f90908eec42bf20,43254.0,NOT_FRESH_OR_UNAVAILABLE,stale_cache,NO_NESTED_TRADE_ZERO_REPORTED_VOLUME,results/pre_reference_C_raw.jsonl,21,b5f512e15c2acd375850f6517f27ff4f0c4f39140f6a24540b7634d328fabf5e,"{""@"": ""1583.tw"", ""tv"": ""-"", ""ps"": ""1"", ""pid"": ""20.tse.tw|2191447"", ""pz"": ""47.3000"", ""bp"": ""0"", ""m%"": ""818391"", ""^"": ""20261008"", ""key"": ""tse_1583.tw_20261008"", ""a"": ""47.3000_47.3500_47.4000_47.4500_47.5500_"", ""b"": ""46.8000_46.2500_46.1500_46.0500_46.0000_"", ""c"": ""1583"", ""#"": ""20.tse.tw|2192163"", ""d"": ""20261008"", ""%"": ""13:28:03"", ""ch"": ""1583.tw"", ""tlong"": ""1791437283000"", ""f"": ""5_1_2_1_1_"", ""g"": ""1_1_1_1_4_"", ""ip"": ""0"", ""mt"": ""818391"", ""h"": ""-"", ""i"": ""05"", ""it"": ""12"", ""l"": ""-"", ""n"": ""程泰"", ""o"": ""-"", ""p"": ""0"", ""ex"": ""tse"", ""s"": ""-"", ""t"": ""13:28:03"", ""u"": ""52.0000"", ""v"": ""0"", ""w"": ""42.6000"", ""nf"": ""程泰機械股份有限公司"", ""y"": ""47.3000"", ""z"": ""-"", ""ts"": ""1""}",37730234383,11530906396,mis-probe-37730234383,1b4caf9efcbb0575771726b356751f177bba37439179cb14bfc9b8a9bc9a88e0,2026-10-08,2026-10-08T13:35:00+08:00,UNCALCULABLE_EVIDENCE_V1,d8fcacd07b965f537a310485ddfbdfef96f5df25,live/replay implementation base; diagnostic file hash identifies this uncommitted report generator,be28204cf9fc4a1a9edb20ce07b6838c503e385bafa0237a6a1b04ee9857f28a,2dd62b249a181d7045c957f0c33501cc574723cd,37742790398,2026-10-08T15:20:18.859+08:00,2026-10-08T17:27:03.597+08:00
1583,程泰,TWSE,tse,pre_targeted_retry,2026-10-08T13:29:25.164+08:00,2026-10-08T13:29:25.164+08:00,2026-10-08T13:29:26.413+08:00,13:29:26,20261008,MISSING,MISSING,MISSING,MISSING,MISSING,13:28:03,-,47.3000,0,-,-,20261008,MISSING,-,-,-,200,null,False,False,True,selected_result,0,1,25,248ef639ea777795f75262d307ea71aa2ea127a7cbb84226f95511e1565f3950,413.0,FRESH,no_trade_or_incomplete_identity,NO_NESTED_TRADE_ZERO_REPORTED_VOLUME,results/pre_targeted_retry_raw.jsonl,5,0c1134bcaf38056edad5878f09621ec4ba8e54998c4e4f98959e48041108ccfd,"{""@"": ""1583.tw"", ""tv"": ""-"", ""ps"": ""1"", ""pid"": ""20.tse.tw|2192163"", ""pz"": ""47.3000"", ""bp"": ""0"", ""m%"": ""818391"", ""^"": ""20261008"", ""key"": ""tse_1583.tw_20261008"", ""a"": ""47.3000_47.3500_47.4000_47.4500_47.5500_"", ""b"": ""46.8000_46.2500_46.1500_46.0500_46.0000_"", ""c"": ""1583"", ""#"": ""20.tse.tw|2200195"", ""d"": ""20261008"", ""%"": ""13:28:03"", ""ch"": ""1583.tw"", ""tlong"": ""1791437283000"", ""f"": ""5_1_2_1_1_"", ""g"": ""1_1_1_1_4_"", ""ip"": ""0"", ""mt"": ""818391"", ""h"": ""-"", ""i"": ""05"", ""it"": ""12"", ""l"": ""-"", ""n"": ""程泰"", ""o"": ""-"", ""p"": ""0"", ""ex"": ""tse"", ""s"": ""-"", ""t"": ""13:28:03"", ""u"": ""52.0000"", ""v"": ""0"", ""w"": ""42.6000"", ""nf"": ""程泰機械股份有限公司"", ""y"": ""47.3000"", ""z"": ""-"", ""ts"": ""1""}",37730234383,11530906396,mis-probe-37730234383,1b4caf9efcbb0575771726b356751f177bba37439179cb14bfc9b8a9bc9a88e0,2026-10-08,2026-10-08T13:35:00+08:00,UNCALCULABLE_EVIDENCE_V1,d8fcacd07b965f537a310485ddfbdfef96f5df25,live/replay implementation base; diagnostic file hash identifies this uncommitted report generator,be28204cf9fc4a1a9edb20ce07b6838c503e385bafa0237a6a1b04ee9857f28a,2dd62b249a181d7045c957f0c33501cc574723cd,37742790398,2026-10-08T15:20:18.859+08:00,2026-10-08T17:27:03.597+08:00
1583,程泰,TWSE,tse,close_reference_A,2026-10-08T13:32:30.000+08:00,2026-10-08T13:32:36.970+08:00,2026-10-08T13:32:40.193+08:00,13:32:39,20261008,MISSING,13:30:00,47.3000,1,20,13:30:00,47.3000,47.3000,1,1,1,20261008,MISSING,47.3000,47.3000,47.3000,200,null,False,True,True,selected_result,0,21,50,c56a4a7459f1b20ceee80462a3c49a43f2caa85b1ec092987f90908eec42bf20,1193.0,FRESH,null,TRADE_NOT_BEFORE_1325,results/close_reference_A_raw.jsonl,21,7773e78e74b315092c990153331b387e1ae50fca1ce700c29aded8a0178df1f6,"{""@"": ""1583.tw"", ""tv"": ""1"", ""ps"": ""1"", ""pid"": ""20.tse.tw|2226710"", ""pz"": ""47.3000"", ""bp"": ""0"", ""m%"": ""000000"", ""^"": ""20261008"", ""key"": ""tse_1583.tw_20261008"", ""a"": ""47.3000_47.3500_47.4000_47.4500_47.5500_"", ""b"": ""46.8000_46.2500_46.1500_46.0500_46.0000_"", ""c"": ""1583"", ""#"": ""20.tse.tw|2228090"", ""d"": ""20261008"", ""%"": ""13:30:00"", ""ch"": ""1583.tw"", ""tlong"": ""1791437400000"", ""f"": ""5_1_2_1_1_"", ""g"": ""1_1_1_1_4_"", ""ip"": ""0"", ""mt"": ""000000"", ""h"": ""47.3000"", ""i"": ""05"", ""it"": ""12"", ""l"": ""47.3000"", ""n"": ""程泰"", ""o"": ""47.3000"", ""p"": ""0"", ""ex"": ""tse"", ""s"": ""1"", ""trade"": {""t"": ""13:30:00"", ""v"": 1, ""z"": ""47.3000"", ""ft"": 20}, ""t"": ""13:30:00"", ""u"": ""52.0000"", ""v"": ""1"", ""w"": ""42.6000"", ""nf"": ""程泰機械股份有限公司"", ""y"": ""47.3000"", ""z"": ""47.3000"", ""ts"": ""0""}",37730234383,11530906396,mis-probe-37730234383,1b4caf9efcbb0575771726b356751f177bba37439179cb14bfc9b8a9bc9a88e0,2026-10-08,2026-10-08T13:35:00+08:00,UNCALCULABLE_EVIDENCE_V1,d8fcacd07b965f537a310485ddfbdfef96f5df25,live/replay implementation base; diagnostic file hash identifies this uncommitted report generator,be28204cf9fc4a1a9edb20ce07b6838c503e385bafa0237a6a1b04ee9857f28a,2dd62b249a181d7045c957f0c33501cc574723cd,37742790398,2026-10-08T15:20:18.859+08:00,2026-10-08T17:27:03.597+08:00
1583,程泰,TWSE,tse,close_reference_B,2026-10-08T13:33:20.000+08:00,2026-10-08T13:33:36.399+08:00,2026-10-08T13:33:39.738+08:00,13:33:38,20261008,MISSING,13:30:00,47.3000,1,20,13:30:00,47.3000,47.3000,1,1,1,20261008,MISSING,47.3000,47.3000,47.3000,200,null,False,True,True,selected_result,0,19,50,09c8fb56075ebcca6877cb22dcd6f002e5a61ce47d88b5bf76ffd758cd5010de,1738.0,FRESH,null,TRADE_NOT_BEFORE_1325,results/close_reference_B_raw.jsonl,19,e95ff48d2068b7d3460e2e8957471ed247aaa14a9e5e2e7e2f56018aa120bb7c,"{""@"": ""1583.tw"", ""tv"": ""1"", ""ps"": ""1"", ""pid"": ""20.tse.tw|2226710"", ""pz"": ""47.3000"", ""bp"": ""0"", ""m%"": ""000000"", ""^"": ""20261008"", ""key"": ""tse_1583.tw_20261008"", ""a"": ""47.3000_47.3500_47.4000_47.4500_47.5500_"", ""b"": ""46.8000_46.2500_46.1500_46.0500_46.0000_"", ""c"": ""1583"", ""#"": ""20.tse.tw|2228090"", ""d"": ""20261008"", ""%"": ""13:30:00"", ""ch"": ""1583.tw"", ""tlong"": ""1791437400000"", ""f"": ""5_1_2_1_1_"", ""g"": ""1_1_1_1_4_"", ""ip"": ""0"", ""mt"": ""000000"", ""h"": ""47.3000"", ""i"": ""05"", ""it"": ""12"", ""l"": ""47.3000"", ""n"": ""程泰"", ""o"": ""47.3000"", ""p"": ""0"", ""ex"": ""tse"", ""s"": ""1"", ""trade"": {""t"": ""13:30:00"", ""v"": 1, ""z"": ""47.3000"", ""ft"": 20}, ""t"": ""13:30:00"", ""u"": ""52.0000"", ""v"": ""1"", ""w"": ""42.6000"", ""nf"": ""程泰機械股份有限公司"", ""y"": ""47.3000"", ""z"": ""47.3000"", ""ts"": ""0""}",37730234383,11530906396,mis-probe-37730234383,1b4caf9efcbb0575771726b356751f177bba37439179cb14bfc9b8a9bc9a88e0,2026-10-08,2026-10-08T13:35:00+08:00,UNCALCULABLE_EVIDENCE_V1,d8fcacd07b965f537a310485ddfbdfef96f5df25,live/replay implementation base; diagnostic file hash identifies this uncommitted report generator,be28204cf9fc4a1a9edb20ce07b6838c503e385bafa0237a6a1b04ee9857f28a,2dd62b249a181d7045c957f0c33501cc574723cd,37742790398,2026-10-08T15:20:18.859+08:00,2026-10-08T17:27:03.597+08:00
1583,程泰,TWSE,tse,close_reference_C,MISSING,MISSING,MISSING,MISSING,MISSING,MISSING,MISSING,MISSING,MISSING,MISSING,MISSING,MISSING,MISSING,MISSING,MISSING,MISSING,MISSING,MISSING,MISSING,MISSING,MISSING,MISSING,NOT_SCHEDULED,MISSING,MISSING,False,coverage_note,MISSING,MISSING,MISSING,MISSING,MISSING,MISSING,MISSING,MISSING,results/close_reference_C_raw.jsonl,MISSING,MISSING,MISSING,37730234383,11530906396,mis-probe-37730234383,1b4caf9efcbb0575771726b356751f177bba37439179cb14bfc9b8a9bc9a88e0,2026-10-08,2026-10-08T13:35:00+08:00,UNCALCULABLE_EVIDENCE_V1,d8fcacd07b965f537a310485ddfbdfef96f5df25,live/replay implementation base; diagnostic file hash identifies this uncommitted report generator,be28204cf9fc4a1a9edb20ce07b6838c503e385bafa0237a6a1b04ee9857f28a,2dd62b249a181d7045c957f0c33501cc574723cd,37742790398,2026-10-08T15:20:18.859+08:00,2026-10-08T17:27:03.597+08:00
1583,程泰,TWSE,tse,per_second_probe,MISSING,MISSING,MISSING,MISSING,MISSING,MISSING,MISSING,MISSING,MISSING,MISSING,MISSING,MISSING,MISSING,MISSING,MISSING,MISSING,MISSING,MISSING,MISSING,MISSING,MISSING,MISSING,NOT_SAMPLED,MISSING,MISSING,False,coverage_note,MISSING,MISSING,MISSING,MISSING,MISSING,MISSING,MISSING,MISSING,results/probe_raw.jsonl,MISSING,MISSING,MISSING,37730234383,11530906396,mis-probe-37730234383,1b4caf9efcbb0575771726b356751f177bba37439179cb14bfc9b8a9bc9a88e0,2026-10-08,2026-10-08T13:35:00+08:00,UNCALCULABLE_EVIDENCE_V1,d8fcacd07b965f537a310485ddfbdfef96f5df25,live/replay implementation base; diagnostic file hash identifies this uncommitted report generator,be28204cf9fc4a1a9edb20ce07b6838c503e385bafa0237a6a1b04ee9857f28a,2dd62b249a181d7045c957f0c33501cc574723cd,37742790398,2026-10-08T15:20:18.859+08:00,2026-10-08T17:27:03.597+08:00
4581,光隆精密-KY,TWSE,tse,preclose,2026-10-08T13:24:50.000+08:00,2026-10-08T13:25:06.127+08:00,2026-10-08T13:25:10.670+08:00,13:25:08,20261008,MISSING,MISSING,MISSING,MISSING,MISSING,12:22:07,-,-,0,-,-,20261008,RR,-,-,-,200,null,False,False,True,selected_result,0,32,50,861c838646e837838ceb1c4eab38040614428ffd19be1056af027b6c2c082836,2670.0,FRESH,no_trade_or_incomplete_identity,NO_NESTED_TRADE_ZERO_REPORTED_VOLUME,results/preclose_raw.jsonl,32,fe07700529501b231d086a732cc5f5a1c30aff804bf43addee6fb6463e919cab,"{""@"": ""4581.tw"", ""tv"": ""-"", ""ps"": ""-"", ""pid"": ""20.tse.tw|2128266"", ""pz"": ""-"", ""bp"": ""0"", ""m%"": ""979738"", ""^"": ""20261008"", ""key"": ""tse_4581.tw_20261008"", ""a"": ""48.0500_48.1000_48.2000_48.3000_48.4000_"", ""b"": ""47.6500_47.6000_47.5000_47.4500_47.4000_"", ""c"": ""4581"", ""#"": ""20.tse.tw|2132350"", ""d"": ""20261008"", ""%"": ""12:22:07"", ""ch"": ""4581.tw"", ""tlong"": ""1791433327000"", ""io"": ""RR"", ""f"": ""1_13_2_2_2_"", ""g"": ""1_1_2_1_1_"", ""ip"": ""0"", ""mt"": ""979738"", ""h"": ""-"", ""i"": ""12"", ""it"": ""12"", ""l"": ""-"", ""n"": ""光隆精密-KY"", ""o"": ""-"", ""p"": ""0"", ""ex"": ""tse"", ""s"": ""-"", ""t"": ""12:22:07"", ""u"": ""52.9000"", ""v"": ""0"", ""w"": ""43.3000"", ""nf"": ""英屬開曼群島光隆精密股份有限公司"", ""y"": ""48.1000"", ""z"": ""-"", ""ts"": ""0""}",37730234383,11530906396,mis-probe-37730234383,1b4caf9efcbb0575771726b356751f177bba37439179cb14bfc9b8a9bc9a88e0,2026-10-08,2026-10-08T13:35:00+08:00,UNCALCULABLE_EVIDENCE_V1,d8fcacd07b965f537a310485ddfbdfef96f5df25,live/replay implementation base; diagnostic file hash identifies this uncommitted report generator,be28204cf9fc4a1a9edb20ce07b6838c503e385bafa0237a6a1b04ee9857f28a,2dd62b249a181d7045c957f0c33501cc574723cd,37742790398,2026-10-08T15:20:18.859+08:00,2026-10-08T17:27:03.597+08:00
4581,光隆精密-KY,TWSE,tse,pre_reference_A,2026-10-08T13:27:00.000+08:00,2026-10-08T13:27:19.522+08:00,2026-10-08T13:27:21.708+08:00,13:27:20,20261008,MISSING,MISSING,MISSING,MISSING,MISSING,13:25:23,-,-,0,-,-,20261008,RR,-,-,-,200,null,False,False,True,selected_result,0,32,50,861c838646e837838ceb1c4eab38040614428ffd19be1056af027b6c2c082836,1708.0,FRESH,no_trade_or_incomplete_identity,NO_NESTED_TRADE_ZERO_REPORTED_VOLUME,results/pre_reference_A_raw.jsonl,32,d6f391e8a20c949542c7cadc589b7e3246d018990f5c461ed5371787e2aca53a,"{""@"": ""4581.tw"", ""tv"": ""-"", ""ps"": ""-"", ""pid"": ""20.tse.tw|2160040"", ""pz"": ""-"", ""bp"": ""0"", ""m%"": ""909386"", ""^"": ""20261008"", ""key"": ""tse_4581.tw_20261008"", ""a"": ""48.0500_48.1000_48.2000_48.3000_48.4000_"", ""b"": ""47.6000_47.5000_47.4500_47.4000_47.3500_"", ""c"": ""4581"", ""#"": ""20.tse.tw|2168255"", ""d"": ""20261008"", ""%"": ""13:25:23"", ""ch"": ""4581.tw"", ""tlong"": ""1791437123000"", ""io"": ""RR"", ""f"": ""1_13_2_2_2_"", ""g"": ""1_2_1_1_1_"", ""ip"": ""0"", ""mt"": ""909386"", ""h"": ""-"", ""i"": ""12"", ""it"": ""12"", ""l"": ""-"", ""n"": ""光隆精密-KY"", ""o"": ""-"", ""p"": ""0"", ""ex"": ""tse"", ""s"": ""-"", ""t"": ""13:25:23"", ""u"": ""52.9000"", ""v"": ""0"", ""w"": ""43.3000"", ""nf"": ""英屬開曼群島光隆精密股份有限公司"", ""y"": ""48.1000"", ""z"": ""-"", ""ts"": ""1""}",37730234383,11530906396,mis-probe-37730234383,1b4caf9efcbb0575771726b356751f177bba37439179cb14bfc9b8a9bc9a88e0,2026-10-08,2026-10-08T13:35:00+08:00,UNCALCULABLE_EVIDENCE_V1,d8fcacd07b965f537a310485ddfbdfef96f5df25,live/replay implementation base; diagnostic file hash identifies this uncommitted report generator,be28204cf9fc4a1a9edb20ce07b6838c503e385bafa0237a6a1b04ee9857f28a,2dd62b249a181d7045c957f0c33501cc574723cd,37742790398,2026-10-08T15:20:18.859+08:00,2026-10-08T17:27:03.597+08:00
4581,光隆精密-KY,TWSE,tse,pre_reference_B,2026-10-08T13:28:15.000+08:00,2026-10-08T13:28:39.862+08:00,2026-10-08T13:28:42.231+08:00,13:28:41,20261008,MISSING,MISSING,MISSING,MISSING,MISSING,13:25:23,-,-,0,-,-,20261008,RR,-,-,-,200,null,False,False,True,selected_result,0,32,50,861c838646e837838ceb1c4eab38040614428ffd19be1056af027b6c2c082836,1231.0,FRESH,no_trade_or_incomplete_identity,NO_NESTED_TRADE_ZERO_REPORTED_VOLUME,results/pre_reference_B_raw.jsonl,32,fe0584c39ca8273883cb00131ecff7aca29813d0f798d0ee79216158b330521e,"{""@"": ""4581.tw"", ""tv"": ""-"", ""ps"": ""-"", ""pid"": ""20.tse.tw|2182799"", ""pz"": ""-"", ""bp"": ""0"", ""m%"": ""909386"", ""^"": ""20261008"", ""key"": ""tse_4581.tw_20261008"", ""a"": ""48.0500_48.1000_48.2000_48.3000_48.4000_"", ""b"": ""47.6000_47.5000_47.4500_47.4000_47.3500_"", ""c"": ""4581"", ""#"": ""20.tse.tw|2189921"", ""d"": ""20261008"", ""%"": ""13:25:23"", ""ch"": ""4581.tw"", ""tlong"": ""1791437123000"", ""io"": ""RR"", ""f"": ""1_13_2_2_2_"", ""g"": ""1_2_1_1_1_"", ""ip"": ""0"", ""mt"": ""909386"", ""h"": ""-"", ""i"": ""12"", ""it"": ""12"", ""l"": ""-"", ""n"": ""光隆精密-KY"", ""o"": ""-"", ""p"": ""0"", ""ex"": ""tse"", ""s"": ""-"", ""t"": ""13:25:23"", ""u"": ""52.9000"", ""v"": ""0"", ""w"": ""43.3000"", ""nf"": ""英屬開曼群島光隆精密股份有限公司"", ""y"": ""48.1000"", ""z"": ""-"", ""ts"": ""1""}",37730234383,11530906396,mis-probe-37730234383,1b4caf9efcbb0575771726b356751f177bba37439179cb14bfc9b8a9bc9a88e0,2026-10-08,2026-10-08T13:35:00+08:00,UNCALCULABLE_EVIDENCE_V1,d8fcacd07b965f537a310485ddfbdfef96f5df25,live/replay implementation base; diagnostic file hash identifies this uncommitted report generator,be28204cf9fc4a1a9edb20ce07b6838c503e385bafa0237a6a1b04ee9857f28a,2dd62b249a181d7045c957f0c33501cc574723cd,37742790398,2026-10-08T15:20:18.859+08:00,2026-10-08T17:27:03.597+08:00
4581,光隆精密-KY,TWSE,tse,pre_targeted_retry,2026-10-08T13:28:48.457+08:00,2026-10-08T13:28:48.459+08:00,2026-10-08T13:28:50.437+08:00,13:28:49,20261008,MISSING,MISSING,MISSING,MISSING,MISSING,13:25:23,-,-,0,-,-,20261008,RR,-,-,-,200,null,False,False,True,selected_result,0,3,39,fcf0d3c316124e6be0f20b6125219739e6f1c2cb9ffa834badf2bb99872a8b08,1437.0,FRESH,no_trade_or_incomplete_identity,NO_NESTED_TRADE_ZERO_REPORTED_VOLUME,results/pre_targeted_retry_raw.jsonl,3,d0c2509fcbc842a18f80fe6ff68c1637f7fa5ac9e78c527b23152de701b62e32,"{""@"": ""4581.tw"", ""tv"": ""-"", ""ps"": ""-"", ""pid"": ""20.tse.tw|2189921"", ""pz"": ""-"", ""bp"": ""0"", ""m%"": ""909386"", ""^"": ""20261008"", ""key"": ""tse_4581.tw_20261008"", ""a"": ""48.0500_48.1000_48.2000_48.3000_48.4000_"", ""b"": ""47.6000_47.5000_47.4500_47.4000_47.3500_"", ""c"": ""4581"", ""#"": ""20.tse.tw|2198207"", ""d"": ""20261008"", ""%"": ""13:25:23"", ""ch"": ""4581.tw"", ""tlong"": ""1791437123000"", ""io"": ""RR"", ""f"": ""1_13_2_2_2_"", ""g"": ""1_2_1_1_1_"", ""ip"": ""0"", ""mt"": ""909386"", ""h"": ""-"", ""i"": ""12"", ""it"": ""12"", ""l"": ""-"", ""n"": ""光隆精密-KY"", ""o"": ""-"", ""p"": ""0"", ""ex"": ""tse"", ""s"": ""-"", ""t"": ""13:25:23"", ""u"": ""52.9000"", ""v"": ""0"", ""w"": ""43.3000"", ""nf"": ""英屬開曼群島光隆精密股份有限公司"", ""y"": ""48.1000"", ""z"": ""-"", ""ts"": ""1""}",37730234383,11530906396,mis-probe-37730234383,1b4caf9efcbb0575771726b356751f177bba37439179cb14bfc9b8a9bc9a88e0,2026-10-08,2026-10-08T13:35:00+08:00,UNCALCULABLE_EVIDENCE_V1,d8fcacd07b965f537a310485ddfbdfef96f5df25,live/replay implementation base; diagnostic file hash identifies this uncommitted report generator,be28204cf9fc4a1a9edb20ce07b6838c503e385bafa0237a6a1b04ee9857f28a,2dd62b249a181d7045c957f0c33501cc574723cd,37742790398,2026-10-08T15:20:18.859+08:00,2026-10-08T17:27:03.597+08:00
4581,光隆精密-KY,TWSE,tse,pre_targeted_retry,2026-10-08T13:28:57.201+08:00,2026-10-08T13:28:57.201+08:00,2026-10-08T13:28:58.004+08:00,MISSING,MISSING,MISSING,MISSING,MISSING,MISSING,MISSING,MISSING,MISSING,MISSING,MISSING,MISSING,MISSING,MISSING,MISSING,MISSING,MISSING,MISSING,null,RESPONSE_AFTER_CAPTURE_DEADLINE:URLError:<urlopen error timed out>,True,False,True,HTTP_attempt,0,1,25,248ef639ea777795f75262d307ea71aa2ea127a7cbb84226f95511e1565f3950,null,NOT_FRESH_OR_UNAVAILABLE,RESPONSE_AFTER_CAPTURE_DEADLINE:URLError:<urlopen error timed out>,NO_RESPONSE_ITEM,results/pre_targeted_retry_raw.jsonl,4,5f26b410f8b93db9844cc880f137cf9653c7a33ef31353cec3dd6d7ac17220b2,MISSING,37730234383,11530906396,mis-probe-37730234383,1b4caf9efcbb0575771726b356751f177bba37439179cb14bfc9b8a9bc9a88e0,2026-10-08,2026-10-08T13:35:00+08:00,UNCALCULABLE_EVIDENCE_V1,d8fcacd07b965f537a310485ddfbdfef96f5df25,live/replay implementation base; diagnostic file hash identifies this uncommitted report generator,be28204cf9fc4a1a9edb20ce07b6838c503e385bafa0237a6a1b04ee9857f28a,2dd62b249a181d7045c957f0c33501cc574723cd,37742790398,2026-10-08T15:20:18.859+08:00,2026-10-08T17:27:03.597+08:00
4581,光隆精密-KY,TWSE,tse,pre_targeted_retry,2026-10-08T13:28:57.201+08:00,2026-10-08T13:28:58.505+08:00,2026-10-08T13:28:58.505+08:00,MISSING,MISSING,MISSING,MISSING,MISSING,MISSING,MISSING,MISSING,MISSING,MISSING,MISSING,MISSING,MISSING,MISSING,MISSING,MISSING,MISSING,MISSING,null,CAPTURE_DEADLINE_NO_REQUEST,True,False,False,selected_result,null,1,25,248ef639ea777795f75262d307ea71aa2ea127a7cbb84226f95511e1565f3950,null,NOT_FRESH_OR_UNAVAILABLE,CAPTURE_DEADLINE_NO_REQUEST,NO_RESPONSE_ITEM,results/pre_targeted_retry_raw.jsonl,4,5f26b410f8b93db9844cc880f137cf9653c7a33ef31353cec3dd6d7ac17220b2,MISSING,37730234383,11530906396,mis-probe-37730234383,1b4caf9efcbb0575771726b356751f177bba37439179cb14bfc9b8a9bc9a88e0,2026-10-08,2026-10-08T13:35:00+08:00,UNCALCULABLE_EVIDENCE_V1,d8fcacd07b965f537a310485ddfbdfef96f5df25,live/replay implementation base; diagnostic file hash identifies this uncommitted report generator,be28204cf9fc4a1a9edb20ce07b6838c503e385bafa0237a6a1b04ee9857f28a,2dd62b249a181d7045c957f0c33501cc574723cd,37742790398,2026-10-08T15:20:18.859+08:00,2026-10-08T17:27:03.597+08:00
4581,光隆精密-KY,TWSE,tse,pre_reference_C,2026-10-08T13:29:00.000+08:00,2026-10-08T13:29:20.114+08:00,2026-10-08T13:29:22.105+08:00,13:28:41,20261008,40618,MISSING,MISSING,MISSING,MISSING,13:25:23,-,-,0,-,-,20261008,RR,-,-,-,200,null,False,False,True,selected_result,0,32,50,861c838646e837838ceb1c4eab38040614428ffd19be1056af027b6c2c082836,41105.0,NOT_FRESH_OR_UNAVAILABLE,stale_cache,NO_NESTED_TRADE_ZERO_REPORTED_VOLUME,results/pre_reference_C_raw.jsonl,32,332700caae26eedf0d104a678af72258e1250516a9f9370c37c3388f4a5266e5,"{""@"": ""4581.tw"", ""tv"": ""-"", ""ps"": ""-"", ""pid"": ""20.tse.tw|2182799"", ""pz"": ""-"", ""bp"": ""0"", ""m%"": ""909386"", ""^"": ""20261008"", ""key"": ""tse_4581.tw_20261008"", ""a"": ""48.0500_48.1000_48.2000_48.3000_48.4000_"", ""b"": ""47.6000_47.5000_47.4500_47.4000_47.3500_"", ""c"": ""4581"", ""#"": ""20.tse.tw|2189921"", ""d"": ""20261008"", ""%"": ""13:25:23"", ""ch"": ""4581.tw"", ""tlong"": ""1791437123000"", ""io"": ""RR"", ""f"": ""1_13_2_2_2_"", ""g"": ""1_2_1_1_1_"", ""ip"": ""0"", ""mt"": ""909386"", ""h"": ""-"", ""i"": ""12"", ""it"": ""12"", ""l"": ""-"", ""n"": ""光隆精密-KY"", ""o"": ""-"", ""p"": ""0"", ""ex"": ""tse"", ""s"": ""-"", ""t"": ""13:25:23"", ""u"": ""52.9000"", ""v"": ""0"", ""w"": ""43.3000"", ""nf"": ""英屬開曼群島光隆精密股份有限公司"", ""y"": ""48.1000"", ""z"": ""-"", ""ts"": ""1""}",37730234383,11530906396,mis-probe-37730234383,1b4caf9efcbb0575771726b356751f177bba37439179cb14bfc9b8a9bc9a88e0,2026-10-08,2026-10-08T13:35:00+08:00,UNCALCULABLE_EVIDENCE_V1,d8fcacd07b965f537a310485ddfbdfef96f5df25,live/replay implementation base; diagnostic file hash identifies this uncommitted report generator,be28204cf9fc4a1a9edb20ce07b6838c503e385bafa0237a6a1b04ee9857f28a,2dd62b249a181d7045c957f0c33501cc574723cd,37742790398,2026-10-08T15:20:18.859+08:00,2026-10-08T17:27:03.597+08:00
4581,光隆精密-KY,TWSE,tse,pre_targeted_retry,2026-10-08T13:29:25.164+08:00,2026-10-08T13:29:25.164+08:00,2026-10-08T13:29:26.413+08:00,13:29:26,20261008,MISSING,MISSING,MISSING,MISSING,MISSING,13:25:23,-,-,0,-,-,20261008,RR,-,-,-,200,null,False,False,True,selected_result,0,1,25,248ef639ea777795f75262d307ea71aa2ea127a7cbb84226f95511e1565f3950,413.0,FRESH,no_trade_or_incomplete_identity,NO_NESTED_TRADE_ZERO_REPORTED_VOLUME,results/pre_targeted_retry_raw.jsonl,5,0c1134bcaf38056edad5878f09621ec4ba8e54998c4e4f98959e48041108ccfd,"{""@"": ""4581.tw"", ""tv"": ""-"", ""ps"": ""-"", ""pid"": ""20.tse.tw|2189921"", ""pz"": ""-"", ""bp"": ""0"", ""m%"": ""909386"", ""^"": ""20261008"", ""key"": ""tse_4581.tw_20261008"", ""a"": ""48.0500_48.1000_48.2000_48.3000_48.4000_"", ""b"": ""47.6000_47.5000_47.4500_47.4000_47.3500_"", ""c"": ""4581"", ""#"": ""20.tse.tw|2198207"", ""d"": ""20261008"", ""%"": ""13:25:23"", ""ch"": ""4581.tw"", ""tlong"": ""1791437123000"", ""io"": ""RR"", ""f"": ""1_13_2_2_2_"", ""g"": ""1_2_1_1_1_"", ""ip"": ""0"", ""mt"": ""909386"", ""h"": ""-"", ""i"": ""12"", ""it"": ""12"", ""l"": ""-"", ""n"": ""光隆精密-KY"", ""o"": ""-"", ""p"": ""0"", ""ex"": ""tse"", ""s"": ""-"", ""t"": ""13:25:23"", ""u"": ""52.9000"", ""v"": ""0"", ""w"": ""43.3000"", ""nf"": ""英屬開曼群島光隆精密股份有限公司"", ""y"": ""48.1000"", ""z"": ""-"", ""ts"": ""1""}",37730234383,11530906396,mis-probe-37730234383,1b4caf9efcbb0575771726b356751f177bba37439179cb14bfc9b8a9bc9a88e0,2026-10-08,2026-10-08T13:35:00+08:00,UNCALCULABLE_EVIDENCE_V1,d8fcacd07b965f537a310485ddfbdfef96f5df25,live/replay implementation base; diagnostic file hash identifies this uncommitted report generator,be28204cf9fc4a1a9edb20ce07b6838c503e385bafa0237a6a1b04ee9857f28a,2dd62b249a181d7045c957f0c33501cc574723cd,37742790398,2026-10-08T15:20:18.859+08:00,2026-10-08T17:27:03.597+08:00
4581,光隆精密-KY,TWSE,tse,close_reference_A,2026-10-08T13:32:30.000+08:00,2026-10-08T13:32:41.492+08:00,2026-10-08T13:32:42.637+08:00,13:32:42,20261008,MISSING,MISSING,MISSING,MISSING,MISSING,13:30:00,-,-,0,-,-,20261008,RR,-,-,-,200,null,False,False,True,selected_result,0,32,50,861c838646e837838ceb1c4eab38040614428ffd19be1056af027b6c2c082836,637.0,FRESH,no_trade_or_incomplete_identity,NO_NESTED_TRADE_ZERO_REPORTED_VOLUME,results/close_reference_A_raw.jsonl,32,c7894231400ffd5f40d9e872225d63aa3a09c02a56d2d6673a73e0a6acdd1272,"{""@"": ""4581.tw"", ""tv"": ""-"", ""ps"": ""-"", ""pid"": ""20.tse.tw|2224672"", ""pz"": ""-"", ""bp"": ""0"", ""m%"": ""000000"", ""^"": ""20261008"", ""key"": ""tse_4581.tw_20261008"", ""a"": ""48.0500_48.1000_48.2000_48.3000_48.4000_"", ""b"": ""47.6000_47.5000_47.4500_47.4000_47.3500_"", ""c"": ""4581"", ""#"": ""20.tse.tw|2227072"", ""d"": ""20261008"", ""%"": ""13:30:00"", ""ch"": ""4581.tw"", ""tlong"": ""1791437400000"", ""io"": ""RR"", ""f"": ""1_13_2_2_2_"", ""g"": ""1_2_1_1_1_"", ""ip"": ""0"", ""mt"": ""000000"", ""h"": ""-"", ""i"": ""12"", ""it"": ""12"", ""l"": ""-"", ""n"": ""光隆精密-KY"", ""o"": ""-"", ""p"": ""0"", ""ex"": ""tse"", ""s"": ""-"", ""t"": ""13:30:00"", ""u"": ""52.9000"", ""v"": ""0"", ""w"": ""43.3000"", ""nf"": ""英屬開曼群島光隆精密股份有限公司"", ""y"": ""48.1000"", ""z"": ""-"", ""ts"": ""0""}",37730234383,11530906396,mis-probe-37730234383,1b4caf9efcbb0575771726b356751f177bba37439179cb14bfc9b8a9bc9a88e0,2026-10-08,2026-10-08T13:35:00+08:00,UNCALCULABLE_EVIDENCE_V1,d8fcacd07b965f537a310485ddfbdfef96f5df25,live/replay implementation base; diagnostic file hash identifies this uncommitted report generator,be28204cf9fc4a1a9edb20ce07b6838c503e385bafa0237a6a1b04ee9857f28a,2dd62b249a181d7045c957f0c33501cc574723cd,37742790398,2026-10-08T15:20:18.859+08:00,2026-10-08T17:27:03.597+08:00
4581,光隆精密-KY,TWSE,tse,close_reference_B,2026-10-08T13:33:20.000+08:00,2026-10-08T13:33:24.037+08:00,2026-10-08T13:33:33.367+08:00,13:33:27,20261008,MISSING,MISSING,MISSING,MISSING,MISSING,13:30:00,-,-,0,-,-,20261008,RR,-,-,-,200,null,False,False,True,selected_result,0,8,50,6f021299a55ed6ffe7da9bbd04af2454f2ff7688f07380fcb9818a313ab94eb7,6367.0,FRESH,no_trade_or_incomplete_identity,NO_NESTED_TRADE_ZERO_REPORTED_VOLUME,results/close_reference_B_raw.jsonl,8,556c5e9914b93beda9f059736009d6fb4fa946afdcce609df19687fdea93c555,"{""@"": ""4581.tw"", ""tv"": ""-"", ""ps"": ""-"", ""pid"": ""20.tse.tw|2224672"", ""pz"": ""-"", ""bp"": ""0"", ""m%"": ""000000"", ""^"": ""20261008"", ""key"": ""tse_4581.tw_20261008"", ""a"": ""48.0500_48.1000_48.2000_48.3000_48.4000_"", ""b"": ""47.6000_47.5000_47.4500_47.4000_47.3500_"", ""c"": ""4581"", ""#"": ""20.tse.tw|2227072"", ""d"": ""20261008"", ""%"": ""13:30:00"", ""ch"": ""4581.tw"", ""tlong"": ""1791437400000"", ""io"": ""RR"", ""f"": ""1_13_2_2_2_"", ""g"": ""1_2_1_1_1_"", ""ip"": ""0"", ""mt"": ""000000"", ""h"": ""-"", ""i"": ""12"", ""it"": ""12"", ""l"": ""-"", ""n"": ""光隆精密-KY"", ""o"": ""-"", ""p"": ""0"", ""ex"": ""tse"", ""s"": ""-"", ""t"": ""13:30:00"", ""u"": ""52.9000"", ""v"": ""0"", ""w"": ""43.3000"", ""nf"": ""英屬開曼群島光隆精密股份有限公司"", ""y"": ""48.1000"", ""z"": ""-"", ""ts"": ""0""}",37730234383,11530906396,mis-probe-37730234383,1b4caf9efcbb0575771726b356751f177bba37439179cb14bfc9b8a9bc9a88e0,2026-10-08,2026-10-08T13:35:00+08:00,UNCALCULABLE_EVIDENCE_V1,d8fcacd07b965f537a310485ddfbdfef96f5df25,live/replay implementation base; diagnostic file hash identifies this uncommitted report generator,be28204cf9fc4a1a9edb20ce07b6838c503e385bafa0237a6a1b04ee9857f28a,2dd62b249a181d7045c957f0c33501cc574723cd,37742790398,2026-10-08T15:20:18.859+08:00,2026-10-08T17:27:03.597+08:00
4581,光隆精密-KY,TWSE,tse,close_reference_C,2026-10-08T13:34:10.000+08:00,2026-10-08T13:34:10.000+08:00,2026-10-08T13:34:10.842+08:00,13:34:10,20261008,MISSING,MISSING,MISSING,MISSING,MISSING,13:30:00,-,-,0,-,-,20261008,RR,-,-,-,200,null,False,False,True,selected_result,0,1,29,6550d2287e85a4df0a8ec64d1c160e0dc59f57f02c6945a778432e2a5dbcb5cc,842.0,FRESH,no_trade_or_incomplete_identity,NO_NESTED_TRADE_ZERO_REPORTED_VOLUME,results/close_reference_C_raw.jsonl,1,776473020c3a315a7830eb9cd7529a970b86db8333a6313c2949d48c5d1d97ce,"{""@"": ""4581.tw"", ""tv"": ""-"", ""ps"": ""-"", ""pid"": ""20.tse.tw|2224672"", ""pz"": ""-"", ""bp"": ""0"", ""m%"": ""000000"", ""^"": ""20261008"", ""key"": ""tse_4581.tw_20261008"", ""a"": ""48.0500_48.1000_48.2000_48.3000_48.4000_"", ""b"": ""47.6000_47.5000_47.4500_47.4000_47.3500_"", ""c"": ""4581"", ""#"": ""20.tse.tw|2227072"", ""d"": ""20261008"", ""%"": ""13:30:00"", ""ch"": ""4581.tw"", ""tlong"": ""1791437400000"", ""io"": ""RR"", ""f"": ""1_13_2_2_2_"", ""g"": ""1_2_1_1_1_"", ""ip"": ""0"", ""mt"": ""000000"", ""h"": ""-"", ""i"": ""12"", ""it"": ""12"", ""l"": ""-"", ""n"": ""光隆精密-KY"", ""o"": ""-"", ""p"": ""0"", ""ex"": ""tse"", ""s"": ""-"", ""t"": ""13:30:00"", ""u"": ""52.9000"", ""v"": ""0"", ""w"": ""43.3000"", ""nf"": ""英屬開曼群島光隆精密股份有限公司"", ""y"": ""48.1000"", ""z"": ""-"", ""ts"": ""0""}",37730234383,11530906396,mis-probe-37730234383,1b4caf9efcbb0575771726b356751f177bba37439179cb14bfc9b8a9bc9a88e0,2026-10-08,2026-10-08T13:35:00+08:00,UNCALCULABLE_EVIDENCE_V1,d8fcacd07b965f537a310485ddfbdfef96f5df25,live/replay implementation base; diagnostic file hash identifies this uncommitted report generator,be28204cf9fc4a1a9edb20ce07b6838c503e385bafa0237a6a1b04ee9857f28a,2dd62b249a181d7045c957f0c33501cc574723cd,37742790398,2026-10-08T15:20:18.859+08:00,2026-10-08T17:27:03.597+08:00
4581,光隆精密-KY,TWSE,tse,per_second_probe,MISSING,MISSING,MISSING,MISSING,MISSING,MISSING,MISSING,MISSING,MISSING,MISSING,MISSING,MISSING,MISSING,MISSING,MISSING,MISSING,MISSING,MISSING,MISSING,MISSING,MISSING,MISSING,NOT_SAMPLED,MISSING,MISSING,False,coverage_note,MISSING,MISSING,MISSING,MISSING,MISSING,MISSING,MISSING,MISSING,results/probe_raw.jsonl,MISSING,MISSING,MISSING,37730234383,11530906396,mis-probe-37730234383,1b4caf9efcbb0575771726b356751f177bba37439179cb14bfc9b8a9bc9a88e0,2026-10-08,2026-10-08T13:35:00+08:00,UNCALCULABLE_EVIDENCE_V1,d8fcacd07b965f537a310485ddfbdfef96f5df25,live/replay implementation base; diagnostic file hash identifies this uncommitted report generator,be28204cf9fc4a1a9edb20ce07b6838c503e385bafa0237a6a1b04ee9857f28a,2dd62b249a181d7045c957f0c33501cc574723cd,37742790398,2026-10-08T15:20:18.859+08:00,2026-10-08T17:27:03.597+08:00
5906,台南-KY,TWSE,tse,preclose,2026-10-08T13:24:50.000+08:00,2026-10-08T13:25:06.430+08:00,2026-10-08T13:25:08.463+08:00,13:25:07,20261008,MISSING,MISSING,MISSING,MISSING,MISSING,13:22:13,-,-,0,-,-,20261008,RR,-,-,-,200,null,False,False,True,selected_result,0,34,50,dcb2e2a5af79156435630f8a1e7e8e9678c4f8f37320500f6f7a6e194d1c16b4,1463.0,FRESH,no_trade_or_incomplete_identity,NO_NESTED_TRADE_ZERO_REPORTED_VOLUME,results/preclose_raw.jsonl,34,384f5d580e1dc962a5f2c6790880a92ed1769baf8a550bf71cb01c755fb2ace6,"{""@"": ""5906.tw"", ""tv"": ""-"", ""ps"": ""-"", ""pid"": ""20.tse.tw|2128998"", ""pz"": ""-"", ""bp"": ""0"", ""m%"": ""726164"", ""^"": ""20261008"", ""key"": ""tse_5906.tw_20261008"", ""a"": ""40.2000_41.0000_"", ""b"": ""37.0000_34.4000_34.3000_34.2000_"", ""c"": ""5906"", ""#"": ""20.tse.tw|2133038"", ""d"": ""20261008"", ""%"": ""13:22:13"", ""ch"": ""5906.tw"", ""tlong"": ""1791436933000"", ""io"": ""RR"", ""f"": ""1_1_"", ""g"": ""2_5_2_1_"", ""ip"": ""0"", ""mt"": ""726164"", ""h"": ""-"", ""i"": ""18"", ""it"": ""12"", ""l"": ""-"", ""n"": ""台南-KY"", ""o"": ""-"", ""p"": ""0"", ""ex"": ""tse"", ""s"": ""-"", ""t"": ""13:22:13"", ""u"": ""41.8000"", ""v"": ""0"", ""w"": ""34.2000"", ""nf"": ""台南生活(開曼)股份有限公司"", ""y"": ""38.0000"", ""z"": ""-"", ""ts"": ""0""}",37730234383,11530906396,mis-probe-37730234383,1b4caf9efcbb0575771726b356751f177bba37439179cb14bfc9b8a9bc9a88e0,2026-10-08,2026-10-08T13:35:00+08:00,UNCALCULABLE_EVIDENCE_V1,d8fcacd07b965f537a310485ddfbdfef96f5df25,live/replay implementation base; diagnostic file hash identifies this uncommitted report generator,be28204cf9fc4a1a9edb20ce07b6838c503e385bafa0237a6a1b04ee9857f28a,2dd62b249a181d7045c957f0c33501cc574723cd,37742790398,2026-10-08T15:20:18.859+08:00,2026-10-08T17:27:03.597+08:00
5906,台南-KY,TWSE,tse,pre_reference_A,2026-10-08T13:27:00.000+08:00,2026-10-08T13:27:21.691+08:00,2026-10-08T13:27:24.254+08:00,13:27:23,20261008,MISSING,MISSING,MISSING,MISSING,MISSING,13:25:17,-,-,0,-,-,20261008,RR,-,-,-,200,null,False,False,True,selected_result,0,34,50,dcb2e2a5af79156435630f8a1e7e8e9678c4f8f37320500f6f7a6e194d1c16b4,1254.0,FRESH,no_trade_or_incomplete_identity,NO_NESTED_TRADE_ZERO_REPORTED_VOLUME,results/pre_reference_A_raw.jsonl,34,7d44fca5f19d04da6769e0fe9fdcb3bc293cde18cabc79441b249e302865eec4,"{""@"": ""5906.tw"", ""tv"": ""-"", ""ps"": ""-"", ""pid"": ""20.tse.tw|2167048"", ""pz"": ""-"", ""bp"": ""0"", ""m%"": ""979864"", ""^"": ""20261008"", ""key"": ""tse_5906.tw_20261008"", ""a"": ""40.2000_41.0000_"", ""b"": ""37.0000_34.4000_34.3000_34.2000_"", ""c"": ""5906"", ""#"": ""20.tse.tw|2174391"", ""d"": ""20261008"", ""%"": ""13:25:17"", ""ch"": ""5906.tw"", ""tlong"": ""1791437117000"", ""io"": ""RR"", ""f"": ""1_1_"", ""g"": ""2_5_2_1_"", ""ip"": ""0"", ""mt"": ""979864"", ""h"": ""-"", ""i"": ""18"", ""it"": ""12"", ""l"": ""-"", ""n"": ""台南-KY"", ""o"": ""-"", ""p"": ""0"", ""ex"": ""tse"", ""s"": ""-"", ""t"": ""13:25:17"", ""u"": ""41.8000"", ""v"": ""0"", ""w"": ""34.2000"", ""nf"": ""台南生活(開曼)股份有限公司"", ""y"": ""38.0000"", ""z"": ""-"", ""ts"": ""1""}",37730234383,11530906396,mis-probe-37730234383,1b4caf9efcbb0575771726b356751f177bba37439179cb14bfc9b8a9bc9a88e0,2026-10-08,2026-10-08T13:35:00+08:00,UNCALCULABLE_EVIDENCE_V1,d8fcacd07b965f537a310485ddfbdfef96f5df25,live/replay implementation base; diagnostic file hash identifies this uncommitted report generator,be28204cf9fc4a1a9edb20ce07b6838c503e385bafa0237a6a1b04ee9857f28a,2dd62b249a181d7045c957f0c33501cc574723cd,37742790398,2026-10-08T15:20:18.859+08:00,2026-10-08T17:27:03.597+08:00
5906,台南-KY,TWSE,tse,pre_reference_B,2026-10-08T13:28:15.000+08:00,2026-10-08T13:28:40.515+08:00,2026-10-08T13:28:44.235+08:00,13:28:41,20261008,MISSING,MISSING,MISSING,MISSING,MISSING,13:27:08,-,-,0,-,-,20261008,RR,-,-,-,200,null,False,False,True,selected_result,0,34,50,dcb2e2a5af79156435630f8a1e7e8e9678c4f8f37320500f6f7a6e194d1c16b4,3235.0,FRESH,no_trade_or_incomplete_identity,NO_NESTED_TRADE_ZERO_REPORTED_VOLUME,results/pre_reference_B_raw.jsonl,34,c69001e8699b5f432fa08c64bd7999cdb290e038b49d56a3361427d8dcfd43d7,"{""@"": ""5906.tw"", ""tv"": ""-"", ""ps"": ""-"", ""pid"": ""20.tse.tw|2179243"", ""pz"": ""-"", ""bp"": ""0"", ""m%"": ""345719"", ""^"": ""20261008"", ""key"": ""tse_5906.tw_20261008"", ""a"": ""40.2000_41.0000_"", ""b"": ""37.0000_34.4000_34.3000_34.2000_"", ""c"": ""5906"", ""#"": ""20.tse.tw|2186545"", ""d"": ""20261008"", ""%"": ""13:27:08"", ""ch"": ""5906.tw"", ""tlong"": ""1791437228000"", ""io"": ""RR"", ""f"": ""1_1_"", ""g"": ""2_2_2_1_"", ""ip"": ""0"", ""mt"": ""345719"", ""h"": ""-"", ""i"": ""18"", ""it"": ""12"", ""l"": ""-"", ""n"": ""台南-KY"", ""o"": ""-"", ""p"": ""0"", ""ex"": ""tse"", ""s"": ""-"", ""t"": ""13:27:08"", ""u"": ""41.8000"", ""v"": ""0"", ""w"": ""34.2000"", ""nf"": ""台南生活(開曼)股份有限公司"", ""y"": ""38.0000"", ""z"": ""-"", ""ts"": ""1""}",37730234383,11530906396,mis-probe-37730234383,1b4caf9efcbb0575771726b356751f177bba37439179cb14bfc9b8a9bc9a88e0,2026-10-08,2026-10-08T13:35:00+08:00,UNCALCULABLE_EVIDENCE_V1,d8fcacd07b965f537a310485ddfbdfef96f5df25,live/replay implementation base; diagnostic file hash identifies this uncommitted report generator,be28204cf9fc4a1a9edb20ce07b6838c503e385bafa0237a6a1b04ee9857f28a,2dd62b249a181d7045c957f0c33501cc574723cd,37742790398,2026-10-08T15:20:18.859+08:00,2026-10-08T17:27:03.597+08:00
5906,台南-KY,TWSE,tse,pre_targeted_retry,2026-10-08T13:28:48.457+08:00,2026-10-08T13:28:48.459+08:00,2026-10-08T13:28:50.437+08:00,13:28:49,20261008,MISSING,MISSING,MISSING,MISSING,MISSING,13:27:08,-,-,0,-,-,20261008,RR,-,-,-,200,null,False,False,True,selected_result,0,3,39,fcf0d3c316124e6be0f20b6125219739e6f1c2cb9ffa834badf2bb99872a8b08,1437.0,FRESH,no_trade_or_incomplete_identity,NO_NESTED_TRADE_ZERO_REPORTED_VOLUME,results/pre_targeted_retry_raw.jsonl,3,d0c2509fcbc842a18f80fe6ff68c1637f7fa5ac9e78c527b23152de701b62e32,"{""@"": ""5906.tw"", ""tv"": ""-"", ""ps"": ""-"", ""pid"": ""20.tse.tw|2179243"", ""pz"": ""-"", ""bp"": ""0"", ""m%"": ""345719"", ""^"": ""20261008"", ""key"": ""tse_5906.tw_20261008"", ""a"": ""40.2000_41.0000_"", ""b"": ""37.0000_34.4000_34.3000_34.2000_"", ""c"": ""5906"", ""#"": ""20.tse.tw|2186545"", ""d"": ""20261008"", ""%"": ""13:27:08"", ""ch"": ""5906.tw"", ""tlong"": ""1791437228000"", ""io"": ""RR"", ""f"": ""1_1_"", ""g"": ""2_2_2_1_"", ""ip"": ""0"", ""mt"": ""345719"", ""h"": ""-"", ""i"": ""18"", ""it"": ""12"", ""l"": ""-"", ""n"": ""台南-KY"", ""o"": ""-"", ""p"": ""0"", ""ex"": ""tse"", ""s"": ""-"", ""t"": ""13:27:08"", ""u"": ""41.8000"", ""v"": ""0"", ""w"": ""34.2000"", ""nf"": ""台南生活(開曼)股份有限公司"", ""y"": ""38.0000"", ""z"": ""-"", ""ts"": ""1""}",37730234383,11530906396,mis-probe-37730234383,1b4caf9efcbb0575771726b356751f177bba37439179cb14bfc9b8a9bc9a88e0,2026-10-08,2026-10-08T13:35:00+08:00,UNCALCULABLE_EVIDENCE_V1,d8fcacd07b965f537a310485ddfbdfef96f5df25,live/replay implementation base; diagnostic file hash identifies this uncommitted report generator,be28204cf9fc4a1a9edb20ce07b6838c503e385bafa0237a6a1b04ee9857f28a,2dd62b249a181d7045c957f0c33501cc574723cd,37742790398,2026-10-08T15:20:18.859+08:00,2026-10-08T17:27:03.597+08:00
5906,台南-KY,TWSE,tse,pre_targeted_retry,2026-10-08T13:28:57.201+08:00,2026-10-08T13:28:57.201+08:00,2026-10-08T13:28:58.004+08:00,MISSING,MISSING,MISSING,MISSING,MISSING,MISSING,MISSING,MISSING,MISSING,MISSING,MISSING,MISSING,MISSING,MISSING,MISSING,MISSING,MISSING,MISSING,null,RESPONSE_AFTER_CAPTURE_DEADLINE:URLError:<urlopen error timed out>,True,False,True,HTTP_attempt,0,1,25,248ef639ea777795f75262d307ea71aa2ea127a7cbb84226f95511e1565f3950,null,NOT_FRESH_OR_UNAVAILABLE,RESPONSE_AFTER_CAPTURE_DEADLINE:URLError:<urlopen error timed out>,NO_RESPONSE_ITEM,results/pre_targeted_retry_raw.jsonl,4,5f26b410f8b93db9844cc880f137cf9653c7a33ef31353cec3dd6d7ac17220b2,MISSING,37730234383,11530906396,mis-probe-37730234383,1b4caf9efcbb0575771726b356751f177bba37439179cb14bfc9b8a9bc9a88e0,2026-10-08,2026-10-08T13:35:00+08:00,UNCALCULABLE_EVIDENCE_V1,d8fcacd07b965f537a310485ddfbdfef96f5df25,live/replay implementation base; diagnostic file hash identifies this uncommitted report generator,be28204cf9fc4a1a9edb20ce07b6838c503e385bafa0237a6a1b04ee9857f28a,2dd62b249a181d7045c957f0c33501cc574723cd,37742790398,2026-10-08T15:20:18.859+08:00,2026-10-08T17:27:03.597+08:00
5906,台南-KY,TWSE,tse,pre_targeted_retry,2026-10-08T13:28:57.201+08:00,2026-10-08T13:28:58.505+08:00,2026-10-08T13:28:58.505+08:00,MISSING,MISSING,MISSING,MISSING,MISSING,MISSING,MISSING,MISSING,MISSING,MISSING,MISSING,MISSING,MISSING,MISSING,MISSING,MISSING,MISSING,MISSING,null,CAPTURE_DEADLINE_NO_REQUEST,True,False,False,selected_result,null,1,25,248ef639ea777795f75262d307ea71aa2ea127a7cbb84226f95511e1565f3950,null,NOT_FRESH_OR_UNAVAILABLE,CAPTURE_DEADLINE_NO_REQUEST,NO_RESPONSE_ITEM,results/pre_targeted_retry_raw.jsonl,4,5f26b410f8b93db9844cc880f137cf9653c7a33ef31353cec3dd6d7ac17220b2,MISSING,37730234383,11530906396,mis-probe-37730234383,1b4caf9efcbb0575771726b356751f177bba37439179cb14bfc9b8a9bc9a88e0,2026-10-08,2026-10-08T13:35:00+08:00,UNCALCULABLE_EVIDENCE_V1,d8fcacd07b965f537a310485ddfbdfef96f5df25,live/replay implementation base; diagnostic file hash identifies this uncommitted report generator,be28204cf9fc4a1a9edb20ce07b6838c503e385bafa0237a6a1b04ee9857f28a,2dd62b249a181d7045c957f0c33501cc574723cd,37742790398,2026-10-08T15:20:18.859+08:00,2026-10-08T17:27:03.597+08:00
5906,台南-KY,TWSE,tse,pre_reference_C,2026-10-08T13:29:00.000+08:00,2026-10-08T13:29:20.710+08:00,2026-10-08T13:29:21.663+08:00,13:28:41,20261008,39683,MISSING,MISSING,MISSING,MISSING,13:27:08,-,-,0,-,-,20261008,RR,-,-,-,200,null,False,False,True,selected_result,0,34,50,dcb2e2a5af79156435630f8a1e7e8e9678c4f8f37320500f6f7a6e194d1c16b4,40663.0,NOT_FRESH_OR_UNAVAILABLE,stale_cache,NO_NESTED_TRADE_ZERO_REPORTED_VOLUME,results/pre_reference_C_raw.jsonl,34,b5b208f368ce973171177d4d81235a2b60e557c63c93c704766f772f7af37006,"{""@"": ""5906.tw"", ""tv"": ""-"", ""ps"": ""-"", ""pid"": ""20.tse.tw|2179243"", ""pz"": ""-"", ""bp"": ""0"", ""m%"": ""345719"", ""^"": ""20261008"", ""key"": ""tse_5906.tw_20261008"", ""a"": ""40.2000_41.0000_"", ""b"": ""37.0000_34.4000_34.3000_34.2000_"", ""c"": ""5906"", ""#"": ""20.tse.tw|2186545"", ""d"": ""20261008"", ""%"": ""13:27:08"", ""ch"": ""5906.tw"", ""tlong"": ""1791437228000"", ""io"": ""RR"", ""f"": ""1_1_"", ""g"": ""2_2_2_1_"", ""ip"": ""0"", ""mt"": ""345719"", ""h"": ""-"", ""i"": ""18"", ""it"": ""12"", ""l"": ""-"", ""n"": ""台南-KY"", ""o"": ""-"", ""p"": ""0"", ""ex"": ""tse"", ""s"": ""-"", ""t"": ""13:27:08"", ""u"": ""41.8000"", ""v"": ""0"", ""w"": ""34.2000"", ""nf"": ""台南生活(開曼)股份有限公司"", ""y"": ""38.0000"", ""z"": ""-"", ""ts"": ""1""}",37730234383,11530906396,mis-probe-37730234383,1b4caf9efcbb0575771726b356751f177bba37439179cb14bfc9b8a9bc9a88e0,2026-10-08,2026-10-08T13:35:00+08:00,UNCALCULABLE_EVIDENCE_V1,d8fcacd07b965f537a310485ddfbdfef96f5df25,live/replay implementation base; diagnostic file hash identifies this uncommitted report generator,be28204cf9fc4a1a9edb20ce07b6838c503e385bafa0237a6a1b04ee9857f28a,2dd62b249a181d7045c957f0c33501cc574723cd,37742790398,2026-10-08T15:20:18.859+08:00,2026-10-08T17:27:03.597+08:00
5906,台南-KY,TWSE,tse,pre_targeted_retry,2026-10-08T13:29:25.164+08:00,2026-10-08T13:29:25.164+08:00,2026-10-08T13:29:26.413+08:00,13:29:26,20261008,MISSING,MISSING,MISSING,MISSING,MISSING,13:27:08,-,-,0,-,-,20261008,RR,-,-,-,200,null,False,False,True,selected_result,0,1,25,248ef639ea777795f75262d307ea71aa2ea127a7cbb84226f95511e1565f3950,413.0,FRESH,no_trade_or_incomplete_identity,NO_NESTED_TRADE_ZERO_REPORTED_VOLUME,results/pre_targeted_retry_raw.jsonl,5,0c1134bcaf38056edad5878f09621ec4ba8e54998c4e4f98959e48041108ccfd,"{""@"": ""5906.tw"", ""tv"": ""-"", ""ps"": ""-"", ""pid"": ""20.tse.tw|2194234"", ""pz"": ""-"", ""bp"": ""0"", ""m%"": ""345719"", ""^"": ""20261008"", ""key"": ""tse_5906.tw_20261008"", ""a"": ""40.2000_41.0000_"", ""b"": ""37.0000_34.4000_34.3000_34.2000_"", ""c"": ""5906"", ""#"": ""20.tse.tw|2201987"", ""d"": ""20261008"", ""%"": ""13:27:08"", ""ch"": ""5906.tw"", ""tlong"": ""1791437228000"", ""io"": ""RR"", ""f"": ""1_1_"", ""g"": ""2_2_2_1_"", ""ip"": ""0"", ""mt"": ""345719"", ""h"": ""-"", ""i"": ""18"", ""it"": ""12"", ""l"": ""-"", ""n"": ""台南-KY"", ""o"": ""-"", ""p"": ""0"", ""ex"": ""tse"", ""s"": ""-"", ""t"": ""13:27:08"", ""u"": ""41.8000"", ""v"": ""0"", ""w"": ""34.2000"", ""nf"": ""台南生活(開曼)股份有限公司"", ""y"": ""38.0000"", ""z"": ""-"", ""ts"": ""1""}",37730234383,11530906396,mis-probe-37730234383,1b4caf9efcbb0575771726b356751f177bba37439179cb14bfc9b8a9bc9a88e0,2026-10-08,2026-10-08T13:35:00+08:00,UNCALCULABLE_EVIDENCE_V1,d8fcacd07b965f537a310485ddfbdfef96f5df25,live/replay implementation base; diagnostic file hash identifies this uncommitted report generator,be28204cf9fc4a1a9edb20ce07b6838c503e385bafa0237a6a1b04ee9857f28a,2dd62b249a181d7045c957f0c33501cc574723cd,37742790398,2026-10-08T15:20:18.859+08:00,2026-10-08T17:27:03.597+08:00
5906,台南-KY,TWSE,tse,close_reference_A,2026-10-08T13:32:30.000+08:00,2026-10-08T13:32:41.968+08:00,2026-10-08T13:32:43.089+08:00,13:32:42,20261008,MISSING,MISSING,MISSING,MISSING,MISSING,13:30:00,-,-,0,-,-,20261008,RR,-,-,-,200,null,False,False,True,selected_result,0,34,50,dcb2e2a5af79156435630f8a1e7e8e9678c4f8f37320500f6f7a6e194d1c16b4,1089.0,FRESH,no_trade_or_incomplete_identity,NO_NESTED_TRADE_ZERO_REPORTED_VOLUME,results/close_reference_A_raw.jsonl,34,de51f3f600050f8a28f994019a62e3a823796d07a776638e3ec44270f3a8f35f,"{""@"": ""5906.tw"", ""tv"": ""-"", ""ps"": ""-"", ""pid"": ""20.tse.tw|2225091"", ""pz"": ""-"", ""bp"": ""0"", ""m%"": ""000000"", ""^"": ""20261008"", ""key"": ""tse_5906.tw_20261008"", ""a"": ""40.2000_41.0000_"", ""b"": ""37.0000_34.4000_34.3000_34.2000_"", ""c"": ""5906"", ""#"": ""20.tse.tw|2227271"", ""d"": ""20261008"", ""%"": ""13:30:00"", ""ch"": ""5906.tw"", ""tlong"": ""1791437400000"", ""io"": ""RR"", ""f"": ""1_1_"", ""g"": ""2_2_2_1_"", ""ip"": ""0"", ""mt"": ""000000"", ""h"": ""-"", ""i"": ""18"", ""it"": ""12"", ""l"": ""-"", ""n"": ""台南-KY"", ""o"": ""-"", ""p"": ""0"", ""ex"": ""tse"", ""s"": ""-"", ""t"": ""13:30:00"", ""u"": ""41.8000"", ""v"": ""0"", ""w"": ""34.2000"", ""nf"": ""台南生活(開曼)股份有限公司"", ""y"": ""38.0000"", ""z"": ""-"", ""ts"": ""0""}",37730234383,11530906396,mis-probe-37730234383,1b4caf9efcbb0575771726b356751f177bba37439179cb14bfc9b8a9bc9a88e0,2026-10-08,2026-10-08T13:35:00+08:00,UNCALCULABLE_EVIDENCE_V1,d8fcacd07b965f537a310485ddfbdfef96f5df25,live/replay implementation base; diagnostic file hash identifies this uncommitted report generator,be28204cf9fc4a1a9edb20ce07b6838c503e385bafa0237a6a1b04ee9857f28a,2dd62b249a181d7045c957f0c33501cc574723cd,37742790398,2026-10-08T15:20:18.859+08:00,2026-10-08T17:27:03.597+08:00
5906,台南-KY,TWSE,tse,close_reference_B,2026-10-08T13:33:20.000+08:00,2026-10-08T13:33:22.825+08:00,2026-10-08T13:33:25.723+08:00,13:33:23,20261008,MISSING,MISSING,MISSING,MISSING,MISSING,13:30:00,-,-,0,-,-,20261008,RR,-,-,-,200,null,False,False,True,selected_result,0,7,50,90ff017766228484afa5307664e87c4923aaa684a901a8dc4e20380fb3490c4e,2723.0,FRESH,no_trade_or_incomplete_identity,NO_NESTED_TRADE_ZERO_REPORTED_VOLUME,results/close_reference_B_raw.jsonl,7,fe1558cadcb7b284b7267a41ff6b62e481e8ef628035f49b4733e5fda2e44b62,"{""@"": ""5906.tw"", ""tv"": ""-"", ""ps"": ""-"", ""pid"": ""20.tse.tw|2225091"", ""pz"": ""-"", ""bp"": ""0"", ""m%"": ""000000"", ""^"": ""20261008"", ""key"": ""tse_5906.tw_20261008"", ""a"": ""40.2000_41.0000_"", ""b"": ""37.0000_34.4000_34.3000_34.2000_"", ""c"": ""5906"", ""#"": ""20.tse.tw|2227271"", ""d"": ""20261008"", ""%"": ""13:30:00"", ""ch"": ""5906.tw"", ""tlong"": ""1791437400000"", ""io"": ""RR"", ""f"": ""1_1_"", ""g"": ""2_2_2_1_"", ""ip"": ""0"", ""mt"": ""000000"", ""h"": ""-"", ""i"": ""18"", ""it"": ""12"", ""l"": ""-"", ""n"": ""台南-KY"", ""o"": ""-"", ""p"": ""0"", ""ex"": ""tse"", ""s"": ""-"", ""t"": ""13:30:00"", ""u"": ""41.8000"", ""v"": ""0"", ""w"": ""34.2000"", ""nf"": ""台南生活(開曼)股份有限公司"", ""y"": ""38.0000"", ""z"": ""-"", ""ts"": ""0""}",37730234383,11530906396,mis-probe-37730234383,1b4caf9efcbb0575771726b356751f177bba37439179cb14bfc9b8a9bc9a88e0,2026-10-08,2026-10-08T13:35:00+08:00,UNCALCULABLE_EVIDENCE_V1,d8fcacd07b965f537a310485ddfbdfef96f5df25,live/replay implementation base; diagnostic file hash identifies this uncommitted report generator,be28204cf9fc4a1a9edb20ce07b6838c503e385bafa0237a6a1b04ee9857f28a,2dd62b249a181d7045c957f0c33501cc574723cd,37742790398,2026-10-08T15:20:18.859+08:00,2026-10-08T17:27:03.597+08:00
5906,台南-KY,TWSE,tse,close_reference_C,2026-10-08T13:34:10.000+08:00,2026-10-08T13:34:10.000+08:00,2026-10-08T13:34:10.842+08:00,13:34:10,20261008,MISSING,MISSING,MISSING,MISSING,MISSING,13:30:00,-,-,0,-,-,20261008,RR,-,-,-,200,null,False,False,True,selected_result,0,1,29,6550d2287e85a4df0a8ec64d1c160e0dc59f57f02c6945a778432e2a5dbcb5cc,842.0,FRESH,no_trade_or_incomplete_identity,NO_NESTED_TRADE_ZERO_REPORTED_VOLUME,results/close_reference_C_raw.jsonl,1,776473020c3a315a7830eb9cd7529a970b86db8333a6313c2949d48c5d1d97ce,"{""@"": ""5906.tw"", ""tv"": ""-"", ""ps"": ""-"", ""pid"": ""20.tse.tw|2225091"", ""pz"": ""-"", ""bp"": ""0"", ""m%"": ""000000"", ""^"": ""20261008"", ""key"": ""tse_5906.tw_20261008"", ""a"": ""40.2000_41.0000_"", ""b"": ""37.0000_34.4000_34.3000_34.2000_"", ""c"": ""5906"", ""#"": ""20.tse.tw|2227271"", ""d"": ""20261008"", ""%"": ""13:30:00"", ""ch"": ""5906.tw"", ""tlong"": ""1791437400000"", ""io"": ""RR"", ""f"": ""1_1_"", ""g"": ""2_2_2_1_"", ""ip"": ""0"", ""mt"": ""000000"", ""h"": ""-"", ""i"": ""18"", ""it"": ""12"", ""l"": ""-"", ""n"": ""台南-KY"", ""o"": ""-"", ""p"": ""0"", ""ex"": ""tse"", ""s"": ""-"", ""t"": ""13:30:00"", ""u"": ""41.8000"", ""v"": ""0"", ""w"": ""34.2000"", ""nf"": ""台南生活(開曼)股份有限公司"", ""y"": ""38.0000"", ""z"": ""-"", ""ts"": ""0""}",37730234383,11530906396,mis-probe-37730234383,1b4caf9efcbb0575771726b356751f177bba37439179cb14bfc9b8a9bc9a88e0,2026-10-08,2026-10-08T13:35:00+08:00,UNCALCULABLE_EVIDENCE_V1,d8fcacd07b965f537a310485ddfbdfef96f5df25,live/replay implementation base; diagnostic file hash identifies this uncommitted report generator,be28204cf9fc4a1a9edb20ce07b6838c503e385bafa0237a6a1b04ee9857f28a,2dd62b249a181d7045c957f0c33501cc574723cd,37742790398,2026-10-08T15:20:18.859+08:00,2026-10-08T17:27:03.597+08:00
5906,台南-KY,TWSE,tse,per_second_probe,MISSING,MISSING,MISSING,MISSING,MISSING,MISSING,MISSING,MISSING,MISSING,MISSING,MISSING,MISSING,MISSING,MISSING,MISSING,MISSING,MISSING,MISSING,MISSING,MISSING,MISSING,MISSING,NOT_SAMPLED,MISSING,MISSING,False,coverage_note,MISSING,MISSING,MISSING,MISSING,MISSING,MISSING,MISSING,MISSING,results/probe_raw.jsonl,MISSING,MISSING,MISSING,37730234383,11530906396,mis-probe-37730234383,1b4caf9efcbb0575771726b356751f177bba37439179cb14bfc9b8a9bc9a88e0,2026-10-08,2026-10-08T13:35:00+08:00,UNCALCULABLE_EVIDENCE_V1,d8fcacd07b965f537a310485ddfbdfef96f5df25,live/replay implementation base; diagnostic file hash identifies this uncommitted report generator,be28204cf9fc4a1a9edb20ce07b6838c503e385bafa0237a6a1b04ee9857f28a,2dd62b249a181d7045c957f0c33501cc574723cd,37742790398,2026-10-08T15:20:18.859+08:00,2026-10-08T17:27:03.597+08:00
8488,吉源-KY,TWSE,tse,preclose,2026-10-08T13:24:50.000+08:00,2026-10-08T13:25:09.445+08:00,2026-10-08T13:25:11.787+08:00,13:25:10,20261008,MISSING,MISSING,MISSING,MISSING,MISSING,13:14:44,-,-,0,-,-,20261008,RR,-,-,-,200,null,False,False,True,selected_result,0,39,50,11e30616e4f95495c5bb062aabbdbd984e7caf0fd39b5900a77e58f8b3091ea6,1787.0,FRESH,no_trade_or_incomplete_identity,NO_NESTED_TRADE_ZERO_REPORTED_VOLUME,results/preclose_raw.jsonl,39,e490f068f1d7c03630bb85216f3824513f2b62040eb6b3badf59e62b359cf43d,"{""@"": ""8488.tw"", ""tv"": ""-"", ""ps"": ""-"", ""pid"": ""20.tse.tw|2129126"", ""pz"": ""-"", ""bp"": ""0"", ""m%"": ""157987"", ""^"": ""20261008"", ""key"": ""tse_8488.tw_20261008"", ""a"": ""9.7900_9.8000_9.8300_9.8500_9.8800_"", ""b"": ""9.7000_9.6000_9.5500_9.5300_9.5200_"", ""c"": ""8488"", ""#"": ""20.tse.tw|2133174"", ""d"": ""20261008"", ""%"": ""13:14:44"", ""ch"": ""8488.tw"", ""tlong"": ""1791436484000"", ""io"": ""RR"", ""f"": ""1_5_5_5_5_"", ""g"": ""1_4_1_1_6_"", ""ip"": ""0"", ""mt"": ""157987"", ""h"": ""-"", ""i"": ""20"", ""it"": ""12"", ""l"": ""-"", ""n"": ""吉源-KY"", ""o"": ""-"", ""p"": ""0"", ""ex"": ""tse"", ""s"": ""-"", ""t"": ""13:14:44"", ""u"": ""10.8000"", ""v"": ""0"", ""w"": ""8.8400"", ""nf"": ""吉源控股股份有限公司"", ""y"": ""9.8200"", ""z"": ""-"", ""ts"": ""0""}",37730234383,11530906396,mis-probe-37730234383,1b4caf9efcbb0575771726b356751f177bba37439179cb14bfc9b8a9bc9a88e0,2026-10-08,2026-10-08T13:35:00+08:00,UNCALCULABLE_EVIDENCE_V1,d8fcacd07b965f537a310485ddfbdfef96f5df25,live/replay implementation base; diagnostic file hash identifies this uncommitted report generator,be28204cf9fc4a1a9edb20ce07b6838c503e385bafa0237a6a1b04ee9857f28a,2dd62b249a181d7045c957f0c33501cc574723cd,37742790398,2026-10-08T15:20:18.859+08:00,2026-10-08T17:27:03.597+08:00
8488,吉源-KY,TWSE,tse,pre_reference_A,2026-10-08T13:27:00.000+08:00,2026-10-08T13:27:23.738+08:00,2026-10-08T13:27:27.063+08:00,13:27:25,20261008,MISSING,MISSING,MISSING,MISSING,MISSING,13:25:12,-,-,0,-,-,20261008,RR,-,-,-,200,null,False,False,True,selected_result,0,39,50,11e30616e4f95495c5bb062aabbdbd984e7caf0fd39b5900a77e58f8b3091ea6,2063.0,FRESH,no_trade_or_incomplete_identity,NO_NESTED_TRADE_ZERO_REPORTED_VOLUME,results/pre_reference_A_raw.jsonl,39,21fdc2c500d5f95a43abfe6b301bf8c5aaafe1e69c777ab926d42c35252fcbe5,"{""@"": ""8488.tw"", ""tv"": ""-"", ""ps"": ""-"", ""pid"": ""20.tse.tw|2146245"", ""pz"": ""-"", ""bp"": ""0"", ""m%"": ""670820"", ""^"": ""20261008"", ""key"": ""tse_8488.tw_20261008"", ""a"": ""9.7900_9.8000_9.8300_9.8500_9.8800_"", ""b"": ""9.7500_9.7000_9.6000_9.5500_9.5300_"", ""c"": ""8488"", ""#"": ""20.tse.tw|2156086"", ""d"": ""20261008"", ""%"": ""13:25:12"", ""ch"": ""8488.tw"", ""tlong"": ""1791437112000"", ""io"": ""RR"", ""f"": ""4_5_5_5_5_"", ""g"": ""1_1_4_1_1_"", ""ip"": ""0"", ""mt"": ""670820"", ""h"": ""-"", ""i"": ""20"", ""it"": ""12"", ""l"": ""-"", ""n"": ""吉源-KY"", ""o"": ""-"", ""p"": ""0"", ""ex"": ""tse"", ""s"": ""-"", ""t"": ""13:25:12"", ""u"": ""10.8000"", ""v"": ""0"", ""w"": ""8.8400"", ""nf"": ""吉源控股股份有限公司"", ""y"": ""9.8200"", ""z"": ""-"", ""ts"": ""1""}",37730234383,11530906396,mis-probe-37730234383,1b4caf9efcbb0575771726b356751f177bba37439179cb14bfc9b8a9bc9a88e0,2026-10-08,2026-10-08T13:35:00+08:00,UNCALCULABLE_EVIDENCE_V1,d8fcacd07b965f537a310485ddfbdfef96f5df25,live/replay implementation base; diagnostic file hash identifies this uncommitted report generator,be28204cf9fc4a1a9edb20ce07b6838c503e385bafa0237a6a1b04ee9857f28a,2dd62b249a181d7045c957f0c33501cc574723cd,37742790398,2026-10-08T15:20:18.859+08:00,2026-10-08T17:27:03.597+08:00
8488,吉源-KY,TWSE,tse,pre_reference_B,2026-10-08T13:28:15.000+08:00,2026-10-08T13:28:44.236+08:00,2026-10-08T13:28:48.261+08:00,13:28:46,20261008,MISSING,MISSING,MISSING,MISSING,MISSING,13:27:23,-,-,0,-,-,20261008,RR,-,-,-,200,null,False,False,True,selected_result,0,39,50,11e30616e4f95495c5bb062aabbdbd984e7caf0fd39b5900a77e58f8b3091ea6,2261.0,FRESH,no_trade_or_incomplete_identity,NO_NESTED_TRADE_ZERO_REPORTED_VOLUME,results/pre_reference_B_raw.jsonl,39,0a7aba50ffcc4c3d7403ae490af8387bce2c0c59e048d4179e2b6225e5e39ce3,"{""@"": ""8488.tw"", ""tv"": ""-"", ""ps"": ""-"", ""pid"": ""20.tse.tw|2181875"", ""pz"": ""-"", ""bp"": ""0"", ""m%"": ""088233"", ""^"": ""20261008"", ""key"": ""tse_8488.tw_20261008"", ""a"": ""9.7900_9.8000_9.8200_9.8300_9.8500_"", ""b"": ""9.7500_9.7000_9.6000_9.5800_9.5500_"", ""c"": ""8488"", ""#"": ""20.tse.tw|2189082"", ""d"": ""20261008"", ""%"": ""13:27:23"", ""ch"": ""8488.tw"", ""tlong"": ""1791437243000"", ""io"": ""RR"", ""f"": ""4_5_2_5_5_"", ""g"": ""1_1_4_3_1_"", ""ip"": ""0"", ""mt"": ""088233"", ""h"": ""-"", ""i"": ""20"", ""it"": ""12"", ""l"": ""-"", ""n"": ""吉源-KY"", ""o"": ""-"", ""p"": ""0"", ""ex"": ""tse"", ""s"": ""-"", ""t"": ""13:27:23"", ""u"": ""10.8000"", ""v"": ""0"", ""w"": ""8.8400"", ""nf"": ""吉源控股股份有限公司"", ""y"": ""9.8200"", ""z"": ""-"", ""ts"": ""1""}",37730234383,11530906396,mis-probe-37730234383,1b4caf9efcbb0575771726b356751f177bba37439179cb14bfc9b8a9bc9a88e0,2026-10-08,2026-10-08T13:35:00+08:00,UNCALCULABLE_EVIDENCE_V1,d8fcacd07b965f537a310485ddfbdfef96f5df25,live/replay implementation base; diagnostic file hash identifies this uncommitted report generator,be28204cf9fc4a1a9edb20ce07b6838c503e385bafa0237a6a1b04ee9857f28a,2dd62b249a181d7045c957f0c33501cc574723cd,37742790398,2026-10-08T15:20:18.859+08:00,2026-10-08T17:27:03.597+08:00
8488,吉源-KY,TWSE,tse,pre_targeted_retry,2026-10-08T13:28:48.457+08:00,2026-10-08T13:28:48.459+08:00,2026-10-08T13:28:50.437+08:00,13:28:49,20261008,MISSING,MISSING,MISSING,MISSING,MISSING,13:27:23,-,-,0,-,-,20261008,RR,-,-,-,200,null,False,False,True,selected_result,0,3,39,fcf0d3c316124e6be0f20b6125219739e6f1c2cb9ffa834badf2bb99872a8b08,1437.0,FRESH,no_trade_or_incomplete_identity,NO_NESTED_TRADE_ZERO_REPORTED_VOLUME,results/pre_targeted_retry_raw.jsonl,3,d0c2509fcbc842a18f80fe6ff68c1637f7fa5ac9e78c527b23152de701b62e32,"{""@"": ""8488.tw"", ""tv"": ""-"", ""ps"": ""-"", ""pid"": ""20.tse.tw|2189082"", ""pz"": ""-"", ""bp"": ""0"", ""m%"": ""088233"", ""^"": ""20261008"", ""key"": ""tse_8488.tw_20261008"", ""a"": ""9.7900_9.8000_9.8200_9.8300_9.8500_"", ""b"": ""9.7500_9.7000_9.6000_9.5800_9.5500_"", ""c"": ""8488"", ""#"": ""20.tse.tw|2197206"", ""d"": ""20261008"", ""%"": ""13:27:23"", ""ch"": ""8488.tw"", ""tlong"": ""1791437243000"", ""io"": ""RR"", ""f"": ""4_5_2_5_5_"", ""g"": ""1_1_4_3_1_"", ""ip"": ""0"", ""mt"": ""088233"", ""h"": ""-"", ""i"": ""20"", ""it"": ""12"", ""l"": ""-"", ""n"": ""吉源-KY"", ""o"": ""-"", ""p"": ""0"", ""ex"": ""tse"", ""s"": ""-"", ""t"": ""13:27:23"", ""u"": ""10.8000"", ""v"": ""0"", ""w"": ""8.8400"", ""nf"": ""吉源控股股份有限公司"", ""y"": ""9.8200"", ""z"": ""-"", ""ts"": ""1""}",37730234383,11530906396,mis-probe-37730234383,1b4caf9efcbb0575771726b356751f177bba37439179cb14bfc9b8a9bc9a88e0,2026-10-08,2026-10-08T13:35:00+08:00,UNCALCULABLE_EVIDENCE_V1,d8fcacd07b965f537a310485ddfbdfef96f5df25,live/replay implementation base; diagnostic file hash identifies this uncommitted report generator,be28204cf9fc4a1a9edb20ce07b6838c503e385bafa0237a6a1b04ee9857f28a,2dd62b249a181d7045c957f0c33501cc574723cd,37742790398,2026-10-08T15:20:18.859+08:00,2026-10-08T17:27:03.597+08:00
8488,吉源-KY,TWSE,tse,pre_targeted_retry,2026-10-08T13:28:57.201+08:00,2026-10-08T13:28:57.201+08:00,2026-10-08T13:28:58.004+08:00,MISSING,MISSING,MISSING,MISSING,MISSING,MISSING,MISSING,MISSING,MISSING,MISSING,MISSING,MISSING,MISSING,MISSING,MISSING,MISSING,MISSING,MISSING,null,RESPONSE_AFTER_CAPTURE_DEADLINE:URLError:<urlopen error timed out>,True,False,True,HTTP_attempt,0,1,25,248ef639ea777795f75262d307ea71aa2ea127a7cbb84226f95511e1565f3950,null,NOT_FRESH_OR_UNAVAILABLE,RESPONSE_AFTER_CAPTURE_DEADLINE:URLError:<urlopen error timed out>,NO_RESPONSE_ITEM,results/pre_targeted_retry_raw.jsonl,4,5f26b410f8b93db9844cc880f137cf9653c7a33ef31353cec3dd6d7ac17220b2,MISSING,37730234383,11530906396,mis-probe-37730234383,1b4caf9efcbb0575771726b356751f177bba37439179cb14bfc9b8a9bc9a88e0,2026-10-08,2026-10-08T13:35:00+08:00,UNCALCULABLE_EVIDENCE_V1,d8fcacd07b965f537a310485ddfbdfef96f5df25,live/replay implementation base; diagnostic file hash identifies this uncommitted report generator,be28204cf9fc4a1a9edb20ce07b6838c503e385bafa0237a6a1b04ee9857f28a,2dd62b249a181d7045c957f0c33501cc574723cd,37742790398,2026-10-08T15:20:18.859+08:00,2026-10-08T17:27:03.597+08:00
8488,吉源-KY,TWSE,tse,pre_targeted_retry,2026-10-08T13:28:57.201+08:00,2026-10-08T13:28:58.505+08:00,2026-10-08T13:28:58.505+08:00,MISSING,MISSING,MISSING,MISSING,MISSING,MISSING,MISSING,MISSING,MISSING,MISSING,MISSING,MISSING,MISSING,MISSING,MISSING,MISSING,MISSING,MISSING,null,CAPTURE_DEADLINE_NO_REQUEST,True,False,False,selected_result,null,1,25,248ef639ea777795f75262d307ea71aa2ea127a7cbb84226f95511e1565f3950,null,NOT_FRESH_OR_UNAVAILABLE,CAPTURE_DEADLINE_NO_REQUEST,NO_RESPONSE_ITEM,results/pre_targeted_retry_raw.jsonl,4,5f26b410f8b93db9844cc880f137cf9653c7a33ef31353cec3dd6d7ac17220b2,MISSING,37730234383,11530906396,mis-probe-37730234383,1b4caf9efcbb0575771726b356751f177bba37439179cb14bfc9b8a9bc9a88e0,2026-10-08,2026-10-08T13:35:00+08:00,UNCALCULABLE_EVIDENCE_V1,d8fcacd07b965f537a310485ddfbdfef96f5df25,live/replay implementation base; diagnostic file hash identifies this uncommitted report generator,be28204cf9fc4a1a9edb20ce07b6838c503e385bafa0237a6a1b04ee9857f28a,2dd62b249a181d7045c957f0c33501cc574723cd,37742790398,2026-10-08T15:20:18.859+08:00,2026-10-08T17:27:03.597+08:00
8488,吉源-KY,TWSE,tse,pre_reference_C,2026-10-08T13:29:00.000+08:00,2026-10-08T13:29:22.106+08:00,2026-10-08T13:29:23.486+08:00,13:28:46,20261008,35929,MISSING,MISSING,MISSING,MISSING,13:27:23,-,-,0,-,-,20261008,RR,-,-,-,200,null,False,False,True,selected_result,0,39,50,11e30616e4f95495c5bb062aabbdbd984e7caf0fd39b5900a77e58f8b3091ea6,37486.0,NOT_FRESH_OR_UNAVAILABLE,stale_cache,NO_NESTED_TRADE_ZERO_REPORTED_VOLUME,results/pre_reference_C_raw.jsonl,39,b95532f91ba5f35e57882fa4c411f49b1e494f3c54e30c28b46060abe49b2f91,"{""@"": ""8488.tw"", ""tv"": ""-"", ""ps"": ""-"", ""pid"": ""20.tse.tw|2181875"", ""pz"": ""-"", ""bp"": ""0"", ""m%"": ""088233"", ""^"": ""20261008"", ""key"": ""tse_8488.tw_20261008"", ""a"": ""9.7900_9.8000_9.8200_9.8300_9.8500_"", ""b"": ""9.7500_9.7000_9.6000_9.5800_9.5500_"", ""c"": ""8488"", ""#"": ""20.tse.tw|2189082"", ""d"": ""20261008"", ""%"": ""13:27:23"", ""ch"": ""8488.tw"", ""tlong"": ""1791437243000"", ""io"": ""RR"", ""f"": ""4_5_2_5_5_"", ""g"": ""1_1_4_3_1_"", ""ip"": ""0"", ""mt"": ""088233"", ""h"": ""-"", ""i"": ""20"", ""it"": ""12"", ""l"": ""-"", ""n"": ""吉源-KY"", ""o"": ""-"", ""p"": ""0"", ""ex"": ""tse"", ""s"": ""-"", ""t"": ""13:27:23"", ""u"": ""10.8000"", ""v"": ""0"", ""w"": ""8.8400"", ""nf"": ""吉源控股股份有限公司"", ""y"": ""9.8200"", ""z"": ""-"", ""ts"": ""1""}",37730234383,11530906396,mis-probe-37730234383,1b4caf9efcbb0575771726b356751f177bba37439179cb14bfc9b8a9bc9a88e0,2026-10-08,2026-10-08T13:35:00+08:00,UNCALCULABLE_EVIDENCE_V1,d8fcacd07b965f537a310485ddfbdfef96f5df25,live/replay implementation base; diagnostic file hash identifies this uncommitted report generator,be28204cf9fc4a1a9edb20ce07b6838c503e385bafa0237a6a1b04ee9857f28a,2dd62b249a181d7045c957f0c33501cc574723cd,37742790398,2026-10-08T15:20:18.859+08:00,2026-10-08T17:27:03.597+08:00
8488,吉源-KY,TWSE,tse,pre_targeted_retry,2026-10-08T13:29:25.164+08:00,2026-10-08T13:29:25.164+08:00,2026-10-08T13:29:26.413+08:00,13:29:26,20261008,MISSING,MISSING,MISSING,MISSING,MISSING,13:27:23,-,-,0,-,-,20261008,RR,-,-,-,200,null,False,False,True,selected_result,0,1,25,248ef639ea777795f75262d307ea71aa2ea127a7cbb84226f95511e1565f3950,413.0,FRESH,no_trade_or_incomplete_identity,NO_NESTED_TRADE_ZERO_REPORTED_VOLUME,results/pre_targeted_retry_raw.jsonl,5,0c1134bcaf38056edad5878f09621ec4ba8e54998c4e4f98959e48041108ccfd,"{""@"": ""8488.tw"", ""tv"": ""-"", ""ps"": ""-"", ""pid"": ""20.tse.tw|2189082"", ""pz"": ""-"", ""bp"": ""0"", ""m%"": ""088233"", ""^"": ""20261008"", ""key"": ""tse_8488.tw_20261008"", ""a"": ""9.7900_9.8000_9.8200_9.8300_9.8500_"", ""b"": ""9.7500_9.7000_9.6000_9.5800_9.5500_"", ""c"": ""8488"", ""#"": ""20.tse.tw|2197206"", ""d"": ""20261008"", ""%"": ""13:27:23"", ""ch"": ""8488.tw"", ""tlong"": ""1791437243000"", ""io"": ""RR"", ""f"": ""4_5_2_5_5_"", ""g"": ""1_1_4_3_1_"", ""ip"": ""0"", ""mt"": ""088233"", ""h"": ""-"", ""i"": ""20"", ""it"": ""12"", ""l"": ""-"", ""n"": ""吉源-KY"", ""o"": ""-"", ""p"": ""0"", ""ex"": ""tse"", ""s"": ""-"", ""t"": ""13:27:23"", ""u"": ""10.8000"", ""v"": ""0"", ""w"": ""8.8400"", ""nf"": ""吉源控股股份有限公司"", ""y"": ""9.8200"", ""z"": ""-"", ""ts"": ""1""}",37730234383,11530906396,mis-probe-37730234383,1b4caf9efcbb0575771726b356751f177bba37439179cb14bfc9b8a9bc9a88e0,2026-10-08,2026-10-08T13:35:00+08:00,UNCALCULABLE_EVIDENCE_V1,d8fcacd07b965f537a310485ddfbdfef96f5df25,live/replay implementation base; diagnostic file hash identifies this uncommitted report generator,be28204cf9fc4a1a9edb20ce07b6838c503e385bafa0237a6a1b04ee9857f28a,2dd62b249a181d7045c957f0c33501cc574723cd,37742790398,2026-10-08T15:20:18.859+08:00,2026-10-08T17:27:03.597+08:00
8488,吉源-KY,TWSE,tse,close_reference_A,2026-10-08T13:32:30.000+08:00,2026-10-08T13:32:43.437+08:00,2026-10-08T13:32:45.125+08:00,13:32:44,20261008,MISSING,MISSING,MISSING,MISSING,MISSING,13:30:00,-,-,0,-,-,20261008,RR,-,-,-,200,null,False,False,True,selected_result,0,39,50,11e30616e4f95495c5bb062aabbdbd984e7caf0fd39b5900a77e58f8b3091ea6,1125.0,FRESH,no_trade_or_incomplete_identity,NO_NESTED_TRADE_ZERO_REPORTED_VOLUME,results/close_reference_A_raw.jsonl,39,29ebba77ea9500a35d61a5f65e0f8c27d22b7578eb52b97a799c2ecacbf5ac4d,"{""@"": ""8488.tw"", ""tv"": ""-"", ""ps"": ""-"", ""pid"": ""20.tse.tw|2226033"", ""pz"": ""-"", ""bp"": ""0"", ""m%"": ""000000"", ""^"": ""20261008"", ""key"": ""tse_8488.tw_20261008"", ""a"": ""9.7900_9.8000_9.8200_9.8300_9.8500_"", ""b"": ""9.7500_9.7000_9.6000_9.5800_9.5500_"", ""c"": ""8488"", ""#"": ""20.tse.tw|2227638"", ""d"": ""20261008"", ""%"": ""13:30:00"", ""ch"": ""8488.tw"", ""tlong"": ""1791437400000"", ""io"": ""RR"", ""f"": ""4_5_2_5_5_"", ""g"": ""1_1_4_3_1_"", ""ip"": ""0"", ""mt"": ""000000"", ""h"": ""-"", ""i"": ""20"", ""it"": ""12"", ""l"": ""-"", ""n"": ""吉源-KY"", ""o"": ""-"", ""p"": ""0"", ""ex"": ""tse"", ""s"": ""-"", ""t"": ""13:30:00"", ""u"": ""10.8000"", ""v"": ""0"", ""w"": ""8.8400"", ""nf"": ""吉源控股股份有限公司"", ""y"": ""9.8200"", ""z"": ""-"", ""ts"": ""0""}",37730234383,11530906396,mis-probe-37730234383,1b4caf9efcbb0575771726b356751f177bba37439179cb14bfc9b8a9bc9a88e0,2026-10-08,2026-10-08T13:35:00+08:00,UNCALCULABLE_EVIDENCE_V1,d8fcacd07b965f537a310485ddfbdfef96f5df25,live/replay implementation base; diagnostic file hash identifies this uncommitted report generator,be28204cf9fc4a1a9edb20ce07b6838c503e385bafa0237a6a1b04ee9857f28a,2dd62b249a181d7045c957f0c33501cc574723cd,37742790398,2026-10-08T15:20:18.859+08:00,2026-10-08T17:27:03.597+08:00
8488,吉源-KY,TWSE,tse,close_reference_B,2026-10-08T13:33:20.000+08:00,2026-10-08T13:33:20.000+08:00,2026-10-08T13:33:24.697+08:00,13:33:22,20261008,MISSING,MISSING,MISSING,MISSING,MISSING,13:30:00,-,-,0,-,-,20261008,RR,-,-,-,200,null,False,False,True,selected_result,0,1,50,528900bbc9b386c73cc913e465eda3a7246f1e200c23f72512d9fee84f1b9bd6,2697.0,FRESH,no_trade_or_incomplete_identity,NO_NESTED_TRADE_ZERO_REPORTED_VOLUME,results/close_reference_B_raw.jsonl,1,e0b9fc74d16e000aa6d4006db47091ac2ddd4336391da22cbb84da93fa0d8a30,"{""@"": ""8488.tw"", ""tv"": ""-"", ""ps"": ""-"", ""pid"": ""20.tse.tw|2226033"", ""pz"": ""-"", ""bp"": ""0"", ""m%"": ""000000"", ""^"": ""20261008"", ""key"": ""tse_8488.tw_20261008"", ""a"": ""9.7900_9.8000_9.8200_9.8300_9.8500_"", ""b"": ""9.7500_9.7000_9.6000_9.5800_9.5500_"", ""c"": ""8488"", ""#"": ""20.tse.tw|2227638"", ""d"": ""20261008"", ""%"": ""13:30:00"", ""ch"": ""8488.tw"", ""tlong"": ""1791437400000"", ""io"": ""RR"", ""f"": ""4_5_2_5_5_"", ""g"": ""1_1_4_3_1_"", ""ip"": ""0"", ""mt"": ""000000"", ""h"": ""-"", ""i"": ""20"", ""it"": ""12"", ""l"": ""-"", ""n"": ""吉源-KY"", ""o"": ""-"", ""p"": ""0"", ""ex"": ""tse"", ""s"": ""-"", ""t"": ""13:30:00"", ""u"": ""10.8000"", ""v"": ""0"", ""w"": ""8.8400"", ""nf"": ""吉源控股股份有限公司"", ""y"": ""9.8200"", ""z"": ""-"", ""ts"": ""0""}",37730234383,11530906396,mis-probe-37730234383,1b4caf9efcbb0575771726b356751f177bba37439179cb14bfc9b8a9bc9a88e0,2026-10-08,2026-10-08T13:35:00+08:00,UNCALCULABLE_EVIDENCE_V1,d8fcacd07b965f537a310485ddfbdfef96f5df25,live/replay implementation base; diagnostic file hash identifies this uncommitted report generator,be28204cf9fc4a1a9edb20ce07b6838c503e385bafa0237a6a1b04ee9857f28a,2dd62b249a181d7045c957f0c33501cc574723cd,37742790398,2026-10-08T15:20:18.859+08:00,2026-10-08T17:27:03.597+08:00
8488,吉源-KY,TWSE,tse,close_reference_C,2026-10-08T13:34:10.000+08:00,2026-10-08T13:34:10.000+08:00,2026-10-08T13:34:10.842+08:00,13:34:10,20261008,MISSING,MISSING,MISSING,MISSING,MISSING,13:30:00,-,-,0,-,-,20261008,RR,-,-,-,200,null,False,False,True,selected_result,0,1,29,6550d2287e85a4df0a8ec64d1c160e0dc59f57f02c6945a778432e2a5dbcb5cc,842.0,FRESH,no_trade_or_incomplete_identity,NO_NESTED_TRADE_ZERO_REPORTED_VOLUME,results/close_reference_C_raw.jsonl,1,776473020c3a315a7830eb9cd7529a970b86db8333a6313c2949d48c5d1d97ce,"{""@"": ""8488.tw"", ""tv"": ""-"", ""ps"": ""-"", ""pid"": ""20.tse.tw|2226033"", ""pz"": ""-"", ""bp"": ""0"", ""m%"": ""000000"", ""^"": ""20261008"", ""key"": ""tse_8488.tw_20261008"", ""a"": ""9.7900_9.8000_9.8200_9.8300_9.8500_"", ""b"": ""9.7500_9.7000_9.6000_9.5800_9.5500_"", ""c"": ""8488"", ""#"": ""20.tse.tw|2227638"", ""d"": ""20261008"", ""%"": ""13:30:00"", ""ch"": ""8488.tw"", ""tlong"": ""1791437400000"", ""io"": ""RR"", ""f"": ""4_5_2_5_5_"", ""g"": ""1_1_4_3_1_"", ""ip"": ""0"", ""mt"": ""000000"", ""h"": ""-"", ""i"": ""20"", ""it"": ""12"", ""l"": ""-"", ""n"": ""吉源-KY"", ""o"": ""-"", ""p"": ""0"", ""ex"": ""tse"", ""s"": ""-"", ""t"": ""13:30:00"", ""u"": ""10.8000"", ""v"": ""0"", ""w"": ""8.8400"", ""nf"": ""吉源控股股份有限公司"", ""y"": ""9.8200"", ""z"": ""-"", ""ts"": ""0""}",37730234383,11530906396,mis-probe-37730234383,1b4caf9efcbb0575771726b356751f177bba37439179cb14bfc9b8a9bc9a88e0,2026-10-08,2026-10-08T13:35:00+08:00,UNCALCULABLE_EVIDENCE_V1,d8fcacd07b965f537a310485ddfbdfef96f5df25,live/replay implementation base; diagnostic file hash identifies this uncommitted report generator,be28204cf9fc4a1a9edb20ce07b6838c503e385bafa0237a6a1b04ee9857f28a,2dd62b249a181d7045c957f0c33501cc574723cd,37742790398,2026-10-08T15:20:18.859+08:00,2026-10-08T17:27:03.597+08:00
8488,吉源-KY,TWSE,tse,per_second_probe,MISSING,MISSING,MISSING,MISSING,MISSING,MISSING,MISSING,MISSING,MISSING,MISSING,MISSING,MISSING,MISSING,MISSING,MISSING,MISSING,MISSING,MISSING,MISSING,MISSING,MISSING,MISSING,NOT_SAMPLED,MISSING,MISSING,False,coverage_note,MISSING,MISSING,MISSING,MISSING,MISSING,MISSING,MISSING,MISSING,results/probe_raw.jsonl,MISSING,MISSING,MISSING,37730234383,11530906396,mis-probe-37730234383,1b4caf9efcbb0575771726b356751f177bba37439179cb14bfc9b8a9bc9a88e0,2026-10-08,2026-10-08T13:35:00+08:00,UNCALCULABLE_EVIDENCE_V1,d8fcacd07b965f537a310485ddfbdfef96f5df25,live/replay implementation base; diagnostic file hash identifies this uncommitted report generator,be28204cf9fc4a1a9edb20ce07b6838c503e385bafa0237a6a1b04ee9857f28a,2dd62b249a181d7045c957f0c33501cc574723cd,37742790398,2026-10-08T15:20:18.859+08:00,2026-10-08T17:27:03.597+08:00
9937,全國,TWSE,tse,preclose,2026-10-08T13:24:50.000+08:00,2026-10-08T13:25:10.612+08:00,2026-10-08T13:25:11.790+08:00,13:25:11,20261008,MISSING,MISSING,MISSING,MISSING,MISSING,13:24:27,-,-,0,-,-,20261008,MISSING,-,-,-,200,null,False,False,True,selected_result,0,40,18,67b51f79b020e9799b3328e2861f4a48d2aec4c2daf59b93277e2ff46a872dac,790.0,FRESH,no_trade_or_incomplete_identity,NO_NESTED_TRADE_ZERO_REPORTED_VOLUME,results/preclose_raw.jsonl,40,8ef8364a836dd78fb9dce9faddc9edf1ccea16139f55dc057893777425d3e5b1,"{""@"": ""9937.tw"", ""tv"": ""-"", ""ps"": ""-"", ""pid"": ""20.tse.tw|2135163"", ""pz"": ""-"", ""bp"": ""0"", ""m%"": ""045350"", ""^"": ""20261008"", ""key"": ""tse_9937.tw_20261008"", ""a"": ""55.2000_55.3000_55.4000_55.5000_56.0000_"", ""b"": ""54.8000_54.4000_54.3000_54.2000_54.1000_"", ""c"": ""9937"", ""#"": ""20.tse.tw|2138795"", ""d"": ""20261008"", ""%"": ""13:24:27"", ""ch"": ""9937.tw"", ""tlong"": ""1791437067000"", ""f"": ""2_2_6_9_5_"", ""g"": ""2_1_2_9_5_"", ""ip"": ""0"", ""mt"": ""045350"", ""h"": ""-"", ""i"": ""23"", ""it"": ""12"", ""l"": ""-"", ""n"": ""全國"", ""o"": ""-"", ""p"": ""0"", ""ex"": ""tse"", ""s"": ""-"", ""t"": ""13:24:27"", ""u"": ""59.9000"", ""v"": ""0"", ""w"": ""49.0500"", ""nf"": ""全國加油站股份有限公司"", ""y"": ""54.5000"", ""z"": ""-"", ""ts"": ""0""}",37730234383,11530906396,mis-probe-37730234383,1b4caf9efcbb0575771726b356751f177bba37439179cb14bfc9b8a9bc9a88e0,2026-10-08,2026-10-08T13:35:00+08:00,UNCALCULABLE_EVIDENCE_V1,d8fcacd07b965f537a310485ddfbdfef96f5df25,live/replay implementation base; diagnostic file hash identifies this uncommitted report generator,be28204cf9fc4a1a9edb20ce07b6838c503e385bafa0237a6a1b04ee9857f28a,2dd62b249a181d7045c957f0c33501cc574723cd,37742790398,2026-10-08T15:20:18.859+08:00,2026-10-08T17:27:03.597+08:00
9937,全國,TWSE,tse,pre_reference_A,2026-10-08T13:27:00.000+08:00,2026-10-08T13:27:24.255+08:00,2026-10-08T13:27:25.992+08:00,13:27:24,20261008,MISSING,MISSING,MISSING,MISSING,MISSING,13:26:23,-,55.0000,0,-,-,20261008,MISSING,-,-,-,200,null,False,False,True,selected_result,0,40,18,67b51f79b020e9799b3328e2861f4a48d2aec4c2daf59b93277e2ff46a872dac,1992.0,FRESH,no_trade_or_incomplete_identity,NO_NESTED_TRADE_ZERO_REPORTED_VOLUME,results/pre_reference_A_raw.jsonl,40,d038fa1eb94c86c89482cd64d747f1093b6f3ca71e3b05da2a3ebe7afb225c4a,"{""@"": ""9937.tw"", ""tv"": ""-"", ""ps"": ""1"", ""pid"": ""20.tse.tw|2167165"", ""pz"": ""55.0000"", ""bp"": ""0"", ""m%"": ""700529"", ""^"": ""20261008"", ""key"": ""tse_9937.tw_20261008"", ""a"": ""55.2000_55.3000_55.4000_55.5000_56.0000_"", ""b"": ""54.8000_54.4000_54.3000_54.2000_54.1000_"", ""c"": ""9937"", ""#"": ""20.tse.tw|2167303"", ""d"": ""20261008"", ""%"": ""13:26:23"", ""ch"": ""9937.tw"", ""tlong"": ""1791437183000"", ""f"": ""1_2_6_9_5_"", ""g"": ""2_1_2_14_10_"", ""ip"": ""0"", ""mt"": ""700529"", ""h"": ""-"", ""i"": ""23"", ""it"": ""12"", ""l"": ""-"", ""n"": ""全國"", ""o"": ""-"", ""p"": ""0"", ""ex"": ""tse"", ""s"": ""-"", ""t"": ""13:26:23"", ""u"": ""59.9000"", ""v"": ""0"", ""w"": ""49.0500"", ""nf"": ""全國加油站股份有限公司"", ""y"": ""54.5000"", ""z"": ""-"", ""ts"": ""1""}",37730234383,11530906396,mis-probe-37730234383,1b4caf9efcbb0575771726b356751f177bba37439179cb14bfc9b8a9bc9a88e0,2026-10-08,2026-10-08T13:35:00+08:00,UNCALCULABLE_EVIDENCE_V1,d8fcacd07b965f537a310485ddfbdfef96f5df25,live/replay implementation base; diagnostic file hash identifies this uncommitted report generator,be28204cf9fc4a1a9edb20ce07b6838c503e385bafa0237a6a1b04ee9857f28a,2dd62b249a181d7045c957f0c33501cc574723cd,37742790398,2026-10-08T15:20:18.859+08:00,2026-10-08T17:27:03.597+08:00
9937,全國,TWSE,tse,pre_reference_B,2026-10-08T13:28:15.000+08:00,2026-10-08T13:28:45.421+08:00,2026-10-08T13:28:47.842+08:00,13:28:46,20261008,MISSING,MISSING,MISSING,MISSING,MISSING,13:27:59,-,55.2000,0,-,-,20261008,MISSING,-,-,-,200,null,False,False,True,selected_result,0,40,18,67b51f79b020e9799b3328e2861f4a48d2aec4c2daf59b93277e2ff46a872dac,1842.0,FRESH,no_trade_or_incomplete_identity,NO_NESTED_TRADE_ZERO_REPORTED_VOLUME,results/pre_reference_B_raw.jsonl,40,44a52e990fb566d94ffb6a6dd4006f975b3343dcb8b86b702ac6bdb0b53bf2ac,"{""@"": ""9937.tw"", ""tv"": ""-"", ""ps"": ""2"", ""pid"": ""20.tse.tw|2191617"", ""pz"": ""55.2000"", ""bp"": ""0"", ""m%"": ""004503"", ""^"": ""20261008"", ""key"": ""tse_9937.tw_20261008"", ""a"": ""55.3000_55.4000_55.5000_56.0000_56.2000_"", ""b"": ""55.0000_54.4000_54.3000_54.2000_54.1000_"", ""c"": ""9937"", ""#"": ""20.tse.tw|2199753"", ""d"": ""20261008"", ""%"": ""13:27:59"", ""ch"": ""9937.tw"", ""tlong"": ""1791437279000"", ""f"": ""2_6_9_5_1_"", ""g"": ""1_1_2_14_12_"", ""ip"": ""0"", ""mt"": ""004503"", ""h"": ""-"", ""i"": ""23"", ""it"": ""12"", ""l"": ""-"", ""n"": ""全國"", ""o"": ""-"", ""p"": ""0"", ""ex"": ""tse"", ""s"": ""-"", ""t"": ""13:27:59"", ""u"": ""59.9000"", ""v"": ""0"", ""w"": ""49.0500"", ""nf"": ""全國加油站股份有限公司"", ""y"": ""54.5000"", ""z"": ""-"", ""ts"": ""1""}",37730234383,11530906396,mis-probe-37730234383,1b4caf9efcbb0575771726b356751f177bba37439179cb14bfc9b8a9bc9a88e0,2026-10-08,2026-10-08T13:35:00+08:00,UNCALCULABLE_EVIDENCE_V1,d8fcacd07b965f537a310485ddfbdfef96f5df25,live/replay implementation base; diagnostic file hash identifies this uncommitted report generator,be28204cf9fc4a1a9edb20ce07b6838c503e385bafa0237a6a1b04ee9857f28a,2dd62b249a181d7045c957f0c33501cc574723cd,37742790398,2026-10-08T15:20:18.859+08:00,2026-10-08T17:27:03.597+08:00
9937,全國,TWSE,tse,pre_targeted_retry,2026-10-08T13:28:48.457+08:00,2026-10-08T13:28:48.459+08:00,2026-10-08T13:28:50.437+08:00,13:28:49,20261008,MISSING,MISSING,MISSING,MISSING,MISSING,13:27:59,-,55.2000,0,-,-,20261008,MISSING,-,-,-,200,null,False,False,True,selected_result,0,3,39,fcf0d3c316124e6be0f20b6125219739e6f1c2cb9ffa834badf2bb99872a8b08,1437.0,FRESH,no_trade_or_incomplete_identity,NO_NESTED_TRADE_ZERO_REPORTED_VOLUME,results/pre_targeted_retry_raw.jsonl,3,d0c2509fcbc842a18f80fe6ff68c1637f7fa5ac9e78c527b23152de701b62e32,"{""@"": ""9937.tw"", ""tv"": ""-"", ""ps"": ""2"", ""pid"": ""20.tse.tw|2191617"", ""pz"": ""55.2000"", ""bp"": ""0"", ""m%"": ""004503"", ""^"": ""20261008"", ""key"": ""tse_9937.tw_20261008"", ""a"": ""55.3000_55.4000_55.5000_56.0000_56.2000_"", ""b"": ""55.0000_54.4000_54.3000_54.2000_54.1000_"", ""c"": ""9937"", ""#"": ""20.tse.tw|2199753"", ""d"": ""20261008"", ""%"": ""13:27:59"", ""ch"": ""9937.tw"", ""tlong"": ""1791437279000"", ""f"": ""2_6_9_5_1_"", ""g"": ""1_1_2_14_12_"", ""ip"": ""0"", ""mt"": ""004503"", ""h"": ""-"", ""i"": ""23"", ""it"": ""12"", ""l"": ""-"", ""n"": ""全國"", ""o"": ""-"", ""p"": ""0"", ""ex"": ""tse"", ""s"": ""-"", ""t"": ""13:27:59"", ""u"": ""59.9000"", ""v"": ""0"", ""w"": ""49.0500"", ""nf"": ""全國加油站股份有限公司"", ""y"": ""54.5000"", ""z"": ""-"", ""ts"": ""1""}",37730234383,11530906396,mis-probe-37730234383,1b4caf9efcbb0575771726b356751f177bba37439179cb14bfc9b8a9bc9a88e0,2026-10-08,2026-10-08T13:35:00+08:00,UNCALCULABLE_EVIDENCE_V1,d8fcacd07b965f537a310485ddfbdfef96f5df25,live/replay implementation base; diagnostic file hash identifies this uncommitted report generator,be28204cf9fc4a1a9edb20ce07b6838c503e385bafa0237a6a1b04ee9857f28a,2dd62b249a181d7045c957f0c33501cc574723cd,37742790398,2026-10-08T15:20:18.859+08:00,2026-10-08T17:27:03.597+08:00
9937,全國,TWSE,tse,pre_targeted_retry,2026-10-08T13:28:57.201+08:00,2026-10-08T13:28:57.201+08:00,2026-10-08T13:28:58.004+08:00,MISSING,MISSING,MISSING,MISSING,MISSING,MISSING,MISSING,MISSING,MISSING,MISSING,MISSING,MISSING,MISSING,MISSING,MISSING,MISSING,MISSING,MISSING,null,RESPONSE_AFTER_CAPTURE_DEADLINE:URLError:<urlopen error timed out>,True,False,True,HTTP_attempt,0,1,25,248ef639ea777795f75262d307ea71aa2ea127a7cbb84226f95511e1565f3950,null,NOT_FRESH_OR_UNAVAILABLE,RESPONSE_AFTER_CAPTURE_DEADLINE:URLError:<urlopen error timed out>,NO_RESPONSE_ITEM,results/pre_targeted_retry_raw.jsonl,4,5f26b410f8b93db9844cc880f137cf9653c7a33ef31353cec3dd6d7ac17220b2,MISSING,37730234383,11530906396,mis-probe-37730234383,1b4caf9efcbb0575771726b356751f177bba37439179cb14bfc9b8a9bc9a88e0,2026-10-08,2026-10-08T13:35:00+08:00,UNCALCULABLE_EVIDENCE_V1,d8fcacd07b965f537a310485ddfbdfef96f5df25,live/replay implementation base; diagnostic file hash identifies this uncommitted report generator,be28204cf9fc4a1a9edb20ce07b6838c503e385bafa0237a6a1b04ee9857f28a,2dd62b249a181d7045c957f0c33501cc574723cd,37742790398,2026-10-08T15:20:18.859+08:00,2026-10-08T17:27:03.597+08:00
9937,全國,TWSE,tse,pre_targeted_retry,2026-10-08T13:28:57.201+08:00,2026-10-08T13:28:58.505+08:00,2026-10-08T13:28:58.505+08:00,MISSING,MISSING,MISSING,MISSING,MISSING,MISSING,MISSING,MISSING,MISSING,MISSING,MISSING,MISSING,MISSING,MISSING,MISSING,MISSING,MISSING,MISSING,null,CAPTURE_DEADLINE_NO_REQUEST,True,False,False,selected_result,null,1,25,248ef639ea777795f75262d307ea71aa2ea127a7cbb84226f95511e1565f3950,null,NOT_FRESH_OR_UNAVAILABLE,CAPTURE_DEADLINE_NO_REQUEST,NO_RESPONSE_ITEM,results/pre_targeted_retry_raw.jsonl,4,5f26b410f8b93db9844cc880f137cf9653c7a33ef31353cec3dd6d7ac17220b2,MISSING,37730234383,11530906396,mis-probe-37730234383,1b4caf9efcbb0575771726b356751f177bba37439179cb14bfc9b8a9bc9a88e0,2026-10-08,2026-10-08T13:35:00+08:00,UNCALCULABLE_EVIDENCE_V1,d8fcacd07b965f537a310485ddfbdfef96f5df25,live/replay implementation base; diagnostic file hash identifies this uncommitted report generator,be28204cf9fc4a1a9edb20ce07b6838c503e385bafa0237a6a1b04ee9857f28a,2dd62b249a181d7045c957f0c33501cc574723cd,37742790398,2026-10-08T15:20:18.859+08:00,2026-10-08T17:27:03.597+08:00
9937,全國,TWSE,tse,pre_reference_C,2026-10-08T13:29:00.000+08:00,2026-10-08T13:29:22.858+08:00,2026-10-08T13:29:23.450+08:00,13:28:46,20261008,36877,MISSING,MISSING,MISSING,MISSING,13:27:59,-,55.2000,0,-,-,20261008,MISSING,-,-,-,200,null,False,False,True,selected_result,0,40,18,67b51f79b020e9799b3328e2861f4a48d2aec4c2daf59b93277e2ff46a872dac,37450.0,NOT_FRESH_OR_UNAVAILABLE,stale_cache,NO_NESTED_TRADE_ZERO_REPORTED_VOLUME,results/pre_reference_C_raw.jsonl,40,cf4deef3cf6aa8b308ce1296ae5ee485b335f232cefc865b16356dcaaf68083c,"{""@"": ""9937.tw"", ""tv"": ""-"", ""ps"": ""2"", ""pid"": ""20.tse.tw|2191617"", ""pz"": ""55.2000"", ""bp"": ""0"", ""m%"": ""004503"", ""^"": ""20261008"", ""key"": ""tse_9937.tw_20261008"", ""a"": ""55.3000_55.4000_55.5000_56.0000_56.2000_"", ""b"": ""55.0000_54.4000_54.3000_54.2000_54.1000_"", ""c"": ""9937"", ""#"": ""20.tse.tw|2199753"", ""d"": ""20261008"", ""%"": ""13:27:59"", ""ch"": ""9937.tw"", ""tlong"": ""1791437279000"", ""f"": ""2_6_9_5_1_"", ""g"": ""1_1_2_14_12_"", ""ip"": ""0"", ""mt"": ""004503"", ""h"": ""-"", ""i"": ""23"", ""it"": ""12"", ""l"": ""-"", ""n"": ""全國"", ""o"": ""-"", ""p"": ""0"", ""ex"": ""tse"", ""s"": ""-"", ""t"": ""13:27:59"", ""u"": ""59.9000"", ""v"": ""0"", ""w"": ""49.0500"", ""nf"": ""全國加油站股份有限公司"", ""y"": ""54.5000"", ""z"": ""-"", ""ts"": ""1""}",37730234383,11530906396,mis-probe-37730234383,1b4caf9efcbb0575771726b356751f177bba37439179cb14bfc9b8a9bc9a88e0,2026-10-08,2026-10-08T13:35:00+08:00,UNCALCULABLE_EVIDENCE_V1,d8fcacd07b965f537a310485ddfbdfef96f5df25,live/replay implementation base; diagnostic file hash identifies this uncommitted report generator,be28204cf9fc4a1a9edb20ce07b6838c503e385bafa0237a6a1b04ee9857f28a,2dd62b249a181d7045c957f0c33501cc574723cd,37742790398,2026-10-08T15:20:18.859+08:00,2026-10-08T17:27:03.597+08:00
9937,全國,TWSE,tse,pre_targeted_retry,2026-10-08T13:29:25.164+08:00,2026-10-08T13:29:25.164+08:00,2026-10-08T13:29:26.413+08:00,13:29:26,20261008,MISSING,MISSING,MISSING,MISSING,MISSING,13:27:59,-,55.2000,0,-,-,20261008,MISSING,-,-,-,200,null,False,False,True,selected_result,0,1,25,248ef639ea777795f75262d307ea71aa2ea127a7cbb84226f95511e1565f3950,413.0,FRESH,no_trade_or_incomplete_identity,NO_NESTED_TRADE_ZERO_REPORTED_VOLUME,results/pre_targeted_retry_raw.jsonl,5,0c1134bcaf38056edad5878f09621ec4ba8e54998c4e4f98959e48041108ccfd,"{""@"": ""9937.tw"", ""tv"": ""-"", ""ps"": ""2"", ""pid"": ""20.tse.tw|2191617"", ""pz"": ""55.2000"", ""bp"": ""0"", ""m%"": ""004503"", ""^"": ""20261008"", ""key"": ""tse_9937.tw_20261008"", ""a"": ""55.3000_55.4000_55.5000_56.0000_56.2000_"", ""b"": ""55.0000_54.4000_54.3000_54.2000_54.1000_"", ""c"": ""9937"", ""#"": ""20.tse.tw|2199753"", ""d"": ""20261008"", ""%"": ""13:27:59"", ""ch"": ""9937.tw"", ""tlong"": ""1791437279000"", ""f"": ""2_6_9_5_1_"", ""g"": ""1_1_2_14_12_"", ""ip"": ""0"", ""mt"": ""004503"", ""h"": ""-"", ""i"": ""23"", ""it"": ""12"", ""l"": ""-"", ""n"": ""全國"", ""o"": ""-"", ""p"": ""0"", ""ex"": ""tse"", ""s"": ""-"", ""t"": ""13:27:59"", ""u"": ""59.9000"", ""v"": ""0"", ""w"": ""49.0500"", ""nf"": ""全國加油站股份有限公司"", ""y"": ""54.5000"", ""z"": ""-"", ""ts"": ""1""}",37730234383,11530906396,mis-probe-37730234383,1b4caf9efcbb0575771726b356751f177bba37439179cb14bfc9b8a9bc9a88e0,2026-10-08,2026-10-08T13:35:00+08:00,UNCALCULABLE_EVIDENCE_V1,d8fcacd07b965f537a310485ddfbdfef96f5df25,live/replay implementation base; diagnostic file hash identifies this uncommitted report generator,be28204cf9fc4a1a9edb20ce07b6838c503e385bafa0237a6a1b04ee9857f28a,2dd62b249a181d7045c957f0c33501cc574723cd,37742790398,2026-10-08T15:20:18.859+08:00,2026-10-08T17:27:03.597+08:00
9937,全國,TWSE,tse,close_reference_A,2026-10-08T13:32:30.000+08:00,2026-10-08T13:32:43.615+08:00,2026-10-08T13:32:45.326+08:00,13:32:45,20261008,MISSING,13:30:00,55.2000,2,20,13:30:00,55.2000,55.2000,2,2,2,20261008,MISSING,55.2000,55.2000,55.2000,200,null,False,True,True,selected_result,0,40,18,67b51f79b020e9799b3328e2861f4a48d2aec4c2daf59b93277e2ff46a872dac,326.0,FRESH,null,TRADE_NOT_BEFORE_1325,results/close_reference_A_raw.jsonl,40,ca6a9e267e84d81d3ed52ae436a9fb84311583a06d16f087d8d7cc28f5448190,"{""@"": ""9937.tw"", ""tv"": ""2"", ""ps"": ""2"", ""pid"": ""20.tse.tw|2226932"", ""pz"": ""55.2000"", ""bp"": ""0"", ""m%"": ""000000"", ""^"": ""20261008"", ""key"": ""tse_9937.tw_20261008"", ""a"": ""55.3000_55.4000_55.5000_56.0000_56.2000_"", ""b"": ""55.0000_54.4000_54.3000_54.2000_54.1000_"", ""c"": ""9937"", ""#"": ""20.tse.tw|2228312"", ""d"": ""20261008"", ""%"": ""13:30:00"", ""ch"": ""9937.tw"", ""tlong"": ""1791437400000"", ""f"": ""2_6_9_5_1_"", ""g"": ""1_1_2_14_12_"", ""ip"": ""0"", ""mt"": ""000000"", ""h"": ""55.2000"", ""i"": ""23"", ""it"": ""12"", ""l"": ""55.2000"", ""n"": ""全國"", ""o"": ""55.2000"", ""p"": ""0"", ""ex"": ""tse"", ""s"": ""2"", ""trade"": {""t"": ""13:30:00"", ""v"": 2, ""z"": ""55.2000"", ""ft"": 20}, ""t"": ""13:30:00"", ""u"": ""59.9000"", ""v"": ""2"", ""w"": ""49.0500"", ""nf"": ""全國加油站股份有限公司"", ""y"": ""54.5000"", ""z"": ""55.2000"", ""ts"": ""0""}",37730234383,11530906396,mis-probe-37730234383,1b4caf9efcbb0575771726b356751f177bba37439179cb14bfc9b8a9bc9a88e0,2026-10-08,2026-10-08T13:35:00+08:00,UNCALCULABLE_EVIDENCE_V1,d8fcacd07b965f537a310485ddfbdfef96f5df25,live/replay implementation base; diagnostic file hash identifies this uncommitted report generator,be28204cf9fc4a1a9edb20ce07b6838c503e385bafa0237a6a1b04ee9857f28a,2dd62b249a181d7045c957f0c33501cc574723cd,37742790398,2026-10-08T15:20:18.859+08:00,2026-10-08T17:27:03.597+08:00
9937,全國,TWSE,tse,close_reference_B,2026-10-08T13:33:20.000+08:00,2026-10-08T13:33:20.000+08:00,2026-10-08T13:33:24.697+08:00,13:33:22,20261008,MISSING,13:30:00,55.2000,2,20,13:30:00,55.2000,55.2000,2,2,2,20261008,MISSING,55.2000,55.2000,55.2000,200,null,False,True,True,selected_result,0,1,50,528900bbc9b386c73cc913e465eda3a7246f1e200c23f72512d9fee84f1b9bd6,2697.0,FRESH,null,TRADE_NOT_BEFORE_1325,results/close_reference_B_raw.jsonl,1,e0b9fc74d16e000aa6d4006db47091ac2ddd4336391da22cbb84da93fa0d8a30,"{""@"": ""9937.tw"", ""tv"": ""2"", ""ps"": ""2"", ""pid"": ""20.tse.tw|2226932"", ""pz"": ""55.2000"", ""bp"": ""0"", ""m%"": ""000000"", ""^"": ""20261008"", ""key"": ""tse_9937.tw_20261008"", ""a"": ""55.3000_55.4000_55.5000_56.0000_56.2000_"", ""b"": ""55.0000_54.4000_54.3000_54.2000_54.1000_"", ""c"": ""9937"", ""#"": ""20.tse.tw|2228312"", ""d"": ""20261008"", ""%"": ""13:30:00"", ""ch"": ""9937.tw"", ""tlong"": ""1791437400000"", ""f"": ""2_6_9_5_1_"", ""g"": ""1_1_2_14_12_"", ""ip"": ""0"", ""mt"": ""000000"", ""h"": ""55.2000"", ""i"": ""23"", ""it"": ""12"", ""l"": ""55.2000"", ""n"": ""全國"", ""o"": ""55.2000"", ""p"": ""0"", ""ex"": ""tse"", ""s"": ""2"", ""trade"": {""t"": ""13:30:00"", ""v"": 2, ""z"": ""55.2000"", ""ft"": 20}, ""t"": ""13:30:00"", ""u"": ""59.9000"", ""v"": ""2"", ""w"": ""49.0500"", ""nf"": ""全國加油站股份有限公司"", ""y"": ""54.5000"", ""z"": ""55.2000"", ""ts"": ""0""}",37730234383,11530906396,mis-probe-37730234383,1b4caf9efcbb0575771726b356751f177bba37439179cb14bfc9b8a9bc9a88e0,2026-10-08,2026-10-08T13:35:00+08:00,UNCALCULABLE_EVIDENCE_V1,d8fcacd07b965f537a310485ddfbdfef96f5df25,live/replay implementation base; diagnostic file hash identifies this uncommitted report generator,be28204cf9fc4a1a9edb20ce07b6838c503e385bafa0237a6a1b04ee9857f28a,2dd62b249a181d7045c957f0c33501cc574723cd,37742790398,2026-10-08T15:20:18.859+08:00,2026-10-08T17:27:03.597+08:00
9937,全國,TWSE,tse,close_reference_C,MISSING,MISSING,MISSING,MISSING,MISSING,MISSING,MISSING,MISSING,MISSING,MISSING,MISSING,MISSING,MISSING,MISSING,MISSING,MISSING,MISSING,MISSING,MISSING,MISSING,MISSING,MISSING,NOT_SCHEDULED,MISSING,MISSING,False,coverage_note,MISSING,MISSING,MISSING,MISSING,MISSING,MISSING,MISSING,MISSING,results/close_reference_C_raw.jsonl,MISSING,MISSING,MISSING,37730234383,11530906396,mis-probe-37730234383,1b4caf9efcbb0575771726b356751f177bba37439179cb14bfc9b8a9bc9a88e0,2026-10-08,2026-10-08T13:35:00+08:00,UNCALCULABLE_EVIDENCE_V1,d8fcacd07b965f537a310485ddfbdfef96f5df25,live/replay implementation base; diagnostic file hash identifies this uncommitted report generator,be28204cf9fc4a1a9edb20ce07b6838c503e385bafa0237a6a1b04ee9857f28a,2dd62b249a181d7045c957f0c33501cc574723cd,37742790398,2026-10-08T15:20:18.859+08:00,2026-10-08T17:27:03.597+08:00
9937,全國,TWSE,tse,per_second_probe,MISSING,MISSING,MISSING,MISSING,MISSING,MISSING,MISSING,MISSING,MISSING,MISSING,MISSING,MISSING,MISSING,MISSING,MISSING,MISSING,MISSING,MISSING,MISSING,MISSING,MISSING,MISSING,NOT_SAMPLED,MISSING,MISSING,False,coverage_note,MISSING,MISSING,MISSING,MISSING,MISSING,MISSING,MISSING,MISSING,results/probe_raw.jsonl,MISSING,MISSING,MISSING,37730234383,11530906396,mis-probe-37730234383,1b4caf9efcbb0575771726b356751f177bba37439179cb14bfc9b8a9bc9a88e0,2026-10-08,2026-10-08T13:35:00+08:00,UNCALCULABLE_EVIDENCE_V1,d8fcacd07b965f537a310485ddfbdfef96f5df25,live/replay implementation base; diagnostic file hash identifies this uncommitted report generator,be28204cf9fc4a1a9edb20ce07b6838c503e385bafa0237a6a1b04ee9857f28a,2dd62b249a181d7045c957f0c33501cc574723cd,37742790398,2026-10-08T15:20:18.859+08:00,2026-10-08T17:27:03.597+08:00
2073,雄順,TPEx,otc,preclose,2026-10-08T13:24:50.000+08:00,2026-10-08T13:24:50.001+08:00,2026-10-08T13:24:52.555+08:00,13:24:52,20261008,MISSING,MISSING,MISSING,MISSING,MISSING,13:23:04,-,-,0,-,-,20261008,MISSING,-,-,-,200,null,False,False,True,selected_result,0,1,50,5aa47ea4f2fa1b7d9dd1ec456133fca116d7325596ca14aa211840f3538bf677,555.0,FRESH,stale_cache,NO_NESTED_TRADE_ZERO_REPORTED_VOLUME,results/preclose_raw.jsonl,1,6c0fe99b6f7880aed4c1c9527bec2271f5aa365506cb533c6a03fe77d3c3fd46,"{""@"": ""2073.tw"", ""tv"": ""-"", ""ps"": ""-"", ""pid"": ""20.otc.tw|1358189"", ""pz"": ""-"", ""bp"": ""0"", ""m%"": ""344438"", ""^"": ""20261008"", ""key"": ""otc_2073.tw_20261008"", ""a"": ""25.6000_26.2000_26.5500_28.0000_28.1500_"", ""b"": ""25.1500_25.0000_24.9000_24.8500_24.8000_"", ""c"": ""2073"", ""#"": ""20.otc.tw|1360764"", ""d"": ""20261008"", ""%"": ""13:23:04"", ""ch"": ""2073.tw"", ""tlong"": ""1791436984000"", ""f"": ""1_4_1_5_3_"", ""g"": ""1_1_1_1_1_"", ""ip"": ""0"", ""mt"": ""344438"", ""h"": ""-"", ""i"": ""10"", ""it"": ""12"", ""l"": ""-"", ""n"": ""雄順"", ""o"": ""-"", ""p"": ""0"", ""ex"": ""otc"", ""s"": ""-"", ""t"": ""13:23:04"", ""u"": ""28.1500"", ""v"": ""0"", ""w"": ""23.0500"", ""nf"": ""雄順金屬股份有限公司"", ""y"": ""25.6000"", ""z"": ""-"", ""ts"": ""0""}",37730234383,11530906396,mis-probe-37730234383,1b4caf9efcbb0575771726b356751f177bba37439179cb14bfc9b8a9bc9a88e0,2026-10-08,2026-10-08T13:35:00+08:00,UNCALCULABLE_EVIDENCE_V1,d8fcacd07b965f537a310485ddfbdfef96f5df25,live/replay implementation base; diagnostic file hash identifies this uncommitted report generator,be28204cf9fc4a1a9edb20ce07b6838c503e385bafa0237a6a1b04ee9857f28a,2dd62b249a181d7045c957f0c33501cc574723cd,37742790398,2026-10-08T15:20:18.859+08:00,2026-10-08T17:27:03.597+08:00
2073,雄順,TPEx,otc,pre_reference_A,2026-10-08T13:27:00.000+08:00,2026-10-08T13:27:00.000+08:00,2026-10-08T13:27:02.537+08:00,13:27:01,20261008,MISSING,MISSING,MISSING,MISSING,MISSING,13:25:01,-,-,0,-,-,20261008,MISSING,-,-,-,200,null,False,False,True,selected_result,0,1,50,5aa47ea4f2fa1b7d9dd1ec456133fca116d7325596ca14aa211840f3538bf677,1537.0,FRESH,no_trade_or_incomplete_identity,NO_NESTED_TRADE_ZERO_REPORTED_VOLUME,results/pre_reference_A_raw.jsonl,1,7ba0a4a6fba0567a72b450d924475afb6ee83910d87d1c6c9c0ea2e065c17051,"{""@"": ""2073.tw"", ""tv"": ""-"", ""ps"": ""-"", ""pid"": ""20.otc.tw|1377984"", ""pz"": ""-"", ""bp"": ""0"", ""m%"": ""040444"", ""^"": ""20261008"", ""key"": ""otc_2073.tw_20261008"", ""a"": ""25.6000_26.2000_26.5500_28.0000_28.1500_"", ""b"": ""25.1500_25.0000_24.9000_24.8500_24.8000_"", ""c"": ""2073"", ""#"": ""20.otc.tw|1382101"", ""d"": ""20261008"", ""%"": ""13:25:01"", ""ch"": ""2073.tw"", ""tlong"": ""1791437101000"", ""f"": ""1_4_1_5_3_"", ""g"": ""1_1_1_1_1_"", ""ip"": ""0"", ""mt"": ""040444"", ""h"": ""-"", ""i"": ""10"", ""it"": ""12"", ""l"": ""-"", ""n"": ""雄順"", ""o"": ""-"", ""p"": ""0"", ""ex"": ""otc"", ""s"": ""-"", ""t"": ""13:25:01"", ""u"": ""28.1500"", ""v"": ""0"", ""w"": ""23.0500"", ""nf"": ""雄順金屬股份有限公司"", ""y"": ""25.6000"", ""z"": ""-"", ""ts"": ""1""}",37730234383,11530906396,mis-probe-37730234383,1b4caf9efcbb0575771726b356751f177bba37439179cb14bfc9b8a9bc9a88e0,2026-10-08,2026-10-08T13:35:00+08:00,UNCALCULABLE_EVIDENCE_V1,d8fcacd07b965f537a310485ddfbdfef96f5df25,live/replay implementation base; diagnostic file hash identifies this uncommitted report generator,be28204cf9fc4a1a9edb20ce07b6838c503e385bafa0237a6a1b04ee9857f28a,2dd62b249a181d7045c957f0c33501cc574723cd,37742790398,2026-10-08T15:20:18.859+08:00,2026-10-08T17:27:03.597+08:00
2073,雄順,TPEx,otc,pre_reference_B,2026-10-08T13:28:15.000+08:00,2026-10-08T13:28:15.000+08:00,2026-10-08T13:28:17.503+08:00,13:28:16,20261008,MISSING,MISSING,MISSING,MISSING,MISSING,13:25:01,-,-,0,-,-,20261008,MISSING,-,-,-,200,null,False,False,True,selected_result,0,1,50,5aa47ea4f2fa1b7d9dd1ec456133fca116d7325596ca14aa211840f3538bf677,1503.0,FRESH,no_trade_or_incomplete_identity,NO_NESTED_TRADE_ZERO_REPORTED_VOLUME,results/pre_reference_B_raw.jsonl,1,2b649e1ffef10a3a025abcfb4bdb6a4eafac541f60239afbb5ac3086b9d22179,"{""@"": ""2073.tw"", ""tv"": ""-"", ""ps"": ""-"", ""pid"": ""20.otc.tw|1389687"", ""pz"": ""-"", ""bp"": ""0"", ""m%"": ""040444"", ""^"": ""20261008"", ""key"": ""otc_2073.tw_20261008"", ""a"": ""25.6000_26.2000_26.5500_28.0000_28.1500_"", ""b"": ""25.1500_25.0000_24.9000_24.8500_24.8000_"", ""c"": ""2073"", ""#"": ""20.otc.tw|1393497"", ""d"": ""20261008"", ""%"": ""13:25:01"", ""ch"": ""2073.tw"", ""tlong"": ""1791437101000"", ""f"": ""1_4_1_5_3_"", ""g"": ""1_1_1_1_1_"", ""ip"": ""0"", ""mt"": ""040444"", ""h"": ""-"", ""i"": ""10"", ""it"": ""12"", ""l"": ""-"", ""n"": ""雄順"", ""o"": ""-"", ""p"": ""0"", ""ex"": ""otc"", ""s"": ""-"", ""t"": ""13:25:01"", ""u"": ""28.1500"", ""v"": ""0"", ""w"": ""23.0500"", ""nf"": ""雄順金屬股份有限公司"", ""y"": ""25.6000"", ""z"": ""-"", ""ts"": ""1""}",37730234383,11530906396,mis-probe-37730234383,1b4caf9efcbb0575771726b356751f177bba37439179cb14bfc9b8a9bc9a88e0,2026-10-08,2026-10-08T13:35:00+08:00,UNCALCULABLE_EVIDENCE_V1,d8fcacd07b965f537a310485ddfbdfef96f5df25,live/replay implementation base; diagnostic file hash identifies this uncommitted report generator,be28204cf9fc4a1a9edb20ce07b6838c503e385bafa0237a6a1b04ee9857f28a,2dd62b249a181d7045c957f0c33501cc574723cd,37742790398,2026-10-08T15:20:18.859+08:00,2026-10-08T17:27:03.597+08:00
2073,雄順,TPEx,otc,pre_targeted_retry,2026-10-08T13:28:48.457+08:00,2026-10-08T13:28:48.458+08:00,2026-10-08T13:28:52.051+08:00,13:28:50,20261008,MISSING,MISSING,MISSING,MISSING,MISSING,13:25:01,-,-,0,-,-,20261008,MISSING,-,-,-,200,null,False,False,True,selected_result,0,1,50,4e4af890c598365c118844579b16903ed4466f3f04be175c39af888b3d14164c,2051.0,FRESH,no_trade_or_incomplete_identity,NO_NESTED_TRADE_ZERO_REPORTED_VOLUME,results/pre_targeted_retry_raw.jsonl,1,2ebe254a86ec004d48a031ba50113074cb610f66dbf5b4d55bebc6ddc6c6fa95,"{""@"": ""2073.tw"", ""tv"": ""-"", ""ps"": ""-"", ""pid"": ""20.otc.tw|1393497"", ""pz"": ""-"", ""bp"": ""0"", ""m%"": ""040444"", ""^"": ""20261008"", ""key"": ""otc_2073.tw_20261008"", ""a"": ""25.6000_26.2000_26.5500_28.0000_28.1500_"", ""b"": ""25.1500_25.0000_24.9000_24.8500_24.8000_"", ""c"": ""2073"", ""#"": ""20.otc.tw|1397636"", ""d"": ""20261008"", ""%"": ""13:25:01"", ""ch"": ""2073.tw"", ""tlong"": ""1791437101000"", ""f"": ""1_4_1_5_3_"", ""g"": ""1_1_1_1_1_"", ""ip"": ""0"", ""mt"": ""040444"", ""h"": ""-"", ""i"": ""10"", ""it"": ""12"", ""l"": ""-"", ""n"": ""雄順"", ""o"": ""-"", ""p"": ""0"", ""ex"": ""otc"", ""s"": ""-"", ""t"": ""13:25:01"", ""u"": ""28.1500"", ""v"": ""0"", ""w"": ""23.0500"", ""nf"": ""雄順金屬股份有限公司"", ""y"": ""25.6000"", ""z"": ""-"", ""ts"": ""1""}",37730234383,11530906396,mis-probe-37730234383,1b4caf9efcbb0575771726b356751f177bba37439179cb14bfc9b8a9bc9a88e0,2026-10-08,2026-10-08T13:35:00+08:00,UNCALCULABLE_EVIDENCE_V1,d8fcacd07b965f537a310485ddfbdfef96f5df25,live/replay implementation base; diagnostic file hash identifies this uncommitted report generator,be28204cf9fc4a1a9edb20ce07b6838c503e385bafa0237a6a1b04ee9857f28a,2dd62b249a181d7045c957f0c33501cc574723cd,37742790398,2026-10-08T15:20:18.859+08:00,2026-10-08T17:27:03.597+08:00
2073,雄順,TPEx,otc,pre_targeted_retry,2026-10-08T13:28:57.201+08:00,2026-10-08T13:28:57.201+08:00,2026-10-08T13:28:58.004+08:00,MISSING,MISSING,MISSING,MISSING,MISSING,MISSING,MISSING,MISSING,MISSING,MISSING,MISSING,MISSING,MISSING,MISSING,MISSING,MISSING,MISSING,MISSING,null,RESPONSE_AFTER_CAPTURE_DEADLINE:URLError:<urlopen error timed out>,True,False,True,HTTP_attempt,0,1,25,248ef639ea777795f75262d307ea71aa2ea127a7cbb84226f95511e1565f3950,null,NOT_FRESH_OR_UNAVAILABLE,RESPONSE_AFTER_CAPTURE_DEADLINE:URLError:<urlopen error timed out>,NO_RESPONSE_ITEM,results/pre_targeted_retry_raw.jsonl,4,5f26b410f8b93db9844cc880f137cf9653c7a33ef31353cec3dd6d7ac17220b2,MISSING,37730234383,11530906396,mis-probe-37730234383,1b4caf9efcbb0575771726b356751f177bba37439179cb14bfc9b8a9bc9a88e0,2026-10-08,2026-10-08T13:35:00+08:00,UNCALCULABLE_EVIDENCE_V1,d8fcacd07b965f537a310485ddfbdfef96f5df25,live/replay implementation base; diagnostic file hash identifies this uncommitted report generator,be28204cf9fc4a1a9edb20ce07b6838c503e385bafa0237a6a1b04ee9857f28a,2dd62b249a181d7045c957f0c33501cc574723cd,37742790398,2026-10-08T15:20:18.859+08:00,2026-10-08T17:27:03.597+08:00
2073,雄順,TPEx,otc,pre_targeted_retry,2026-10-08T13:28:57.201+08:00,2026-10-08T13:28:58.505+08:00,2026-10-08T13:28:58.505+08:00,MISSING,MISSING,MISSING,MISSING,MISSING,MISSING,MISSING,MISSING,MISSING,MISSING,MISSING,MISSING,MISSING,MISSING,MISSING,MISSING,MISSING,MISSING,null,CAPTURE_DEADLINE_NO_REQUEST,True,False,False,selected_result,null,1,25,248ef639ea777795f75262d307ea71aa2ea127a7cbb84226f95511e1565f3950,null,NOT_FRESH_OR_UNAVAILABLE,CAPTURE_DEADLINE_NO_REQUEST,NO_RESPONSE_ITEM,results/pre_targeted_retry_raw.jsonl,4,5f26b410f8b93db9844cc880f137cf9653c7a33ef31353cec3dd6d7ac17220b2,MISSING,37730234383,11530906396,mis-probe-37730234383,1b4caf9efcbb0575771726b356751f177bba37439179cb14bfc9b8a9bc9a88e0,2026-10-08,2026-10-08T13:35:00+08:00,UNCALCULABLE_EVIDENCE_V1,d8fcacd07b965f537a310485ddfbdfef96f5df25,live/replay implementation base; diagnostic file hash identifies this uncommitted report generator,be28204cf9fc4a1a9edb20ce07b6838c503e385bafa0237a6a1b04ee9857f28a,2dd62b249a181d7045c957f0c33501cc574723cd,37742790398,2026-10-08T15:20:18.859+08:00,2026-10-08T17:27:03.597+08:00
2073,雄順,TPEx,otc,pre_reference_C,2026-10-08T13:29:00.000+08:00,2026-10-08T13:29:00.000+08:00,2026-10-08T13:29:04.071+08:00,13:28:16,20261008,45071,MISSING,MISSING,MISSING,MISSING,13:25:01,-,-,0,-,-,20261008,MISSING,-,-,-,200,null,False,False,True,selected_result,0,1,50,5aa47ea4f2fa1b7d9dd1ec456133fca116d7325596ca14aa211840f3538bf677,48071.0,NOT_FRESH_OR_UNAVAILABLE,stale_cache,NO_NESTED_TRADE_ZERO_REPORTED_VOLUME,results/pre_reference_C_raw.jsonl,1,7da3ea532f120a0d1a5a8a93694b2241ec0fefd59ec191fae6ef995d669e06d1,"{""@"": ""2073.tw"", ""tv"": ""-"", ""ps"": ""-"", ""pid"": ""20.otc.tw|1389687"", ""pz"": ""-"", ""bp"": ""0"", ""m%"": ""040444"", ""^"": ""20261008"", ""key"": ""otc_2073.tw_20261008"", ""a"": ""25.6000_26.2000_26.5500_28.0000_28.1500_"", ""b"": ""25.1500_25.0000_24.9000_24.8500_24.8000_"", ""c"": ""2073"", ""#"": ""20.otc.tw|1393497"", ""d"": ""20261008"", ""%"": ""13:25:01"", ""ch"": ""2073.tw"", ""tlong"": ""1791437101000"", ""f"": ""1_4_1_5_3_"", ""g"": ""1_1_1_1_1_"", ""ip"": ""0"", ""mt"": ""040444"", ""h"": ""-"", ""i"": ""10"", ""it"": ""12"", ""l"": ""-"", ""n"": ""雄順"", ""o"": ""-"", ""p"": ""0"", ""ex"": ""otc"", ""s"": ""-"", ""t"": ""13:25:01"", ""u"": ""28.1500"", ""v"": ""0"", ""w"": ""23.0500"", ""nf"": ""雄順金屬股份有限公司"", ""y"": ""25.6000"", ""z"": ""-"", ""ts"": ""1""}",37730234383,11530906396,mis-probe-37730234383,1b4caf9efcbb0575771726b356751f177bba37439179cb14bfc9b8a9bc9a88e0,2026-10-08,2026-10-08T13:35:00+08:00,UNCALCULABLE_EVIDENCE_V1,d8fcacd07b965f537a310485ddfbdfef96f5df25,live/replay implementation base; diagnostic file hash identifies this uncommitted report generator,be28204cf9fc4a1a9edb20ce07b6838c503e385bafa0237a6a1b04ee9857f28a,2dd62b249a181d7045c957f0c33501cc574723cd,37742790398,2026-10-08T15:20:18.859+08:00,2026-10-08T17:27:03.597+08:00
2073,雄順,TPEx,otc,pre_targeted_retry,2026-10-08T13:29:25.164+08:00,2026-10-08T13:29:25.164+08:00,2026-10-08T13:29:26.413+08:00,13:29:26,20261008,MISSING,MISSING,MISSING,MISSING,MISSING,13:25:01,-,-,0,-,-,20261008,MISSING,-,-,-,200,null,False,False,True,selected_result,0,1,25,248ef639ea777795f75262d307ea71aa2ea127a7cbb84226f95511e1565f3950,413.0,FRESH,no_trade_or_incomplete_identity,NO_NESTED_TRADE_ZERO_REPORTED_VOLUME,results/pre_targeted_retry_raw.jsonl,5,0c1134bcaf38056edad5878f09621ec4ba8e54998c4e4f98959e48041108ccfd,"{""@"": ""2073.tw"", ""tv"": ""-"", ""ps"": ""-"", ""pid"": ""20.otc.tw|1393497"", ""pz"": ""-"", ""bp"": ""0"", ""m%"": ""040444"", ""^"": ""20261008"", ""key"": ""otc_2073.tw_20261008"", ""a"": ""25.6000_26.2000_26.5500_28.0000_28.1500_"", ""b"": ""25.1500_25.0000_24.9000_24.8500_24.8000_"", ""c"": ""2073"", ""#"": ""20.otc.tw|1397636"", ""d"": ""20261008"", ""%"": ""13:25:01"", ""ch"": ""2073.tw"", ""tlong"": ""1791437101000"", ""f"": ""1_4_1_5_3_"", ""g"": ""1_1_1_1_1_"", ""ip"": ""0"", ""mt"": ""040444"", ""h"": ""-"", ""i"": ""10"", ""it"": ""12"", ""l"": ""-"", ""n"": ""雄順"", ""o"": ""-"", ""p"": ""0"", ""ex"": ""otc"", ""s"": ""-"", ""t"": ""13:25:01"", ""u"": ""28.1500"", ""v"": ""0"", ""w"": ""23.0500"", ""nf"": ""雄順金屬股份有限公司"", ""y"": ""25.6000"", ""z"": ""-"", ""ts"": ""1""}",37730234383,11530906396,mis-probe-37730234383,1b4caf9efcbb0575771726b356751f177bba37439179cb14bfc9b8a9bc9a88e0,2026-10-08,2026-10-08T13:35:00+08:00,UNCALCULABLE_EVIDENCE_V1,d8fcacd07b965f537a310485ddfbdfef96f5df25,live/replay implementation base; diagnostic file hash identifies this uncommitted report generator,be28204cf9fc4a1a9edb20ce07b6838c503e385bafa0237a6a1b04ee9857f28a,2dd62b249a181d7045c957f0c33501cc574723cd,37742790398,2026-10-08T15:20:18.859+08:00,2026-10-08T17:27:03.597+08:00
2073,雄順,TPEx,otc,close_reference_A,2026-10-08T13:32:30.000+08:00,2026-10-08T13:32:30.000+08:00,2026-10-08T13:32:31.997+08:00,13:32:30,20261008,MISSING,MISSING,MISSING,MISSING,MISSING,13:30:00,-,-,0,-,-,20261008,MISSING,-,-,-,200,null,False,False,True,selected_result,0,1,50,5aa47ea4f2fa1b7d9dd1ec456133fca116d7325596ca14aa211840f3538bf677,1997.0,FRESH,no_trade_or_incomplete_identity,NO_NESTED_TRADE_ZERO_REPORTED_VOLUME,results/close_reference_A_raw.jsonl,1,e620f21927b9616903028d3a249cad1d3dd3d37d5a9a8be4697674758427a6aa,"{""@"": ""2073.tw"", ""tv"": ""-"", ""ps"": ""-"", ""pid"": ""20.otc.tw|1415735"", ""pz"": ""-"", ""bp"": ""0"", ""m%"": ""000000"", ""^"": ""20261008"", ""key"": ""otc_2073.tw_20261008"", ""a"": ""25.6000_26.2000_26.5500_28.0000_28.1500_"", ""b"": ""25.1500_25.0000_24.9000_24.8500_24.8000_"", ""c"": ""2073"", ""#"": ""20.otc.tw|1417131"", ""d"": ""20261008"", ""%"": ""13:30:00"", ""ch"": ""2073.tw"", ""tlong"": ""1791437400000"", ""f"": ""1_4_1_5_3_"", ""g"": ""1_1_1_1_1_"", ""ip"": ""0"", ""mt"": ""000000"", ""h"": ""-"", ""i"": ""10"", ""it"": ""12"", ""l"": ""-"", ""n"": ""雄順"", ""o"": ""-"", ""p"": ""0"", ""ex"": ""otc"", ""s"": ""-"", ""t"": ""13:30:00"", ""u"": ""28.1500"", ""v"": ""0"", ""w"": ""23.0500"", ""nf"": ""雄順金屬股份有限公司"", ""y"": ""25.6000"", ""z"": ""-"", ""ts"": ""0""}",37730234383,11530906396,mis-probe-37730234383,1b4caf9efcbb0575771726b356751f177bba37439179cb14bfc9b8a9bc9a88e0,2026-10-08,2026-10-08T13:35:00+08:00,UNCALCULABLE_EVIDENCE_V1,d8fcacd07b965f537a310485ddfbdfef96f5df25,live/replay implementation base; diagnostic file hash identifies this uncommitted report generator,be28204cf9fc4a1a9edb20ce07b6838c503e385bafa0237a6a1b04ee9857f28a,2dd62b249a181d7045c957f0c33501cc574723cd,37742790398,2026-10-08T15:20:18.859+08:00,2026-10-08T17:27:03.597+08:00
2073,雄順,TPEx,otc,close_reference_B,2026-10-08T13:33:20.000+08:00,2026-10-08T13:33:51.688+08:00,2026-10-08T13:33:54.435+08:00,13:33:54,20261008,MISSING,MISSING,MISSING,MISSING,MISSING,13:30:00,-,-,0,-,-,20261008,MISSING,-,-,-,200,null,False,False,True,selected_result,0,39,50,dbe4ba2300a96450a3a97f98f08b19fe91f89f36d278e48ed736161574a088d1,435.0,FRESH,no_trade_or_incomplete_identity,NO_NESTED_TRADE_ZERO_REPORTED_VOLUME,results/close_reference_B_raw.jsonl,39,47754b4eab693a80cb5c32b82975794a6a2e9abc52eb75bac197eae9eee976ee,"{""@"": ""2073.tw"", ""tv"": ""-"", ""ps"": ""-"", ""pid"": ""20.otc.tw|1418526"", ""pz"": ""-"", ""bp"": ""0"", ""m%"": ""000000"", ""^"": ""20261008"", ""key"": ""otc_2073.tw_20261008"", ""a"": ""25.6000_26.2000_26.5500_28.0000_28.1500_"", ""b"": ""25.1500_25.0000_24.9000_24.8500_24.8000_"", ""c"": ""2073"", ""#"": ""20.otc.tw|1419936"", ""d"": ""20261008"", ""%"": ""13:30:00"", ""ch"": ""2073.tw"", ""tlong"": ""1791437400000"", ""f"": ""1_4_1_5_3_"", ""g"": ""1_1_1_1_1_"", ""ip"": ""0"", ""mt"": ""000000"", ""h"": ""-"", ""i"": ""10"", ""it"": ""12"", ""l"": ""-"", ""n"": ""雄順"", ""o"": ""-"", ""p"": ""0"", ""ex"": ""otc"", ""s"": ""-"", ""t"": ""13:30:00"", ""u"": ""28.1500"", ""v"": ""0"", ""w"": ""23.0500"", ""nf"": ""雄順金屬股份有限公司"", ""y"": ""25.6000"", ""z"": ""-"", ""ts"": ""0""}",37730234383,11530906396,mis-probe-37730234383,1b4caf9efcbb0575771726b356751f177bba37439179cb14bfc9b8a9bc9a88e0,2026-10-08,2026-10-08T13:35:00+08:00,UNCALCULABLE_EVIDENCE_V1,d8fcacd07b965f537a310485ddfbdfef96f5df25,live/replay implementation base; diagnostic file hash identifies this uncommitted report generator,be28204cf9fc4a1a9edb20ce07b6838c503e385bafa0237a6a1b04ee9857f28a,2dd62b249a181d7045c957f0c33501cc574723cd,37742790398,2026-10-08T15:20:18.859+08:00,2026-10-08T17:27:03.597+08:00
2073,雄順,TPEx,otc,close_reference_C,2026-10-08T13:34:10.000+08:00,2026-10-08T13:34:10.000+08:00,2026-10-08T13:34:10.842+08:00,13:34:10,20261008,MISSING,MISSING,MISSING,MISSING,MISSING,13:30:00,-,-,0,-,-,20261008,MISSING,-,-,-,200,null,False,False,True,selected_result,0,1,29,6550d2287e85a4df0a8ec64d1c160e0dc59f57f02c6945a778432e2a5dbcb5cc,842.0,FRESH,no_trade_or_incomplete_identity,NO_NESTED_TRADE_ZERO_REPORTED_VOLUME,results/close_reference_C_raw.jsonl,1,776473020c3a315a7830eb9cd7529a970b86db8333a6313c2949d48c5d1d97ce,"{""@"": ""2073.tw"", ""tv"": ""-"", ""ps"": ""-"", ""pid"": ""20.otc.tw|1418526"", ""pz"": ""-"", ""bp"": ""0"", ""m%"": ""000000"", ""^"": ""20261008"", ""key"": ""otc_2073.tw_20261008"", ""a"": ""25.6000_26.2000_26.5500_28.0000_28.1500_"", ""b"": ""25.1500_25.0000_24.9000_24.8500_24.8000_"", ""c"": ""2073"", ""#"": ""20.otc.tw|1419936"", ""d"": ""20261008"", ""%"": ""13:30:00"", ""ch"": ""2073.tw"", ""tlong"": ""1791437400000"", ""f"": ""1_4_1_5_3_"", ""g"": ""1_1_1_1_1_"", ""ip"": ""0"", ""mt"": ""000000"", ""h"": ""-"", ""i"": ""10"", ""it"": ""12"", ""l"": ""-"", ""n"": ""雄順"", ""o"": ""-"", ""p"": ""0"", ""ex"": ""otc"", ""s"": ""-"", ""t"": ""13:30:00"", ""u"": ""28.1500"", ""v"": ""0"", ""w"": ""23.0500"", ""nf"": ""雄順金屬股份有限公司"", ""y"": ""25.6000"", ""z"": ""-"", ""ts"": ""0""}",37730234383,11530906396,mis-probe-37730234383,1b4caf9efcbb0575771726b356751f177bba37439179cb14bfc9b8a9bc9a88e0,2026-10-08,2026-10-08T13:35:00+08:00,UNCALCULABLE_EVIDENCE_V1,d8fcacd07b965f537a310485ddfbdfef96f5df25,live/replay implementation base; diagnostic file hash identifies this uncommitted report generator,be28204cf9fc4a1a9edb20ce07b6838c503e385bafa0237a6a1b04ee9857f28a,2dd62b249a181d7045c957f0c33501cc574723cd,37742790398,2026-10-08T15:20:18.859+08:00,2026-10-08T17:27:03.597+08:00
2073,雄順,TPEx,otc,per_second_probe,MISSING,MISSING,MISSING,MISSING,MISSING,MISSING,MISSING,MISSING,MISSING,MISSING,MISSING,MISSING,MISSING,MISSING,MISSING,MISSING,MISSING,MISSING,MISSING,MISSING,MISSING,MISSING,NOT_SAMPLED,MISSING,MISSING,False,coverage_note,MISSING,MISSING,MISSING,MISSING,MISSING,MISSING,MISSING,MISSING,results/probe_raw.jsonl,MISSING,MISSING,MISSING,37730234383,11530906396,mis-probe-37730234383,1b4caf9efcbb0575771726b356751f177bba37439179cb14bfc9b8a9bc9a88e0,2026-10-08,2026-10-08T13:35:00+08:00,UNCALCULABLE_EVIDENCE_V1,d8fcacd07b965f537a310485ddfbdfef96f5df25,live/replay implementation base; diagnostic file hash identifies this uncommitted report generator,be28204cf9fc4a1a9edb20ce07b6838c503e385bafa0237a6a1b04ee9857f28a,2dd62b249a181d7045c957f0c33501cc574723cd,37742790398,2026-10-08T15:20:18.859+08:00,2026-10-08T17:27:03.597+08:00
2718,全心投控,TPEx,otc,preclose,2026-10-08T13:24:50.000+08:00,2026-10-08T13:24:50.001+08:00,2026-10-08T13:24:52.555+08:00,13:24:52,20261008,MISSING,MISSING,MISSING,MISSING,MISSING,13:23:56,-,-,0,-,-,20261008,MISSING,-,-,-,200,null,False,False,True,selected_result,0,1,50,5aa47ea4f2fa1b7d9dd1ec456133fca116d7325596ca14aa211840f3538bf677,555.0,FRESH,stale_cache,NO_NESTED_TRADE_ZERO_REPORTED_VOLUME,results/preclose_raw.jsonl,1,6c0fe99b6f7880aed4c1c9527bec2271f5aa365506cb533c6a03fe77d3c3fd46,"{""@"": ""2718.tw"", ""tv"": ""-"", ""ps"": ""-"", ""pid"": ""20.otc.tw|1358198"", ""pz"": ""-"", ""bp"": ""0"", ""m%"": ""747864"", ""^"": ""20261008"", ""key"": ""otc_2718.tw_20261008"", ""a"": ""39.6500_39.7000_39.9000_40.0000_40.0500_"", ""b"": ""39.3000_39.2000_39.1500_39.0000_38.9500_"", ""c"": ""2718"", ""#"": ""20.otc.tw|1360292"", ""d"": ""20261008"", ""%"": ""13:23:56"", ""ch"": ""2718.tw"", ""tlong"": ""1791437036000"", ""f"": ""1_2_5_1_5_"", ""g"": ""2_1_3_2_1_"", ""ip"": ""0"", ""mt"": ""747864"", ""h"": ""-"", ""i"": ""14"", ""it"": ""12"", ""l"": ""-"", ""n"": ""全心投控"", ""o"": ""-"", ""p"": ""0"", ""ex"": ""otc"", ""s"": ""-"", ""t"": ""13:23:56"", ""u"": ""43.6500"", ""v"": ""0"", ""w"": ""35.7500"", ""nf"": ""全心投資控股股份有限公司"", ""y"": ""39.7000"", ""z"": ""-"", ""ts"": ""0""}",37730234383,11530906396,mis-probe-37730234383,1b4caf9efcbb0575771726b356751f177bba37439179cb14bfc9b8a9bc9a88e0,2026-10-08,2026-10-08T13:35:00+08:00,UNCALCULABLE_EVIDENCE_V1,d8fcacd07b965f537a310485ddfbdfef96f5df25,live/replay implementation base; diagnostic file hash identifies this uncommitted report generator,be28204cf9fc4a1a9edb20ce07b6838c503e385bafa0237a6a1b04ee9857f28a,2dd62b249a181d7045c957f0c33501cc574723cd,37742790398,2026-10-08T15:20:18.859+08:00,2026-10-08T17:27:03.597+08:00
2718,全心投控,TPEx,otc,pre_reference_A,2026-10-08T13:27:00.000+08:00,2026-10-08T13:27:00.000+08:00,2026-10-08T13:27:02.537+08:00,13:27:01,20261008,MISSING,MISSING,MISSING,MISSING,MISSING,13:25:27,-,-,0,-,-,20261008,MISSING,-,-,-,200,null,False,False,True,selected_result,0,1,50,5aa47ea4f2fa1b7d9dd1ec456133fca116d7325596ca14aa211840f3538bf677,1537.0,FRESH,no_trade_or_incomplete_identity,NO_NESTED_TRADE_ZERO_REPORTED_VOLUME,results/pre_reference_A_raw.jsonl,1,7ba0a4a6fba0567a72b450d924475afb6ee83910d87d1c6c9c0ea2e065c17051,"{""@"": ""2718.tw"", ""tv"": ""-"", ""ps"": ""-"", ""pid"": ""20.otc.tw|1372067"", ""pz"": ""-"", ""bp"": ""0"", ""m%"": ""324443"", ""^"": ""20261008"", ""key"": ""otc_2718.tw_20261008"", ""a"": ""39.6500_39.7000_40.0000_40.1500_40.3500_"", ""b"": ""39.5000_39.3000_39.2000_39.1500_39.0000_"", ""c"": ""2718"", ""#"": ""20.otc.tw|1377197"", ""d"": ""20261008"", ""%"": ""13:25:27"", ""ch"": ""2718.tw"", ""tlong"": ""1791437127000"", ""f"": ""1_2_1_1_1_"", ""g"": ""1_2_1_3_2_"", ""ip"": ""0"", ""mt"": ""324443"", ""h"": ""-"", ""i"": ""14"", ""it"": ""12"", ""l"": ""-"", ""n"": ""全心投控"", ""o"": ""-"", ""p"": ""0"", ""ex"": ""otc"", ""s"": ""-"", ""t"": ""13:25:27"", ""u"": ""43.6500"", ""v"": ""0"", ""w"": ""35.7500"", ""nf"": ""全心投資控股股份有限公司"", ""y"": ""39.7000"", ""z"": ""-"", ""ts"": ""1""}",37730234383,11530906396,mis-probe-37730234383,1b4caf9efcbb0575771726b356751f177bba37439179cb14bfc9b8a9bc9a88e0,2026-10-08,2026-10-08T13:35:00+08:00,UNCALCULABLE_EVIDENCE_V1,d8fcacd07b965f537a310485ddfbdfef96f5df25,live/replay implementation base; diagnostic file hash identifies this uncommitted report generator,be28204cf9fc4a1a9edb20ce07b6838c503e385bafa0237a6a1b04ee9857f28a,2dd62b249a181d7045c957f0c33501cc574723cd,37742790398,2026-10-08T15:20:18.859+08:00,2026-10-08T17:27:03.597+08:00
2718,全心投控,TPEx,otc,pre_reference_B,2026-10-08T13:28:15.000+08:00,2026-10-08T13:28:15.000+08:00,2026-10-08T13:28:17.503+08:00,13:28:16,20261008,MISSING,MISSING,MISSING,MISSING,MISSING,13:27:27,-,-,0,-,-,20261008,MISSING,-,-,-,200,null,False,False,True,selected_result,0,1,50,5aa47ea4f2fa1b7d9dd1ec456133fca116d7325596ca14aa211840f3538bf677,1503.0,FRESH,no_trade_or_incomplete_identity,NO_NESTED_TRADE_ZERO_REPORTED_VOLUME,results/pre_reference_B_raw.jsonl,1,2b649e1ffef10a3a025abcfb4bdb6a4eafac541f60239afbb5ac3086b9d22179,"{""@"": ""2718.tw"", ""tv"": ""-"", ""ps"": ""-"", ""pid"": ""20.otc.tw|1389053"", ""pz"": ""-"", ""bp"": ""0"", ""m%"": ""708200"", ""^"": ""20261008"", ""key"": ""otc_2718.tw_20261008"", ""a"": ""39.6500_39.7000_40.0000_40.1500_40.3500_"", ""b"": ""39.5000_39.3500_39.3000_39.2000_39.1500_"", ""c"": ""2718"", ""#"": ""20.otc.tw|1392782"", ""d"": ""20261008"", ""%"": ""13:27:27"", ""ch"": ""2718.tw"", ""tlong"": ""1791437247000"", ""f"": ""1_2_1_1_1_"", ""g"": ""1_3_2_1_3_"", ""ip"": ""0"", ""mt"": ""708200"", ""h"": ""-"", ""i"": ""14"", ""it"": ""12"", ""l"": ""-"", ""n"": ""全心投控"", ""o"": ""-"", ""p"": ""0"", ""ex"": ""otc"", ""s"": ""-"", ""t"": ""13:27:27"", ""u"": ""43.6500"", ""v"": ""0"", ""w"": ""35.7500"", ""nf"": ""全心投資控股股份有限公司"", ""y"": ""39.7000"", ""z"": ""-"", ""ts"": ""1""}",37730234383,11530906396,mis-probe-37730234383,1b4caf9efcbb0575771726b356751f177bba37439179cb14bfc9b8a9bc9a88e0,2026-10-08,2026-10-08T13:35:00+08:00,UNCALCULABLE_EVIDENCE_V1,d8fcacd07b965f537a310485ddfbdfef96f5df25,live/replay implementation base; diagnostic file hash identifies this uncommitted report generator,be28204cf9fc4a1a9edb20ce07b6838c503e385bafa0237a6a1b04ee9857f28a,2dd62b249a181d7045c957f0c33501cc574723cd,37742790398,2026-10-08T15:20:18.859+08:00,2026-10-08T17:27:03.597+08:00
2718,全心投控,TPEx,otc,pre_targeted_retry,2026-10-08T13:28:48.457+08:00,2026-10-08T13:28:48.458+08:00,2026-10-08T13:28:52.051+08:00,13:28:50,20261008,MISSING,MISSING,MISSING,MISSING,MISSING,13:27:27,-,-,0,-,-,20261008,MISSING,-,-,-,200,null,False,False,True,selected_result,0,1,50,4e4af890c598365c118844579b16903ed4466f3f04be175c39af888b3d14164c,2051.0,FRESH,no_trade_or_incomplete_identity,NO_NESTED_TRADE_ZERO_REPORTED_VOLUME,results/pre_targeted_retry_raw.jsonl,1,2ebe254a86ec004d48a031ba50113074cb610f66dbf5b4d55bebc6ddc6c6fa95,"{""@"": ""2718.tw"", ""tv"": ""-"", ""ps"": ""-"", ""pid"": ""20.otc.tw|1389053"", ""pz"": ""-"", ""bp"": ""0"", ""m%"": ""708200"", ""^"": ""20261008"", ""key"": ""otc_2718.tw_20261008"", ""a"": ""39.6500_39.7000_40.0000_40.1500_40.3500_"", ""b"": ""39.5000_39.3500_39.3000_39.2000_39.1500_"", ""c"": ""2718"", ""#"": ""20.otc.tw|1392782"", ""d"": ""20261008"", ""%"": ""13:27:27"", ""ch"": ""2718.tw"", ""tlong"": ""1791437247000"", ""f"": ""1_2_1_1_1_"", ""g"": ""1_3_2_1_3_"", ""ip"": ""0"", ""mt"": ""708200"", ""h"": ""-"", ""i"": ""14"", ""it"": ""12"", ""l"": ""-"", ""n"": ""全心投控"", ""o"": ""-"", ""p"": ""0"", ""ex"": ""otc"", ""s"": ""-"", ""t"": ""13:27:27"", ""u"": ""43.6500"", ""v"": ""0"", ""w"": ""35.7500"", ""nf"": ""全心投資控股股份有限公司"", ""y"": ""39.7000"", ""z"": ""-"", ""ts"": ""1""}",37730234383,11530906396,mis-probe-37730234383,1b4caf9efcbb0575771726b356751f177bba37439179cb14bfc9b8a9bc9a88e0,2026-10-08,2026-10-08T13:35:00+08:00,UNCALCULABLE_EVIDENCE_V1,d8fcacd07b965f537a310485ddfbdfef96f5df25,live/replay implementation base; diagnostic file hash identifies this uncommitted report generator,be28204cf9fc4a1a9edb20ce07b6838c503e385bafa0237a6a1b04ee9857f28a,2dd62b249a181d7045c957f0c33501cc574723cd,37742790398,2026-10-08T15:20:18.859+08:00,2026-10-08T17:27:03.597+08:00
2718,全心投控,TPEx,otc,pre_targeted_retry,2026-10-08T13:28:57.201+08:00,2026-10-08T13:28:57.201+08:00,2026-10-08T13:28:58.004+08:00,MISSING,MISSING,MISSING,MISSING,MISSING,MISSING,MISSING,MISSING,MISSING,MISSING,MISSING,MISSING,MISSING,MISSING,MISSING,MISSING,MISSING,MISSING,null,RESPONSE_AFTER_CAPTURE_DEADLINE:URLError:<urlopen error timed out>,True,False,True,HTTP_attempt,0,1,25,248ef639ea777795f75262d307ea71aa2ea127a7cbb84226f95511e1565f3950,null,NOT_FRESH_OR_UNAVAILABLE,RESPONSE_AFTER_CAPTURE_DEADLINE:URLError:<urlopen error timed out>,NO_RESPONSE_ITEM,results/pre_targeted_retry_raw.jsonl,4,5f26b410f8b93db9844cc880f137cf9653c7a33ef31353cec3dd6d7ac17220b2,MISSING,37730234383,11530906396,mis-probe-37730234383,1b4caf9efcbb0575771726b356751f177bba37439179cb14bfc9b8a9bc9a88e0,2026-10-08,2026-10-08T13:35:00+08:00,UNCALCULABLE_EVIDENCE_V1,d8fcacd07b965f537a310485ddfbdfef96f5df25,live/replay implementation base; diagnostic file hash identifies this uncommitted report generator,be28204cf9fc4a1a9edb20ce07b6838c503e385bafa0237a6a1b04ee9857f28a,2dd62b249a181d7045c957f0c33501cc574723cd,37742790398,2026-10-08T15:20:18.859+08:00,2026-10-08T17:27:03.597+08:00
2718,全心投控,TPEx,otc,pre_targeted_retry,2026-10-08T13:28:57.201+08:00,2026-10-08T13:28:58.505+08:00,2026-10-08T13:28:58.505+08:00,MISSING,MISSING,MISSING,MISSING,MISSING,MISSING,MISSING,MISSING,MISSING,MISSING,MISSING,MISSING,MISSING,MISSING,MISSING,MISSING,MISSING,MISSING,null,CAPTURE_DEADLINE_NO_REQUEST,True,False,False,selected_result,null,1,25,248ef639ea777795f75262d307ea71aa2ea127a7cbb84226f95511e1565f3950,null,NOT_FRESH_OR_UNAVAILABLE,CAPTURE_DEADLINE_NO_REQUEST,NO_RESPONSE_ITEM,results/pre_targeted_retry_raw.jsonl,4,5f26b410f8b93db9844cc880f137cf9653c7a33ef31353cec3dd6d7ac17220b2,MISSING,37730234383,11530906396,mis-probe-37730234383,1b4caf9efcbb0575771726b356751f177bba37439179cb14bfc9b8a9bc9a88e0,2026-10-08,2026-10-08T13:35:00+08:00,UNCALCULABLE_EVIDENCE_V1,d8fcacd07b965f537a310485ddfbdfef96f5df25,live/replay implementation base; diagnostic file hash identifies this uncommitted report generator,be28204cf9fc4a1a9edb20ce07b6838c503e385bafa0237a6a1b04ee9857f28a,2dd62b249a181d7045c957f0c33501cc574723cd,37742790398,2026-10-08T15:20:18.859+08:00,2026-10-08T17:27:03.597+08:00
2718,全心投控,TPEx,otc,pre_reference_C,2026-10-08T13:29:00.000+08:00,2026-10-08T13:29:00.000+08:00,2026-10-08T13:29:04.071+08:00,13:28:16,20261008,45071,MISSING,MISSING,MISSING,MISSING,13:27:27,-,-,0,-,-,20261008,MISSING,-,-,-,200,null,False,False,True,selected_result,0,1,50,5aa47ea4f2fa1b7d9dd1ec456133fca116d7325596ca14aa211840f3538bf677,48071.0,NOT_FRESH_OR_UNAVAILABLE,stale_cache,NO_NESTED_TRADE_ZERO_REPORTED_VOLUME,results/pre_reference_C_raw.jsonl,1,7da3ea532f120a0d1a5a8a93694b2241ec0fefd59ec191fae6ef995d669e06d1,"{""@"": ""2718.tw"", ""tv"": ""-"", ""ps"": ""-"", ""pid"": ""20.otc.tw|1389053"", ""pz"": ""-"", ""bp"": ""0"", ""m%"": ""708200"", ""^"": ""20261008"", ""key"": ""otc_2718.tw_20261008"", ""a"": ""39.6500_39.7000_40.0000_40.1500_40.3500_"", ""b"": ""39.5000_39.3500_39.3000_39.2000_39.1500_"", ""c"": ""2718"", ""#"": ""20.otc.tw|1392782"", ""d"": ""20261008"", ""%"": ""13:27:27"", ""ch"": ""2718.tw"", ""tlong"": ""1791437247000"", ""f"": ""1_2_1_1_1_"", ""g"": ""1_3_2_1_3_"", ""ip"": ""0"", ""mt"": ""708200"", ""h"": ""-"", ""i"": ""14"", ""it"": ""12"", ""l"": ""-"", ""n"": ""全心投控"", ""o"": ""-"", ""p"": ""0"", ""ex"": ""otc"", ""s"": ""-"", ""t"": ""13:27:27"", ""u"": ""43.6500"", ""v"": ""0"", ""w"": ""35.7500"", ""nf"": ""全心投資控股股份有限公司"", ""y"": ""39.7000"", ""z"": ""-"", ""ts"": ""1""}",37730234383,11530906396,mis-probe-37730234383,1b4caf9efcbb0575771726b356751f177bba37439179cb14bfc9b8a9bc9a88e0,2026-10-08,2026-10-08T13:35:00+08:00,UNCALCULABLE_EVIDENCE_V1,d8fcacd07b965f537a310485ddfbdfef96f5df25,live/replay implementation base; diagnostic file hash identifies this uncommitted report generator,be28204cf9fc4a1a9edb20ce07b6838c503e385bafa0237a6a1b04ee9857f28a,2dd62b249a181d7045c957f0c33501cc574723cd,37742790398,2026-10-08T15:20:18.859+08:00,2026-10-08T17:27:03.597+08:00
2718,全心投控,TPEx,otc,pre_targeted_retry,2026-10-08T13:29:25.164+08:00,2026-10-08T13:29:25.164+08:00,2026-10-08T13:29:26.413+08:00,13:29:26,20261008,MISSING,MISSING,MISSING,MISSING,MISSING,13:27:27,-,-,0,-,-,20261008,MISSING,-,-,-,200,null,False,False,True,selected_result,0,1,25,248ef639ea777795f75262d307ea71aa2ea127a7cbb84226f95511e1565f3950,413.0,FRESH,no_trade_or_incomplete_identity,NO_NESTED_TRADE_ZERO_REPORTED_VOLUME,results/pre_targeted_retry_raw.jsonl,5,0c1134bcaf38056edad5878f09621ec4ba8e54998c4e4f98959e48041108ccfd,"{""@"": ""2718.tw"", ""tv"": ""-"", ""ps"": ""-"", ""pid"": ""20.otc.tw|1396941"", ""pz"": ""-"", ""bp"": ""0"", ""m%"": ""708200"", ""^"": ""20261008"", ""key"": ""otc_2718.tw_20261008"", ""a"": ""39.6500_39.7000_40.0000_40.1500_40.3500_"", ""b"": ""39.5000_39.3500_39.3000_39.2000_39.1500_"", ""c"": ""2718"", ""#"": ""20.otc.tw|1400808"", ""d"": ""20261008"", ""%"": ""13:27:27"", ""ch"": ""2718.tw"", ""tlong"": ""1791437247000"", ""f"": ""1_2_1_1_1_"", ""g"": ""1_3_2_1_3_"", ""ip"": ""0"", ""mt"": ""708200"", ""h"": ""-"", ""i"": ""14"", ""it"": ""12"", ""l"": ""-"", ""n"": ""全心投控"", ""o"": ""-"", ""p"": ""0"", ""ex"": ""otc"", ""s"": ""-"", ""t"": ""13:27:27"", ""u"": ""43.6500"", ""v"": ""0"", ""w"": ""35.7500"", ""nf"": ""全心投資控股股份有限公司"", ""y"": ""39.7000"", ""z"": ""-"", ""ts"": ""1""}",37730234383,11530906396,mis-probe-37730234383,1b4caf9efcbb0575771726b356751f177bba37439179cb14bfc9b8a9bc9a88e0,2026-10-08,2026-10-08T13:35:00+08:00,UNCALCULABLE_EVIDENCE_V1,d8fcacd07b965f537a310485ddfbdfef96f5df25,live/replay implementation base; diagnostic file hash identifies this uncommitted report generator,be28204cf9fc4a1a9edb20ce07b6838c503e385bafa0237a6a1b04ee9857f28a,2dd62b249a181d7045c957f0c33501cc574723cd,37742790398,2026-10-08T15:20:18.859+08:00,2026-10-08T17:27:03.597+08:00
2718,全心投控,TPEx,otc,close_reference_A,2026-10-08T13:32:30.000+08:00,2026-10-08T13:32:30.000+08:00,2026-10-08T13:32:31.997+08:00,13:32:30,20261008,MISSING,MISSING,MISSING,MISSING,MISSING,13:30:00,-,-,0,-,-,20261008,MISSING,-,-,-,200,null,False,False,True,selected_result,0,1,50,5aa47ea4f2fa1b7d9dd1ec456133fca116d7325596ca14aa211840f3538bf677,1997.0,FRESH,no_trade_or_incomplete_identity,NO_NESTED_TRADE_ZERO_REPORTED_VOLUME,results/close_reference_A_raw.jsonl,1,e620f21927b9616903028d3a249cad1d3dd3d37d5a9a8be4697674758427a6aa,"{""@"": ""2718.tw"", ""tv"": ""-"", ""ps"": ""-"", ""pid"": ""20.otc.tw|1415749"", ""pz"": ""-"", ""bp"": ""0"", ""m%"": ""000000"", ""^"": ""20261008"", ""key"": ""otc_2718.tw_20261008"", ""a"": ""39.6500_39.7000_40.0000_40.1500_40.3500_"", ""b"": ""39.5000_39.3500_39.3000_39.2000_39.1500_"", ""c"": ""2718"", ""#"": ""20.otc.tw|1417145"", ""d"": ""20261008"", ""%"": ""13:30:00"", ""ch"": ""2718.tw"", ""tlong"": ""1791437400000"", ""f"": ""1_2_1_1_1_"", ""g"": ""1_3_2_1_3_"", ""ip"": ""0"", ""mt"": ""000000"", ""h"": ""-"", ""i"": ""14"", ""it"": ""12"", ""l"": ""-"", ""n"": ""全心投控"", ""o"": ""-"", ""p"": ""0"", ""ex"": ""otc"", ""s"": ""-"", ""t"": ""13:30:00"", ""u"": ""43.6500"", ""v"": ""0"", ""w"": ""35.7500"", ""nf"": ""全心投資控股股份有限公司"", ""y"": ""39.7000"", ""z"": ""-"", ""ts"": ""0""}",37730234383,11530906396,mis-probe-37730234383,1b4caf9efcbb0575771726b356751f177bba37439179cb14bfc9b8a9bc9a88e0,2026-10-08,2026-10-08T13:35:00+08:00,UNCALCULABLE_EVIDENCE_V1,d8fcacd07b965f537a310485ddfbdfef96f5df25,live/replay implementation base; diagnostic file hash identifies this uncommitted report generator,be28204cf9fc4a1a9edb20ce07b6838c503e385bafa0237a6a1b04ee9857f28a,2dd62b249a181d7045c957f0c33501cc574723cd,37742790398,2026-10-08T15:20:18.859+08:00,2026-10-08T17:27:03.597+08:00
2718,全心投控,TPEx,otc,close_reference_B,2026-10-08T13:33:20.000+08:00,2026-10-08T13:33:51.688+08:00,2026-10-08T13:33:54.435+08:00,13:33:54,20261008,MISSING,MISSING,MISSING,MISSING,MISSING,13:30:00,-,-,0,-,-,20261008,MISSING,-,-,-,200,null,False,False,True,selected_result,0,39,50,dbe4ba2300a96450a3a97f98f08b19fe91f89f36d278e48ed736161574a088d1,435.0,FRESH,no_trade_or_incomplete_identity,NO_NESTED_TRADE_ZERO_REPORTED_VOLUME,results/close_reference_B_raw.jsonl,39,47754b4eab693a80cb5c32b82975794a6a2e9abc52eb75bac197eae9eee976ee,"{""@"": ""2718.tw"", ""tv"": ""-"", ""ps"": ""-"", ""pid"": ""20.otc.tw|1418540"", ""pz"": ""-"", ""bp"": ""0"", ""m%"": ""000000"", ""^"": ""20261008"", ""key"": ""otc_2718.tw_20261008"", ""a"": ""39.6500_39.7000_40.0000_40.1500_40.3500_"", ""b"": ""39.5000_39.3500_39.3000_39.2000_39.1500_"", ""c"": ""2718"", ""#"": ""20.otc.tw|1419950"", ""d"": ""20261008"", ""%"": ""13:30:00"", ""ch"": ""2718.tw"", ""tlong"": ""1791437400000"", ""f"": ""1_2_1_1_1_"", ""g"": ""1_3_2_1_3_"", ""ip"": ""0"", ""mt"": ""000000"", ""h"": ""-"", ""i"": ""14"", ""it"": ""12"", ""l"": ""-"", ""n"": ""全心投控"", ""o"": ""-"", ""p"": ""0"", ""ex"": ""otc"", ""s"": ""-"", ""t"": ""13:30:00"", ""u"": ""43.6500"", ""v"": ""0"", ""w"": ""35.7500"", ""nf"": ""全心投資控股股份有限公司"", ""y"": ""39.7000"", ""z"": ""-"", ""ts"": ""0""}",37730234383,11530906396,mis-probe-37730234383,1b4caf9efcbb0575771726b356751f177bba37439179cb14bfc9b8a9bc9a88e0,2026-10-08,2026-10-08T13:35:00+08:00,UNCALCULABLE_EVIDENCE_V1,d8fcacd07b965f537a310485ddfbdfef96f5df25,live/replay implementation base; diagnostic file hash identifies this uncommitted report generator,be28204cf9fc4a1a9edb20ce07b6838c503e385bafa0237a6a1b04ee9857f28a,2dd62b249a181d7045c957f0c33501cc574723cd,37742790398,2026-10-08T15:20:18.859+08:00,2026-10-08T17:27:03.597+08:00
2718,全心投控,TPEx,otc,close_reference_C,2026-10-08T13:34:10.000+08:00,2026-10-08T13:34:10.000+08:00,2026-10-08T13:34:10.842+08:00,13:34:10,20261008,MISSING,MISSING,MISSING,MISSING,MISSING,13:30:00,-,-,0,-,-,20261008,MISSING,-,-,-,200,null,False,False,True,selected_result,0,1,29,6550d2287e85a4df0a8ec64d1c160e0dc59f57f02c6945a778432e2a5dbcb5cc,842.0,FRESH,no_trade_or_incomplete_identity,NO_NESTED_TRADE_ZERO_REPORTED_VOLUME,results/close_reference_C_raw.jsonl,1,776473020c3a315a7830eb9cd7529a970b86db8333a6313c2949d48c5d1d97ce,"{""@"": ""2718.tw"", ""tv"": ""-"", ""ps"": ""-"", ""pid"": ""20.otc.tw|1418540"", ""pz"": ""-"", ""bp"": ""0"", ""m%"": ""000000"", ""^"": ""20261008"", ""key"": ""otc_2718.tw_20261008"", ""a"": ""39.6500_39.7000_40.0000_40.1500_40.3500_"", ""b"": ""39.5000_39.3500_39.3000_39.2000_39.1500_"", ""c"": ""2718"", ""#"": ""20.otc.tw|1419950"", ""d"": ""20261008"", ""%"": ""13:30:00"", ""ch"": ""2718.tw"", ""tlong"": ""1791437400000"", ""f"": ""1_2_1_1_1_"", ""g"": ""1_3_2_1_3_"", ""ip"": ""0"", ""mt"": ""000000"", ""h"": ""-"", ""i"": ""14"", ""it"": ""12"", ""l"": ""-"", ""n"": ""全心投控"", ""o"": ""-"", ""p"": ""0"", ""ex"": ""otc"", ""s"": ""-"", ""t"": ""13:30:00"", ""u"": ""43.6500"", ""v"": ""0"", ""w"": ""35.7500"", ""nf"": ""全心投資控股股份有限公司"", ""y"": ""39.7000"", ""z"": ""-"", ""ts"": ""0""}",37730234383,11530906396,mis-probe-37730234383,1b4caf9efcbb0575771726b356751f177bba37439179cb14bfc9b8a9bc9a88e0,2026-10-08,2026-10-08T13:35:00+08:00,UNCALCULABLE_EVIDENCE_V1,d8fcacd07b965f537a310485ddfbdfef96f5df25,live/replay implementation base; diagnostic file hash identifies this uncommitted report generator,be28204cf9fc4a1a9edb20ce07b6838c503e385bafa0237a6a1b04ee9857f28a,2dd62b249a181d7045c957f0c33501cc574723cd,37742790398,2026-10-08T15:20:18.859+08:00,2026-10-08T17:27:03.597+08:00
2718,全心投控,TPEx,otc,per_second_probe,MISSING,MISSING,MISSING,MISSING,MISSING,MISSING,MISSING,MISSING,MISSING,MISSING,MISSING,MISSING,MISSING,MISSING,MISSING,MISSING,MISSING,MISSING,MISSING,MISSING,MISSING,MISSING,NOT_SAMPLED,MISSING,MISSING,False,coverage_note,MISSING,MISSING,MISSING,MISSING,MISSING,MISSING,MISSING,MISSING,results/probe_raw.jsonl,MISSING,MISSING,MISSING,37730234383,11530906396,mis-probe-37730234383,1b4caf9efcbb0575771726b356751f177bba37439179cb14bfc9b8a9bc9a88e0,2026-10-08,2026-10-08T13:35:00+08:00,UNCALCULABLE_EVIDENCE_V1,d8fcacd07b965f537a310485ddfbdfef96f5df25,live/replay implementation base; diagnostic file hash identifies this uncommitted report generator,be28204cf9fc4a1a9edb20ce07b6838c503e385bafa0237a6a1b04ee9857f28a,2dd62b249a181d7045c957f0c33501cc574723cd,37742790398,2026-10-08T15:20:18.859+08:00,2026-10-08T17:27:03.597+08:00
3332,幸康,TPEx,otc,preclose,2026-10-08T13:24:50.000+08:00,2026-10-08T13:24:50.002+08:00,2026-10-08T13:24:52.662+08:00,13:24:52,20261008,MISSING,MISSING,MISSING,MISSING,MISSING,13:10:27,-,-,0,-,-,20261008,MISSING,-,-,-,200,null,False,False,True,selected_result,0,3,50,17aa7581f1d56d9d30483f0f290d8e4f3854104690e1458072e0257e3d6135ba,662.0,FRESH,stale_cache,NO_NESTED_TRADE_ZERO_REPORTED_VOLUME,results/preclose_raw.jsonl,3,463738aca93da56553f985bc973c1030496d4069bb46a265cd10cf49cc7477cd,"{""@"": ""3332.tw"", ""tv"": ""-"", ""ps"": ""-"", ""pid"": ""20.otc.tw|1357791"", ""pz"": ""-"", ""bp"": ""0"", ""m%"": ""838611"", ""^"": ""20261008"", ""key"": ""otc_3332.tw_20261008"", ""a"": ""65.0000_65.2000_65.3000_65.5000_65.8000_"", ""b"": ""63.6000_63.0000_62.5000_62.0000_61.8000_"", ""c"": ""3332"", ""#"": ""20.otc.tw|1360340"", ""d"": ""20261008"", ""%"": ""13:10:27"", ""ch"": ""3332.tw"", ""tlong"": ""1791436227000"", ""f"": ""1_1_1_1_1_"", ""g"": ""1_2_2_2_2_"", ""ip"": ""0"", ""mt"": ""838611"", ""h"": ""-"", ""i"": ""28"", ""it"": ""12"", ""l"": ""-"", ""n"": ""幸康"", ""o"": ""-"", ""p"": ""0"", ""ex"": ""otc"", ""s"": ""-"", ""t"": ""13:10:27"", ""u"": ""71.0000"", ""v"": ""0"", ""w"": ""58.2000"", ""nf"": ""幸康電子股份有限公司"", ""y"": ""64.6000"", ""z"": ""-"", ""ts"": ""0""}",37730234383,11530906396,mis-probe-37730234383,1b4caf9efcbb0575771726b356751f177bba37439179cb14bfc9b8a9bc9a88e0,2026-10-08,2026-10-08T13:35:00+08:00,UNCALCULABLE_EVIDENCE_V1,d8fcacd07b965f537a310485ddfbdfef96f5df25,live/replay implementation base; diagnostic file hash identifies this uncommitted report generator,be28204cf9fc4a1a9edb20ce07b6838c503e385bafa0237a6a1b04ee9857f28a,2dd62b249a181d7045c957f0c33501cc574723cd,37742790398,2026-10-08T15:20:18.859+08:00,2026-10-08T17:27:03.597+08:00
3332,幸康,TPEx,otc,pre_reference_A,2026-10-08T13:27:00.000+08:00,2026-10-08T13:27:00.001+08:00,2026-10-08T13:27:02.516+08:00,13:27:01,20261008,MISSING,MISSING,MISSING,MISSING,MISSING,13:26:07,-,-,0,-,-,20261008,MISSING,-,-,-,200,null,False,False,True,selected_result,0,3,50,17aa7581f1d56d9d30483f0f290d8e4f3854104690e1458072e0257e3d6135ba,1516.0,FRESH,no_trade_or_incomplete_identity,NO_NESTED_TRADE_ZERO_REPORTED_VOLUME,results/pre_reference_A_raw.jsonl,3,9288e48d5513503b6b2c919352e2100be2f01044534ae4b54f96297d06b4e5bb,"{""@"": ""3332.tw"", ""tv"": ""-"", ""ps"": ""-"", ""pid"": ""20.otc.tw|1377303"", ""pz"": ""-"", ""bp"": ""0"", ""m%"": ""846963"", ""^"": ""20261008"", ""key"": ""otc_3332.tw_20261008"", ""a"": ""64.3000_65.0000_65.2000_65.3000_65.5000_"", ""b"": ""63.6000_63.0000_62.5000_62.0000_61.8000_"", ""c"": ""3332"", ""#"": ""20.otc.tw|1378386"", ""d"": ""20261008"", ""%"": ""13:26:07"", ""ch"": ""3332.tw"", ""tlong"": ""1791437167000"", ""f"": ""1_1_1_1_1_"", ""g"": ""1_1_2_2_2_"", ""ip"": ""0"", ""mt"": ""846963"", ""h"": ""-"", ""i"": ""28"", ""it"": ""12"", ""l"": ""-"", ""n"": ""幸康"", ""o"": ""-"", ""p"": ""0"", ""ex"": ""otc"", ""s"": ""-"", ""t"": ""13:26:07"", ""u"": ""71.0000"", ""v"": ""0"", ""w"": ""58.2000"", ""nf"": ""幸康電子股份有限公司"", ""y"": ""64.6000"", ""z"": ""-"", ""ts"": ""1""}",37730234383,11530906396,mis-probe-37730234383,1b4caf9efcbb0575771726b356751f177bba37439179cb14bfc9b8a9bc9a88e0,2026-10-08,2026-10-08T13:35:00+08:00,UNCALCULABLE_EVIDENCE_V1,d8fcacd07b965f537a310485ddfbdfef96f5df25,live/replay implementation base; diagnostic file hash identifies this uncommitted report generator,be28204cf9fc4a1a9edb20ce07b6838c503e385bafa0237a6a1b04ee9857f28a,2dd62b249a181d7045c957f0c33501cc574723cd,37742790398,2026-10-08T15:20:18.859+08:00,2026-10-08T17:27:03.597+08:00
3332,幸康,TPEx,otc,pre_reference_B,2026-10-08T13:28:15.000+08:00,2026-10-08T13:28:15.001+08:00,2026-10-08T13:28:18.427+08:00,13:28:17,20261008,MISSING,MISSING,MISSING,MISSING,MISSING,13:26:07,-,-,0,-,-,20261008,MISSING,-,-,-,200,null,False,False,True,selected_result,0,3,50,17aa7581f1d56d9d30483f0f290d8e4f3854104690e1458072e0257e3d6135ba,1427.0,FRESH,no_trade_or_incomplete_identity,NO_NESTED_TRADE_ZERO_REPORTED_VOLUME,results/pre_reference_B_raw.jsonl,3,153a263ee3cd5bff494de98049e3c2a522b46ea166065ceb7b7193be980e5838,"{""@"": ""3332.tw"", ""tv"": ""-"", ""ps"": ""-"", ""pid"": ""20.otc.tw|1386675"", ""pz"": ""-"", ""bp"": ""0"", ""m%"": ""846963"", ""^"": ""20261008"", ""key"": ""otc_3332.tw_20261008"", ""a"": ""64.3000_65.0000_65.2000_65.3000_65.5000_"", ""b"": ""63.6000_63.0000_62.5000_62.0000_61.8000_"", ""c"": ""3332"", ""#"": ""20.otc.tw|1390404"", ""d"": ""20261008"", ""%"": ""13:26:07"", ""ch"": ""3332.tw"", ""tlong"": ""1791437167000"", ""f"": ""1_1_1_1_1_"", ""g"": ""1_1_2_2_2_"", ""ip"": ""0"", ""mt"": ""846963"", ""h"": ""-"", ""i"": ""28"", ""it"": ""12"", ""l"": ""-"", ""n"": ""幸康"", ""o"": ""-"", ""p"": ""0"", ""ex"": ""otc"", ""s"": ""-"", ""t"": ""13:26:07"", ""u"": ""71.0000"", ""v"": ""0"", ""w"": ""58.2000"", ""nf"": ""幸康電子股份有限公司"", ""y"": ""64.6000"", ""z"": ""-"", ""ts"": ""1""}",37730234383,11530906396,mis-probe-37730234383,1b4caf9efcbb0575771726b356751f177bba37439179cb14bfc9b8a9bc9a88e0,2026-10-08,2026-10-08T13:35:00+08:00,UNCALCULABLE_EVIDENCE_V1,d8fcacd07b965f537a310485ddfbdfef96f5df25,live/replay implementation base; diagnostic file hash identifies this uncommitted report generator,be28204cf9fc4a1a9edb20ce07b6838c503e385bafa0237a6a1b04ee9857f28a,2dd62b249a181d7045c957f0c33501cc574723cd,37742790398,2026-10-08T15:20:18.859+08:00,2026-10-08T17:27:03.597+08:00
3332,幸康,TPEx,otc,pre_targeted_retry,2026-10-08T13:28:48.457+08:00,2026-10-08T13:28:48.458+08:00,2026-10-08T13:28:52.051+08:00,13:28:50,20261008,MISSING,MISSING,MISSING,MISSING,MISSING,13:26:07,-,-,0,-,-,20261008,MISSING,-,-,-,200,null,False,False,True,selected_result,0,1,50,4e4af890c598365c118844579b16903ed4466f3f04be175c39af888b3d14164c,2051.0,FRESH,no_trade_or_incomplete_identity,NO_NESTED_TRADE_ZERO_REPORTED_VOLUME,results/pre_targeted_retry_raw.jsonl,1,2ebe254a86ec004d48a031ba50113074cb610f66dbf5b4d55bebc6ddc6c6fa95,"{""@"": ""3332.tw"", ""tv"": ""-"", ""ps"": ""-"", ""pid"": ""20.otc.tw|1386675"", ""pz"": ""-"", ""bp"": ""0"", ""m%"": ""846963"", ""^"": ""20261008"", ""key"": ""otc_3332.tw_20261008"", ""a"": ""64.3000_65.0000_65.2000_65.3000_65.5000_"", ""b"": ""63.6000_63.0000_62.5000_62.0000_61.8000_"", ""c"": ""3332"", ""#"": ""20.otc.tw|1390404"", ""d"": ""20261008"", ""%"": ""13:26:07"", ""ch"": ""3332.tw"", ""tlong"": ""1791437167000"", ""f"": ""1_1_1_1_1_"", ""g"": ""1_1_2_2_2_"", ""ip"": ""0"", ""mt"": ""846963"", ""h"": ""-"", ""i"": ""28"", ""it"": ""12"", ""l"": ""-"", ""n"": ""幸康"", ""o"": ""-"", ""p"": ""0"", ""ex"": ""otc"", ""s"": ""-"", ""t"": ""13:26:07"", ""u"": ""71.0000"", ""v"": ""0"", ""w"": ""58.2000"", ""nf"": ""幸康電子股份有限公司"", ""y"": ""64.6000"", ""z"": ""-"", ""ts"": ""1""}",37730234383,11530906396,mis-probe-37730234383,1b4caf9efcbb0575771726b356751f177bba37439179cb14bfc9b8a9bc9a88e0,2026-10-08,2026-10-08T13:35:00+08:00,UNCALCULABLE_EVIDENCE_V1,d8fcacd07b965f537a310485ddfbdfef96f5df25,live/replay implementation base; diagnostic file hash identifies this uncommitted report generator,be28204cf9fc4a1a9edb20ce07b6838c503e385bafa0237a6a1b04ee9857f28a,2dd62b249a181d7045c957f0c33501cc574723cd,37742790398,2026-10-08T15:20:18.859+08:00,2026-10-08T17:27:03.597+08:00
3332,幸康,TPEx,otc,pre_targeted_retry,2026-10-08T13:28:57.201+08:00,2026-10-08T13:28:57.201+08:00,2026-10-08T13:28:58.004+08:00,MISSING,MISSING,MISSING,MISSING,MISSING,MISSING,MISSING,MISSING,MISSING,MISSING,MISSING,MISSING,MISSING,MISSING,MISSING,MISSING,MISSING,MISSING,null,RESPONSE_AFTER_CAPTURE_DEADLINE:URLError:<urlopen error timed out>,True,False,True,HTTP_attempt,0,1,25,248ef639ea777795f75262d307ea71aa2ea127a7cbb84226f95511e1565f3950,null,NOT_FRESH_OR_UNAVAILABLE,RESPONSE_AFTER_CAPTURE_DEADLINE:URLError:<urlopen error timed out>,NO_RESPONSE_ITEM,results/pre_targeted_retry_raw.jsonl,4,5f26b410f8b93db9844cc880f137cf9653c7a33ef31353cec3dd6d7ac17220b2,MISSING,37730234383,11530906396,mis-probe-37730234383,1b4caf9efcbb0575771726b356751f177bba37439179cb14bfc9b8a9bc9a88e0,2026-10-08,2026-10-08T13:35:00+08:00,UNCALCULABLE_EVIDENCE_V1,d8fcacd07b965f537a310485ddfbdfef96f5df25,live/replay implementation base; diagnostic file hash identifies this uncommitted report generator,be28204cf9fc4a1a9edb20ce07b6838c503e385bafa0237a6a1b04ee9857f28a,2dd62b249a181d7045c957f0c33501cc574723cd,37742790398,2026-10-08T15:20:18.859+08:00,2026-10-08T17:27:03.597+08:00
3332,幸康,TPEx,otc,pre_targeted_retry,2026-10-08T13:28:57.201+08:00,2026-10-08T13:28:58.505+08:00,2026-10-08T13:28:58.505+08:00,MISSING,MISSING,MISSING,MISSING,MISSING,MISSING,MISSING,MISSING,MISSING,MISSING,MISSING,MISSING,MISSING,MISSING,MISSING,MISSING,MISSING,MISSING,null,CAPTURE_DEADLINE_NO_REQUEST,True,False,False,selected_result,null,1,25,248ef639ea777795f75262d307ea71aa2ea127a7cbb84226f95511e1565f3950,null,NOT_FRESH_OR_UNAVAILABLE,CAPTURE_DEADLINE_NO_REQUEST,NO_RESPONSE_ITEM,results/pre_targeted_retry_raw.jsonl,4,5f26b410f8b93db9844cc880f137cf9653c7a33ef31353cec3dd6d7ac17220b2,MISSING,37730234383,11530906396,mis-probe-37730234383,1b4caf9efcbb0575771726b356751f177bba37439179cb14bfc9b8a9bc9a88e0,2026-10-08,2026-10-08T13:35:00+08:00,UNCALCULABLE_EVIDENCE_V1,d8fcacd07b965f537a310485ddfbdfef96f5df25,live/replay implementation base; diagnostic file hash identifies this uncommitted report generator,be28204cf9fc4a1a9edb20ce07b6838c503e385bafa0237a6a1b04ee9857f28a,2dd62b249a181d7045c957f0c33501cc574723cd,37742790398,2026-10-08T15:20:18.859+08:00,2026-10-08T17:27:03.597+08:00
3332,幸康,TPEx,otc,pre_reference_C,2026-10-08T13:29:00.000+08:00,2026-10-08T13:29:00.001+08:00,2026-10-08T13:29:06.110+08:00,13:28:17,20261008,46378,MISSING,MISSING,MISSING,MISSING,13:26:07,-,-,0,-,-,20261008,MISSING,-,-,-,200,null,False,False,True,selected_result,0,3,50,17aa7581f1d56d9d30483f0f290d8e4f3854104690e1458072e0257e3d6135ba,49110.0,NOT_FRESH_OR_UNAVAILABLE,stale_cache,NO_NESTED_TRADE_ZERO_REPORTED_VOLUME,results/pre_reference_C_raw.jsonl,3,2ed86d859c293ce76bb7454d5d4add59c85ed9cd5333764d5b8e0176bd812058,"{""@"": ""3332.tw"", ""tv"": ""-"", ""ps"": ""-"", ""pid"": ""20.otc.tw|1386675"", ""pz"": ""-"", ""bp"": ""0"", ""m%"": ""846963"", ""^"": ""20261008"", ""key"": ""otc_3332.tw_20261008"", ""a"": ""64.3000_65.0000_65.2000_65.3000_65.5000_"", ""b"": ""63.6000_63.0000_62.5000_62.0000_61.8000_"", ""c"": ""3332"", ""#"": ""20.otc.tw|1390404"", ""d"": ""20261008"", ""%"": ""13:26:07"", ""ch"": ""3332.tw"", ""tlong"": ""1791437167000"", ""f"": ""1_1_1_1_1_"", ""g"": ""1_1_2_2_2_"", ""ip"": ""0"", ""mt"": ""846963"", ""h"": ""-"", ""i"": ""28"", ""it"": ""12"", ""l"": ""-"", ""n"": ""幸康"", ""o"": ""-"", ""p"": ""0"", ""ex"": ""otc"", ""s"": ""-"", ""t"": ""13:26:07"", ""u"": ""71.0000"", ""v"": ""0"", ""w"": ""58.2000"", ""nf"": ""幸康電子股份有限公司"", ""y"": ""64.6000"", ""z"": ""-"", ""ts"": ""1""}",37730234383,11530906396,mis-probe-37730234383,1b4caf9efcbb0575771726b356751f177bba37439179cb14bfc9b8a9bc9a88e0,2026-10-08,2026-10-08T13:35:00+08:00,UNCALCULABLE_EVIDENCE_V1,d8fcacd07b965f537a310485ddfbdfef96f5df25,live/replay implementation base; diagnostic file hash identifies this uncommitted report generator,be28204cf9fc4a1a9edb20ce07b6838c503e385bafa0237a6a1b04ee9857f28a,2dd62b249a181d7045c957f0c33501cc574723cd,37742790398,2026-10-08T15:20:18.859+08:00,2026-10-08T17:27:03.597+08:00
3332,幸康,TPEx,otc,pre_targeted_retry,2026-10-08T13:29:25.164+08:00,2026-10-08T13:29:25.164+08:00,2026-10-08T13:29:26.413+08:00,13:29:26,20261008,MISSING,MISSING,MISSING,MISSING,MISSING,13:26:07,-,-,0,-,-,20261008,MISSING,-,-,-,200,null,False,False,True,selected_result,0,1,25,248ef639ea777795f75262d307ea71aa2ea127a7cbb84226f95511e1565f3950,413.0,FRESH,no_trade_or_incomplete_identity,NO_NESTED_TRADE_ZERO_REPORTED_VOLUME,results/pre_targeted_retry_raw.jsonl,5,0c1134bcaf38056edad5878f09621ec4ba8e54998c4e4f98959e48041108ccfd,"{""@"": ""3332.tw"", ""tv"": ""-"", ""ps"": ""-"", ""pid"": ""20.otc.tw|1394393"", ""pz"": ""-"", ""bp"": ""0"", ""m%"": ""846963"", ""^"": ""20261008"", ""key"": ""otc_3332.tw_20261008"", ""a"": ""64.3000_65.0000_65.2000_65.3000_65.5000_"", ""b"": ""63.6000_63.0000_62.5000_62.0000_61.8000_"", ""c"": ""3332"", ""#"": ""20.otc.tw|1398378"", ""d"": ""20261008"", ""%"": ""13:26:07"", ""ch"": ""3332.tw"", ""tlong"": ""1791437167000"", ""f"": ""1_1_1_1_1_"", ""g"": ""1_1_2_2_2_"", ""ip"": ""0"", ""mt"": ""846963"", ""h"": ""-"", ""i"": ""28"", ""it"": ""12"", ""l"": ""-"", ""n"": ""幸康"", ""o"": ""-"", ""p"": ""0"", ""ex"": ""otc"", ""s"": ""-"", ""t"": ""13:26:07"", ""u"": ""71.0000"", ""v"": ""0"", ""w"": ""58.2000"", ""nf"": ""幸康電子股份有限公司"", ""y"": ""64.6000"", ""z"": ""-"", ""ts"": ""1""}",37730234383,11530906396,mis-probe-37730234383,1b4caf9efcbb0575771726b356751f177bba37439179cb14bfc9b8a9bc9a88e0,2026-10-08,2026-10-08T13:35:00+08:00,UNCALCULABLE_EVIDENCE_V1,d8fcacd07b965f537a310485ddfbdfef96f5df25,live/replay implementation base; diagnostic file hash identifies this uncommitted report generator,be28204cf9fc4a1a9edb20ce07b6838c503e385bafa0237a6a1b04ee9857f28a,2dd62b249a181d7045c957f0c33501cc574723cd,37742790398,2026-10-08T15:20:18.859+08:00,2026-10-08T17:27:03.597+08:00
3332,幸康,TPEx,otc,close_reference_A,2026-10-08T13:32:30.000+08:00,2026-10-08T13:32:30.001+08:00,2026-10-08T13:32:31.851+08:00,13:32:31,20261008,MISSING,MISSING,MISSING,MISSING,MISSING,13:30:00,-,-,0,-,-,20261008,MISSING,-,-,-,200,null,False,False,True,selected_result,0,3,50,17aa7581f1d56d9d30483f0f290d8e4f3854104690e1458072e0257e3d6135ba,851.0,FRESH,no_trade_or_incomplete_identity,NO_NESTED_TRADE_ZERO_REPORTED_VOLUME,results/close_reference_A_raw.jsonl,3,3842734e78b4896740c2b0a83cb2689e19ea2ebd09a46b8bb72648efbef35e0d,"{""@"": ""3332.tw"", ""tv"": ""-"", ""ps"": ""-"", ""pid"": ""20.otc.tw|1415780"", ""pz"": ""-"", ""bp"": ""0"", ""m%"": ""000000"", ""^"": ""20261008"", ""key"": ""otc_3332.tw_20261008"", ""a"": ""64.3000_65.0000_65.2000_65.3000_65.5000_"", ""b"": ""63.6000_63.0000_62.5000_62.0000_61.8000_"", ""c"": ""3332"", ""#"": ""20.otc.tw|1417174"", ""d"": ""20261008"", ""%"": ""13:30:00"", ""ch"": ""3332.tw"", ""tlong"": ""1791437400000"", ""f"": ""1_1_1_1_1_"", ""g"": ""1_1_2_2_2_"", ""ip"": ""0"", ""mt"": ""000000"", ""h"": ""-"", ""i"": ""28"", ""it"": ""12"", ""l"": ""-"", ""n"": ""幸康"", ""o"": ""-"", ""p"": ""0"", ""ex"": ""otc"", ""s"": ""-"", ""t"": ""13:30:00"", ""u"": ""71.0000"", ""v"": ""0"", ""w"": ""58.2000"", ""nf"": ""幸康電子股份有限公司"", ""y"": ""64.6000"", ""z"": ""-"", ""ts"": ""0""}",37730234383,11530906396,mis-probe-37730234383,1b4caf9efcbb0575771726b356751f177bba37439179cb14bfc9b8a9bc9a88e0,2026-10-08,2026-10-08T13:35:00+08:00,UNCALCULABLE_EVIDENCE_V1,d8fcacd07b965f537a310485ddfbdfef96f5df25,live/replay implementation base; diagnostic file hash identifies this uncommitted report generator,be28204cf9fc4a1a9edb20ce07b6838c503e385bafa0237a6a1b04ee9857f28a,2dd62b249a181d7045c957f0c33501cc574723cd,37742790398,2026-10-08T15:20:18.859+08:00,2026-10-08T17:27:03.597+08:00
3332,幸康,TPEx,otc,close_reference_B,2026-10-08T13:33:20.000+08:00,2026-10-08T13:33:51.127+08:00,2026-10-08T13:33:52.173+08:00,13:33:51,20261008,MISSING,MISSING,MISSING,MISSING,MISSING,13:30:00,-,-,0,-,-,20261008,MISSING,-,-,-,200,null,False,False,True,selected_result,0,37,50,1fb2da8bb524999b11e32056a7e9e9c79ea8927ced4728abea1a875386922e24,1173.0,FRESH,no_trade_or_incomplete_identity,NO_NESTED_TRADE_ZERO_REPORTED_VOLUME,results/close_reference_B_raw.jsonl,37,e1573a753c2bad80a38b68ebc1099cef688ef43d802e452a66312ace7cafc3dc,"{""@"": ""3332.tw"", ""tv"": ""-"", ""ps"": ""-"", ""pid"": ""20.otc.tw|1418569"", ""pz"": ""-"", ""bp"": ""0"", ""m%"": ""000000"", ""^"": ""20261008"", ""key"": ""otc_3332.tw_20261008"", ""a"": ""64.3000_65.0000_65.2000_65.3000_65.5000_"", ""b"": ""63.6000_63.0000_62.5000_62.0000_61.8000_"", ""c"": ""3332"", ""#"": ""20.otc.tw|1419978"", ""d"": ""20261008"", ""%"": ""13:30:00"", ""ch"": ""3332.tw"", ""tlong"": ""1791437400000"", ""f"": ""1_1_1_1_1_"", ""g"": ""1_1_2_2_2_"", ""ip"": ""0"", ""mt"": ""000000"", ""h"": ""-"", ""i"": ""28"", ""it"": ""12"", ""l"": ""-"", ""n"": ""幸康"", ""o"": ""-"", ""p"": ""0"", ""ex"": ""otc"", ""s"": ""-"", ""t"": ""13:30:00"", ""u"": ""71.0000"", ""v"": ""0"", ""w"": ""58.2000"", ""nf"": ""幸康電子股份有限公司"", ""y"": ""64.6000"", ""z"": ""-"", ""ts"": ""0""}",37730234383,11530906396,mis-probe-37730234383,1b4caf9efcbb0575771726b356751f177bba37439179cb14bfc9b8a9bc9a88e0,2026-10-08,2026-10-08T13:35:00+08:00,UNCALCULABLE_EVIDENCE_V1,d8fcacd07b965f537a310485ddfbdfef96f5df25,live/replay implementation base; diagnostic file hash identifies this uncommitted report generator,be28204cf9fc4a1a9edb20ce07b6838c503e385bafa0237a6a1b04ee9857f28a,2dd62b249a181d7045c957f0c33501cc574723cd,37742790398,2026-10-08T15:20:18.859+08:00,2026-10-08T17:27:03.597+08:00
3332,幸康,TPEx,otc,close_reference_C,2026-10-08T13:34:10.000+08:00,2026-10-08T13:34:10.000+08:00,2026-10-08T13:34:10.842+08:00,13:34:10,20261008,MISSING,MISSING,MISSING,MISSING,MISSING,13:30:00,-,-,0,-,-,20261008,MISSING,-,-,-,200,null,False,False,True,selected_result,0,1,29,6550d2287e85a4df0a8ec64d1c160e0dc59f57f02c6945a778432e2a5dbcb5cc,842.0,FRESH,no_trade_or_incomplete_identity,NO_NESTED_TRADE_ZERO_REPORTED_VOLUME,results/close_reference_C_raw.jsonl,1,776473020c3a315a7830eb9cd7529a970b86db8333a6313c2949d48c5d1d97ce,"{""@"": ""3332.tw"", ""tv"": ""-"", ""ps"": ""-"", ""pid"": ""20.otc.tw|1418569"", ""pz"": ""-"", ""bp"": ""0"", ""m%"": ""000000"", ""^"": ""20261008"", ""key"": ""otc_3332.tw_20261008"", ""a"": ""64.3000_65.0000_65.2000_65.3000_65.5000_"", ""b"": ""63.6000_63.0000_62.5000_62.0000_61.8000_"", ""c"": ""3332"", ""#"": ""20.otc.tw|1419978"", ""d"": ""20261008"", ""%"": ""13:30:00"", ""ch"": ""3332.tw"", ""tlong"": ""1791437400000"", ""f"": ""1_1_1_1_1_"", ""g"": ""1_1_2_2_2_"", ""ip"": ""0"", ""mt"": ""000000"", ""h"": ""-"", ""i"": ""28"", ""it"": ""12"", ""l"": ""-"", ""n"": ""幸康"", ""o"": ""-"", ""p"": ""0"", ""ex"": ""otc"", ""s"": ""-"", ""t"": ""13:30:00"", ""u"": ""71.0000"", ""v"": ""0"", ""w"": ""58.2000"", ""nf"": ""幸康電子股份有限公司"", ""y"": ""64.6000"", ""z"": ""-"", ""ts"": ""0""}",37730234383,11530906396,mis-probe-37730234383,1b4caf9efcbb0575771726b356751f177bba37439179cb14bfc9b8a9bc9a88e0,2026-10-08,2026-10-08T13:35:00+08:00,UNCALCULABLE_EVIDENCE_V1,d8fcacd07b965f537a310485ddfbdfef96f5df25,live/replay implementation base; diagnostic file hash identifies this uncommitted report generator,be28204cf9fc4a1a9edb20ce07b6838c503e385bafa0237a6a1b04ee9857f28a,2dd62b249a181d7045c957f0c33501cc574723cd,37742790398,2026-10-08T15:20:18.859+08:00,2026-10-08T17:27:03.597+08:00
3332,幸康,TPEx,otc,per_second_probe,MISSING,MISSING,MISSING,MISSING,MISSING,MISSING,MISSING,MISSING,MISSING,MISSING,MISSING,MISSING,MISSING,MISSING,MISSING,MISSING,MISSING,MISSING,MISSING,MISSING,MISSING,MISSING,NOT_SAMPLED,MISSING,MISSING,False,coverage_note,MISSING,MISSING,MISSING,MISSING,MISSING,MISSING,MISSING,MISSING,results/probe_raw.jsonl,MISSING,MISSING,MISSING,37730234383,11530906396,mis-probe-37730234383,1b4caf9efcbb0575771726b356751f177bba37439179cb14bfc9b8a9bc9a88e0,2026-10-08,2026-10-08T13:35:00+08:00,UNCALCULABLE_EVIDENCE_V1,d8fcacd07b965f537a310485ddfbdfef96f5df25,live/replay implementation base; diagnostic file hash identifies this uncommitted report generator,be28204cf9fc4a1a9edb20ce07b6838c503e385bafa0237a6a1b04ee9857f28a,2dd62b249a181d7045c957f0c33501cc574723cd,37742790398,2026-10-08T15:20:18.859+08:00,2026-10-08T17:27:03.597+08:00
4183,福永生技,TPEx,otc,preclose,2026-10-08T13:24:50.000+08:00,2026-10-08T13:24:52.397+08:00,2026-10-08T13:24:55.638+08:00,13:24:54,20261008,MISSING,MISSING,MISSING,MISSING,MISSING,13:21:43,-,-,0,-,-,20261008,MISSING,-,-,-,200,null,False,False,True,selected_result,0,6,50,6f3a721b8c2ab4b406808b9771d0b6f8d66d9804537b4c503f7a487d17064e33,1638.0,FRESH,stale_cache,NO_NESTED_TRADE_ZERO_REPORTED_VOLUME,results/preclose_raw.jsonl,6,844a1d49329c4268ee969489dbd21a84edf2bdcf2c585389393d64e1c6fb5871,"{""@"": ""4183.tw"", ""tv"": ""-"", ""ps"": ""-"", ""pid"": ""20.otc.tw|1356616"", ""pz"": ""-"", ""bp"": ""0"", ""m%"": ""240711"", ""^"": ""20261008"", ""key"": ""otc_4183.tw_20261008"", ""a"": ""14.7000_14.8000_14.8500_15.0000_15.2500_"", ""b"": ""13.9000_13.7500_13.7000_13.6500_13.6000_"", ""c"": ""4183"", ""#"": ""20.otc.tw|1359155"", ""d"": ""20261008"", ""%"": ""13:21:43"", ""ch"": ""4183.tw"", ""tlong"": ""1791436903000"", ""f"": ""2_3_1_5_1_"", ""g"": ""1_1_2_1_1_"", ""ip"": ""0"", ""mt"": ""240711"", ""h"": ""-"", ""i"": ""22"", ""it"": ""12"", ""l"": ""-"", ""n"": ""福永生技"", ""o"": ""-"", ""p"": ""0"", ""ex"": ""otc"", ""s"": ""-"", ""t"": ""13:21:43"", ""u"": ""16.1500"", ""v"": ""0"", ""w"": ""13.2500"", ""nf"": ""福永生物科技股份有限公司"", ""y"": ""14.7000"", ""z"": ""-"", ""ts"": ""0""}",37730234383,11530906396,mis-probe-37730234383,1b4caf9efcbb0575771726b356751f177bba37439179cb14bfc9b8a9bc9a88e0,2026-10-08,2026-10-08T13:35:00+08:00,UNCALCULABLE_EVIDENCE_V1,d8fcacd07b965f537a310485ddfbdfef96f5df25,live/replay implementation base; diagnostic file hash identifies this uncommitted report generator,be28204cf9fc4a1a9edb20ce07b6838c503e385bafa0237a6a1b04ee9857f28a,2dd62b249a181d7045c957f0c33501cc574723cd,37742790398,2026-10-08T15:20:18.859+08:00,2026-10-08T17:27:03.597+08:00
4183,福永生技,TPEx,otc,pre_reference_A,2026-10-08T13:27:00.000+08:00,2026-10-08T13:27:01.963+08:00,2026-10-08T13:27:03.783+08:00,13:27:03,20261008,MISSING,MISSING,MISSING,MISSING,MISSING,13:25:17,-,-,0,-,-,20261008,MISSING,-,-,-,200,null,False,False,True,selected_result,0,6,50,6f3a721b8c2ab4b406808b9771d0b6f8d66d9804537b4c503f7a487d17064e33,783.0,FRESH,no_trade_or_incomplete_identity,NO_NESTED_TRADE_ZERO_REPORTED_VOLUME,results/pre_reference_A_raw.jsonl,6,645a4a75e884679e5ec78084cb38ca3eb69cb8797ef14c155d368e151ef35c07,"{""@"": ""4183.tw"", ""tv"": ""-"", ""ps"": ""-"", ""pid"": ""20.otc.tw|1380192"", ""pz"": ""-"", ""bp"": ""0"", ""m%"": ""696605"", ""^"": ""20261008"", ""key"": ""otc_4183.tw_20261008"", ""a"": ""14.7000_14.8000_14.8500_15.0000_15.2500_"", ""b"": ""13.9000_13.7500_13.7000_13.6500_13.6000_"", ""c"": ""4183"", ""#"": ""20.otc.tw|1384213"", ""d"": ""20261008"", ""%"": ""13:25:17"", ""ch"": ""4183.tw"", ""tlong"": ""1791437117000"", ""f"": ""2_3_1_5_1_"", ""g"": ""1_1_2_1_1_"", ""ip"": ""0"", ""mt"": ""696605"", ""h"": ""-"", ""i"": ""22"", ""it"": ""12"", ""l"": ""-"", ""n"": ""福永生技"", ""o"": ""-"", ""p"": ""0"", ""ex"": ""otc"", ""s"": ""-"", ""t"": ""13:25:17"", ""u"": ""16.1500"", ""v"": ""0"", ""w"": ""13.2500"", ""nf"": ""福永生物科技股份有限公司"", ""y"": ""14.7000"", ""z"": ""-"", ""ts"": ""1""}",37730234383,11530906396,mis-probe-37730234383,1b4caf9efcbb0575771726b356751f177bba37439179cb14bfc9b8a9bc9a88e0,2026-10-08,2026-10-08T13:35:00+08:00,UNCALCULABLE_EVIDENCE_V1,d8fcacd07b965f537a310485ddfbdfef96f5df25,live/replay implementation base; diagnostic file hash identifies this uncommitted report generator,be28204cf9fc4a1a9edb20ce07b6838c503e385bafa0237a6a1b04ee9857f28a,2dd62b249a181d7045c957f0c33501cc574723cd,37742790398,2026-10-08T15:20:18.859+08:00,2026-10-08T17:27:03.597+08:00
4183,福永生技,TPEx,otc,pre_reference_B,2026-10-08T13:28:15.000+08:00,2026-10-08T13:28:17.504+08:00,2026-10-08T13:28:22.101+08:00,13:28:21,20261008,MISSING,MISSING,MISSING,MISSING,MISSING,13:25:17,-,-,0,-,-,20261008,MISSING,-,-,-,200,null,False,False,True,selected_result,0,6,50,6f3a721b8c2ab4b406808b9771d0b6f8d66d9804537b4c503f7a487d17064e33,1101.0,FRESH,no_trade_or_incomplete_identity,NO_NESTED_TRADE_ZERO_REPORTED_VOLUME,results/pre_reference_B_raw.jsonl,6,73273fe453a3ebff3ccb0fe132ffba862ff77ee6cded87d040695e5f9b8f73ad,"{""@"": ""4183.tw"", ""tv"": ""-"", ""ps"": ""-"", ""pid"": ""20.otc.tw|1387928"", ""pz"": ""-"", ""bp"": ""0"", ""m%"": ""696605"", ""^"": ""20261008"", ""key"": ""otc_4183.tw_20261008"", ""a"": ""14.7000_14.8000_14.8500_15.0000_15.2500_"", ""b"": ""13.9000_13.7500_13.7000_13.6500_13.6000_"", ""c"": ""4183"", ""#"": ""20.otc.tw|1391687"", ""d"": ""20261008"", ""%"": ""13:25:17"", ""ch"": ""4183.tw"", ""tlong"": ""1791437117000"", ""f"": ""2_3_1_5_1_"", ""g"": ""1_1_2_1_1_"", ""ip"": ""0"", ""mt"": ""696605"", ""h"": ""-"", ""i"": ""22"", ""it"": ""12"", ""l"": ""-"", ""n"": ""福永生技"", ""o"": ""-"", ""p"": ""0"", ""ex"": ""otc"", ""s"": ""-"", ""t"": ""13:25:17"", ""u"": ""16.1500"", ""v"": ""0"", ""w"": ""13.2500"", ""nf"": ""福永生物科技股份有限公司"", ""y"": ""14.7000"", ""z"": ""-"", ""ts"": ""1""}",37730234383,11530906396,mis-probe-37730234383,1b4caf9efcbb0575771726b356751f177bba37439179cb14bfc9b8a9bc9a88e0,2026-10-08,2026-10-08T13:35:00+08:00,UNCALCULABLE_EVIDENCE_V1,d8fcacd07b965f537a310485ddfbdfef96f5df25,live/replay implementation base; diagnostic file hash identifies this uncommitted report generator,be28204cf9fc4a1a9edb20ce07b6838c503e385bafa0237a6a1b04ee9857f28a,2dd62b249a181d7045c957f0c33501cc574723cd,37742790398,2026-10-08T15:20:18.859+08:00,2026-10-08T17:27:03.597+08:00
4183,福永生技,TPEx,otc,pre_targeted_retry,2026-10-08T13:28:48.457+08:00,2026-10-08T13:28:48.458+08:00,2026-10-08T13:28:52.051+08:00,13:28:50,20261008,MISSING,MISSING,MISSING,MISSING,MISSING,13:25:17,-,-,0,-,-,20261008,MISSING,-,-,-,200,null,False,False,True,selected_result,0,1,50,4e4af890c598365c118844579b16903ed4466f3f04be175c39af888b3d14164c,2051.0,FRESH,no_trade_or_incomplete_identity,NO_NESTED_TRADE_ZERO_REPORTED_VOLUME,results/pre_targeted_retry_raw.jsonl,1,2ebe254a86ec004d48a031ba50113074cb610f66dbf5b4d55bebc6ddc6c6fa95,"{""@"": ""4183.tw"", ""tv"": ""-"", ""ps"": ""-"", ""pid"": ""20.otc.tw|1391687"", ""pz"": ""-"", ""bp"": ""0"", ""m%"": ""696605"", ""^"": ""20261008"", ""key"": ""otc_4183.tw_20261008"", ""a"": ""14.7000_14.8000_14.8500_15.0000_15.2500_"", ""b"": ""13.9000_13.7500_13.7000_13.6500_13.6000_"", ""c"": ""4183"", ""#"": ""20.otc.tw|1395754"", ""d"": ""20261008"", ""%"": ""13:25:17"", ""ch"": ""4183.tw"", ""tlong"": ""1791437117000"", ""f"": ""2_3_1_5_1_"", ""g"": ""1_1_2_1_1_"", ""ip"": ""0"", ""mt"": ""696605"", ""h"": ""-"", ""i"": ""22"", ""it"": ""12"", ""l"": ""-"", ""n"": ""福永生技"", ""o"": ""-"", ""p"": ""0"", ""ex"": ""otc"", ""s"": ""-"", ""t"": ""13:25:17"", ""u"": ""16.1500"", ""v"": ""0"", ""w"": ""13.2500"", ""nf"": ""福永生物科技股份有限公司"", ""y"": ""14.7000"", ""z"": ""-"", ""ts"": ""1""}",37730234383,11530906396,mis-probe-37730234383,1b4caf9efcbb0575771726b356751f177bba37439179cb14bfc9b8a9bc9a88e0,2026-10-08,2026-10-08T13:35:00+08:00,UNCALCULABLE_EVIDENCE_V1,d8fcacd07b965f537a310485ddfbdfef96f5df25,live/replay implementation base; diagnostic file hash identifies this uncommitted report generator,be28204cf9fc4a1a9edb20ce07b6838c503e385bafa0237a6a1b04ee9857f28a,2dd62b249a181d7045c957f0c33501cc574723cd,37742790398,2026-10-08T15:20:18.859+08:00,2026-10-08T17:27:03.597+08:00
4183,福永生技,TPEx,otc,pre_targeted_retry,2026-10-08T13:28:57.201+08:00,2026-10-08T13:28:57.201+08:00,2026-10-08T13:28:58.004+08:00,MISSING,MISSING,MISSING,MISSING,MISSING,MISSING,MISSING,MISSING,MISSING,MISSING,MISSING,MISSING,MISSING,MISSING,MISSING,MISSING,MISSING,MISSING,null,RESPONSE_AFTER_CAPTURE_DEADLINE:URLError:<urlopen error timed out>,True,False,True,HTTP_attempt,0,1,25,248ef639ea777795f75262d307ea71aa2ea127a7cbb84226f95511e1565f3950,null,NOT_FRESH_OR_UNAVAILABLE,RESPONSE_AFTER_CAPTURE_DEADLINE:URLError:<urlopen error timed out>,NO_RESPONSE_ITEM,results/pre_targeted_retry_raw.jsonl,4,5f26b410f8b93db9844cc880f137cf9653c7a33ef31353cec3dd6d7ac17220b2,MISSING,37730234383,11530906396,mis-probe-37730234383,1b4caf9efcbb0575771726b356751f177bba37439179cb14bfc9b8a9bc9a88e0,2026-10-08,2026-10-08T13:35:00+08:00,UNCALCULABLE_EVIDENCE_V1,d8fcacd07b965f537a310485ddfbdfef96f5df25,live/replay implementation base; diagnostic file hash identifies this uncommitted report generator,be28204cf9fc4a1a9edb20ce07b6838c503e385bafa0237a6a1b04ee9857f28a,2dd62b249a181d7045c957f0c33501cc574723cd,37742790398,2026-10-08T15:20:18.859+08:00,2026-10-08T17:27:03.597+08:00
4183,福永生技,TPEx,otc,pre_targeted_retry,2026-10-08T13:28:57.201+08:00,2026-10-08T13:28:58.505+08:00,2026-10-08T13:28:58.505+08:00,MISSING,MISSING,MISSING,MISSING,MISSING,MISSING,MISSING,MISSING,MISSING,MISSING,MISSING,MISSING,MISSING,MISSING,MISSING,MISSING,MISSING,MISSING,null,CAPTURE_DEADLINE_NO_REQUEST,True,False,False,selected_result,null,1,25,248ef639ea777795f75262d307ea71aa2ea127a7cbb84226f95511e1565f3950,null,NOT_FRESH_OR_UNAVAILABLE,CAPTURE_DEADLINE_NO_REQUEST,NO_RESPONSE_ITEM,results/pre_targeted_retry_raw.jsonl,4,5f26b410f8b93db9844cc880f137cf9653c7a33ef31353cec3dd6d7ac17220b2,MISSING,37730234383,11530906396,mis-probe-37730234383,1b4caf9efcbb0575771726b356751f177bba37439179cb14bfc9b8a9bc9a88e0,2026-10-08,2026-10-08T13:35:00+08:00,UNCALCULABLE_EVIDENCE_V1,d8fcacd07b965f537a310485ddfbdfef96f5df25,live/replay implementation base; diagnostic file hash identifies this uncommitted report generator,be28204cf9fc4a1a9edb20ce07b6838c503e385bafa0237a6a1b04ee9857f28a,2dd62b249a181d7045c957f0c33501cc574723cd,37742790398,2026-10-08T15:20:18.859+08:00,2026-10-08T17:27:03.597+08:00
4183,福永生技,TPEx,otc,pre_reference_C,2026-10-08T13:29:00.000+08:00,2026-10-08T13:29:01.922+08:00,2026-10-08T13:29:05.395+08:00,13:28:21,20261008,43293,MISSING,MISSING,MISSING,MISSING,13:25:17,-,-,0,-,-,20261008,MISSING,-,-,-,200,null,False,False,True,selected_result,0,6,50,6f3a721b8c2ab4b406808b9771d0b6f8d66d9804537b4c503f7a487d17064e33,44395.0,NOT_FRESH_OR_UNAVAILABLE,stale_cache,NO_NESTED_TRADE_ZERO_REPORTED_VOLUME,results/pre_reference_C_raw.jsonl,6,32948047481bad463141724a286e6806de61aa54f4964fbe283d8aab4ebb5e03,"{""@"": ""4183.tw"", ""tv"": ""-"", ""ps"": ""-"", ""pid"": ""20.otc.tw|1387928"", ""pz"": ""-"", ""bp"": ""0"", ""m%"": ""696605"", ""^"": ""20261008"", ""key"": ""otc_4183.tw_20261008"", ""a"": ""14.7000_14.8000_14.8500_15.0000_15.2500_"", ""b"": ""13.9000_13.7500_13.7000_13.6500_13.6000_"", ""c"": ""4183"", ""#"": ""20.otc.tw|1391687"", ""d"": ""20261008"", ""%"": ""13:25:17"", ""ch"": ""4183.tw"", ""tlong"": ""1791437117000"", ""f"": ""2_3_1_5_1_"", ""g"": ""1_1_2_1_1_"", ""ip"": ""0"", ""mt"": ""696605"", ""h"": ""-"", ""i"": ""22"", ""it"": ""12"", ""l"": ""-"", ""n"": ""福永生技"", ""o"": ""-"", ""p"": ""0"", ""ex"": ""otc"", ""s"": ""-"", ""t"": ""13:25:17"", ""u"": ""16.1500"", ""v"": ""0"", ""w"": ""13.2500"", ""nf"": ""福永生物科技股份有限公司"", ""y"": ""14.7000"", ""z"": ""-"", ""ts"": ""1""}",37730234383,11530906396,mis-probe-37730234383,1b4caf9efcbb0575771726b356751f177bba37439179cb14bfc9b8a9bc9a88e0,2026-10-08,2026-10-08T13:35:00+08:00,UNCALCULABLE_EVIDENCE_V1,d8fcacd07b965f537a310485ddfbdfef96f5df25,live/replay implementation base; diagnostic file hash identifies this uncommitted report generator,be28204cf9fc4a1a9edb20ce07b6838c503e385bafa0237a6a1b04ee9857f28a,2dd62b249a181d7045c957f0c33501cc574723cd,37742790398,2026-10-08T15:20:18.859+08:00,2026-10-08T17:27:03.597+08:00
4183,福永生技,TPEx,otc,pre_targeted_retry,2026-10-08T13:29:25.164+08:00,2026-10-08T13:29:25.164+08:00,2026-10-08T13:29:26.413+08:00,13:29:26,20261008,MISSING,MISSING,MISSING,MISSING,MISSING,13:25:17,-,-,0,-,-,20261008,MISSING,-,-,-,200,null,False,False,True,selected_result,0,1,25,248ef639ea777795f75262d307ea71aa2ea127a7cbb84226f95511e1565f3950,413.0,FRESH,no_trade_or_incomplete_identity,NO_NESTED_TRADE_ZERO_REPORTED_VOLUME,results/pre_targeted_retry_raw.jsonl,5,0c1134bcaf38056edad5878f09621ec4ba8e54998c4e4f98959e48041108ccfd,"{""@"": ""4183.tw"", ""tv"": ""-"", ""ps"": ""-"", ""pid"": ""20.otc.tw|1391687"", ""pz"": ""-"", ""bp"": ""0"", ""m%"": ""696605"", ""^"": ""20261008"", ""key"": ""otc_4183.tw_20261008"", ""a"": ""14.7000_14.8000_14.8500_15.0000_15.2500_"", ""b"": ""13.9000_13.7500_13.7000_13.6500_13.6000_"", ""c"": ""4183"", ""#"": ""20.otc.tw|1395754"", ""d"": ""20261008"", ""%"": ""13:25:17"", ""ch"": ""4183.tw"", ""tlong"": ""1791437117000"", ""f"": ""2_3_1_5_1_"", ""g"": ""1_1_2_1_1_"", ""ip"": ""0"", ""mt"": ""696605"", ""h"": ""-"", ""i"": ""22"", ""it"": ""12"", ""l"": ""-"", ""n"": ""福永生技"", ""o"": ""-"", ""p"": ""0"", ""ex"": ""otc"", ""s"": ""-"", ""t"": ""13:25:17"", ""u"": ""16.1500"", ""v"": ""0"", ""w"": ""13.2500"", ""nf"": ""福永生物科技股份有限公司"", ""y"": ""14.7000"", ""z"": ""-"", ""ts"": ""1""}",37730234383,11530906396,mis-probe-37730234383,1b4caf9efcbb0575771726b356751f177bba37439179cb14bfc9b8a9bc9a88e0,2026-10-08,2026-10-08T13:35:00+08:00,UNCALCULABLE_EVIDENCE_V1,d8fcacd07b965f537a310485ddfbdfef96f5df25,live/replay implementation base; diagnostic file hash identifies this uncommitted report generator,be28204cf9fc4a1a9edb20ce07b6838c503e385bafa0237a6a1b04ee9857f28a,2dd62b249a181d7045c957f0c33501cc574723cd,37742790398,2026-10-08T15:20:18.859+08:00,2026-10-08T17:27:03.597+08:00
4183,福永生技,TPEx,otc,close_reference_A,2026-10-08T13:32:30.000+08:00,2026-10-08T13:32:31.437+08:00,2026-10-08T13:32:34.279+08:00,13:32:33,20261008,MISSING,MISSING,MISSING,MISSING,MISSING,13:30:00,-,-,0,-,-,20261008,MISSING,-,-,-,200,null,False,False,True,selected_result,0,6,50,6f3a721b8c2ab4b406808b9771d0b6f8d66d9804537b4c503f7a487d17064e33,1279.0,FRESH,no_trade_or_incomplete_identity,NO_NESTED_TRADE_ZERO_REPORTED_VOLUME,results/close_reference_A_raw.jsonl,6,a80414704d9ccb3c7d8fde670a03d9ae831ec8af887b6acab39f707a9e6cdf40,"{""@"": ""4183.tw"", ""tv"": ""-"", ""ps"": ""-"", ""pid"": ""20.otc.tw|1414775"", ""pz"": ""-"", ""bp"": ""0"", ""m%"": ""000000"", ""^"": ""20261008"", ""key"": ""otc_4183.tw_20261008"", ""a"": ""14.7000_14.8000_14.8500_15.0000_15.2500_"", ""b"": ""13.9000_13.7500_13.7000_13.6500_13.6000_"", ""c"": ""4183"", ""#"": ""20.otc.tw|1416176"", ""d"": ""20261008"", ""%"": ""13:30:00"", ""ch"": ""4183.tw"", ""tlong"": ""1791437400000"", ""f"": ""2_3_1_5_1_"", ""g"": ""1_1_2_1_1_"", ""ip"": ""0"", ""mt"": ""000000"", ""h"": ""-"", ""i"": ""22"", ""it"": ""12"", ""l"": ""-"", ""n"": ""福永生技"", ""o"": ""-"", ""p"": ""0"", ""ex"": ""otc"", ""s"": ""-"", ""t"": ""13:30:00"", ""u"": ""16.1500"", ""v"": ""0"", ""w"": ""13.2500"", ""nf"": ""福永生物科技股份有限公司"", ""y"": ""14.7000"", ""z"": ""-"", ""ts"": ""0""}",37730234383,11530906396,mis-probe-37730234383,1b4caf9efcbb0575771726b356751f177bba37439179cb14bfc9b8a9bc9a88e0,2026-10-08,2026-10-08T13:35:00+08:00,UNCALCULABLE_EVIDENCE_V1,d8fcacd07b965f537a310485ddfbdfef96f5df25,live/replay implementation base; diagnostic file hash identifies this uncommitted report generator,be28204cf9fc4a1a9edb20ce07b6838c503e385bafa0237a6a1b04ee9857f28a,2dd62b249a181d7045c957f0c33501cc574723cd,37742790398,2026-10-08T15:20:18.859+08:00,2026-10-08T17:27:03.597+08:00
4183,福永生技,TPEx,otc,close_reference_B,2026-10-08T13:33:20.000+08:00,2026-10-08T13:33:50.386+08:00,2026-10-08T13:33:51.378+08:00,13:33:51,20261008,MISSING,MISSING,MISSING,MISSING,MISSING,13:30:00,-,-,0,-,-,20261008,MISSING,-,-,-,200,null,False,False,True,selected_result,0,35,50,cd5714cdac7f39c3c6e562c0b6260d68881fb3de373e4feedd66794bb62fec21,378.0,FRESH,no_trade_or_incomplete_identity,NO_NESTED_TRADE_ZERO_REPORTED_VOLUME,results/close_reference_B_raw.jsonl,35,ae8b552b08bafdabca93afa8dd0c285e8ad0d934eefa5d83ab66b83973532b28,"{""@"": ""4183.tw"", ""tv"": ""-"", ""ps"": ""-"", ""pid"": ""20.otc.tw|1418962"", ""pz"": ""-"", ""bp"": ""0"", ""m%"": ""000000"", ""^"": ""20261008"", ""key"": ""otc_4183.tw_20261008"", ""a"": ""14.7000_14.8000_14.8500_15.0000_15.2500_"", ""b"": ""13.9000_13.7500_13.7000_13.6500_13.6000_"", ""c"": ""4183"", ""#"": ""20.otc.tw|1420371"", ""d"": ""20261008"", ""%"": ""13:30:00"", ""ch"": ""4183.tw"", ""tlong"": ""1791437400000"", ""f"": ""2_3_1_5_1_"", ""g"": ""1_1_2_1_1_"", ""ip"": ""0"", ""mt"": ""000000"", ""h"": ""-"", ""i"": ""22"", ""it"": ""12"", ""l"": ""-"", ""n"": ""福永生技"", ""o"": ""-"", ""p"": ""0"", ""ex"": ""otc"", ""s"": ""-"", ""t"": ""13:30:00"", ""u"": ""16.1500"", ""v"": ""0"", ""w"": ""13.2500"", ""nf"": ""福永生物科技股份有限公司"", ""y"": ""14.7000"", ""z"": ""-"", ""ts"": ""0""}",37730234383,11530906396,mis-probe-37730234383,1b4caf9efcbb0575771726b356751f177bba37439179cb14bfc9b8a9bc9a88e0,2026-10-08,2026-10-08T13:35:00+08:00,UNCALCULABLE_EVIDENCE_V1,d8fcacd07b965f537a310485ddfbdfef96f5df25,live/replay implementation base; diagnostic file hash identifies this uncommitted report generator,be28204cf9fc4a1a9edb20ce07b6838c503e385bafa0237a6a1b04ee9857f28a,2dd62b249a181d7045c957f0c33501cc574723cd,37742790398,2026-10-08T15:20:18.859+08:00,2026-10-08T17:27:03.597+08:00
4183,福永生技,TPEx,otc,close_reference_C,2026-10-08T13:34:10.000+08:00,2026-10-08T13:34:10.000+08:00,2026-10-08T13:34:10.842+08:00,13:34:10,20261008,MISSING,MISSING,MISSING,MISSING,MISSING,13:30:00,-,-,0,-,-,20261008,MISSING,-,-,-,200,null,False,False,True,selected_result,0,1,29,6550d2287e85a4df0a8ec64d1c160e0dc59f57f02c6945a778432e2a5dbcb5cc,842.0,FRESH,no_trade_or_incomplete_identity,NO_NESTED_TRADE_ZERO_REPORTED_VOLUME,results/close_reference_C_raw.jsonl,1,776473020c3a315a7830eb9cd7529a970b86db8333a6313c2949d48c5d1d97ce,"{""@"": ""4183.tw"", ""tv"": ""-"", ""ps"": ""-"", ""pid"": ""20.otc.tw|1418962"", ""pz"": ""-"", ""bp"": ""0"", ""m%"": ""000000"", ""^"": ""20261008"", ""key"": ""otc_4183.tw_20261008"", ""a"": ""14.7000_14.8000_14.8500_15.0000_15.2500_"", ""b"": ""13.9000_13.7500_13.7000_13.6500_13.6000_"", ""c"": ""4183"", ""#"": ""20.otc.tw|1420371"", ""d"": ""20261008"", ""%"": ""13:30:00"", ""ch"": ""4183.tw"", ""tlong"": ""1791437400000"", ""f"": ""2_3_1_5_1_"", ""g"": ""1_1_2_1_1_"", ""ip"": ""0"", ""mt"": ""000000"", ""h"": ""-"", ""i"": ""22"", ""it"": ""12"", ""l"": ""-"", ""n"": ""福永生技"", ""o"": ""-"", ""p"": ""0"", ""ex"": ""otc"", ""s"": ""-"", ""t"": ""13:30:00"", ""u"": ""16.1500"", ""v"": ""0"", ""w"": ""13.2500"", ""nf"": ""福永生物科技股份有限公司"", ""y"": ""14.7000"", ""z"": ""-"", ""ts"": ""0""}",37730234383,11530906396,mis-probe-37730234383,1b4caf9efcbb0575771726b356751f177bba37439179cb14bfc9b8a9bc9a88e0,2026-10-08,2026-10-08T13:35:00+08:00,UNCALCULABLE_EVIDENCE_V1,d8fcacd07b965f537a310485ddfbdfef96f5df25,live/replay implementation base; diagnostic file hash identifies this uncommitted report generator,be28204cf9fc4a1a9edb20ce07b6838c503e385bafa0237a6a1b04ee9857f28a,2dd62b249a181d7045c957f0c33501cc574723cd,37742790398,2026-10-08T15:20:18.859+08:00,2026-10-08T17:27:03.597+08:00
4183,福永生技,TPEx,otc,per_second_probe,MISSING,MISSING,MISSING,MISSING,MISSING,MISSING,MISSING,MISSING,MISSING,MISSING,MISSING,MISSING,MISSING,MISSING,MISSING,MISSING,MISSING,MISSING,MISSING,MISSING,MISSING,MISSING,NOT_SAMPLED,MISSING,MISSING,False,coverage_note,MISSING,MISSING,MISSING,MISSING,MISSING,MISSING,MISSING,MISSING,results/probe_raw.jsonl,MISSING,MISSING,MISSING,37730234383,11530906396,mis-probe-37730234383,1b4caf9efcbb0575771726b356751f177bba37439179cb14bfc9b8a9bc9a88e0,2026-10-08,2026-10-08T13:35:00+08:00,UNCALCULABLE_EVIDENCE_V1,d8fcacd07b965f537a310485ddfbdfef96f5df25,live/replay implementation base; diagnostic file hash identifies this uncommitted report generator,be28204cf9fc4a1a9edb20ce07b6838c503e385bafa0237a6a1b04ee9857f28a,2dd62b249a181d7045c957f0c33501cc574723cd,37742790398,2026-10-08T15:20:18.859+08:00,2026-10-08T17:27:03.597+08:00
5276,達輝-KY,TPEx,otc,preclose,2026-10-08T13:24:50.000+08:00,2026-10-08T13:24:52.663+08:00,2026-10-08T13:24:54.324+08:00,13:24:54,20261008,MISSING,MISSING,MISSING,MISSING,MISSING,12:34:14,-,-,0,-,-,20261008,RR,-,-,-,200,null,False,False,True,selected_result,0,8,50,a1b39f21c81c27499916948c7cbac4643ba8b5b9b2f552aa9604a1dc4510a3ed,324.0,FRESH,stale_cache,NO_NESTED_TRADE_ZERO_REPORTED_VOLUME,results/preclose_raw.jsonl,8,2e7d47bef89d691ec82a8600bb70d2783f74fd5829ec32e5aebba979dfd79248,"{""@"": ""5276.tw"", ""tv"": ""-"", ""ps"": ""-"", ""pid"": ""20.otc.tw|1359198"", ""pz"": ""-"", ""bp"": ""0"", ""m%"": ""332335"", ""^"": ""20261008"", ""key"": ""otc_5276.tw_20261008"", ""a"": ""17.9500_18.0000_18.1000_18.5000_18.8000_"", ""b"": ""17.3500_17.3000_17.2500_17.1500_17.1000_"", ""c"": ""5276"", ""#"": ""20.otc.tw|1361828"", ""d"": ""20261008"", ""%"": ""12:34:14"", ""ch"": ""5276.tw"", ""tlong"": ""1791434054000"", ""io"": ""RR"", ""f"": ""1_8_1_1_2_"", ""g"": ""1_1_4_3_1_"", ""ip"": ""0"", ""mt"": ""332335"", ""h"": ""-"", ""i"": ""20"", ""it"": ""12"", ""l"": ""-"", ""n"": ""達輝-KY"", ""o"": ""-"", ""p"": ""0"", ""ex"": ""otc"", ""s"": ""-"", ""t"": ""12:34:14"", ""u"": ""19.8000"", ""v"": ""0"", ""w"": ""16.2000"", ""nf"": ""達輝股份有限公司"", ""y"": ""18.0000"", ""z"": ""-"", ""ts"": ""0""}",37730234383,11530906396,mis-probe-37730234383,1b4caf9efcbb0575771726b356751f177bba37439179cb14bfc9b8a9bc9a88e0,2026-10-08,2026-10-08T13:35:00+08:00,UNCALCULABLE_EVIDENCE_V1,d8fcacd07b965f537a310485ddfbdfef96f5df25,live/replay implementation base; diagnostic file hash identifies this uncommitted report generator,be28204cf9fc4a1a9edb20ce07b6838c503e385bafa0237a6a1b04ee9857f28a,2dd62b249a181d7045c957f0c33501cc574723cd,37742790398,2026-10-08T15:20:18.859+08:00,2026-10-08T17:27:03.597+08:00
5276,達輝-KY,TPEx,otc,pre_reference_A,2026-10-08T13:27:00.000+08:00,2026-10-08T13:27:02.385+08:00,2026-10-08T13:27:05.689+08:00,13:27:04,20261008,MISSING,MISSING,MISSING,MISSING,MISSING,13:25:16,-,-,0,-,-,20261008,RR,-,-,-,200,null,False,False,True,selected_result,0,8,50,a1b39f21c81c27499916948c7cbac4643ba8b5b9b2f552aa9604a1dc4510a3ed,1689.0,FRESH,no_trade_or_incomplete_identity,NO_NESTED_TRADE_ZERO_REPORTED_VOLUME,results/pre_reference_A_raw.jsonl,8,6a000061b95d989cd2c43b47b72a962a15c2bcfa0f4213dded75410c71e67c69,"{""@"": ""5276.tw"", ""tv"": ""-"", ""ps"": ""-"", ""pid"": ""20.otc.tw|1375165"", ""pz"": ""-"", ""bp"": ""0"", ""m%"": ""091973"", ""^"": ""20261008"", ""key"": ""otc_5276.tw_20261008"", ""a"": ""17.9500_18.0000_18.1000_18.5000_18.8000_"", ""b"": ""17.3500_17.3000_17.2500_17.1500_17.1000_"", ""c"": ""5276"", ""#"": ""20.otc.tw|1379629"", ""d"": ""20261008"", ""%"": ""13:25:16"", ""ch"": ""5276.tw"", ""tlong"": ""1791437116000"", ""io"": ""RR"", ""f"": ""1_8_1_1_2_"", ""g"": ""1_1_4_3_1_"", ""ip"": ""0"", ""mt"": ""091973"", ""h"": ""-"", ""i"": ""20"", ""it"": ""12"", ""l"": ""-"", ""n"": ""達輝-KY"", ""o"": ""-"", ""p"": ""0"", ""ex"": ""otc"", ""s"": ""-"", ""t"": ""13:25:16"", ""u"": ""19.8000"", ""v"": ""0"", ""w"": ""16.2000"", ""nf"": ""達輝股份有限公司"", ""y"": ""18.0000"", ""z"": ""-"", ""ts"": ""1""}",37730234383,11530906396,mis-probe-37730234383,1b4caf9efcbb0575771726b356751f177bba37439179cb14bfc9b8a9bc9a88e0,2026-10-08,2026-10-08T13:35:00+08:00,UNCALCULABLE_EVIDENCE_V1,d8fcacd07b965f537a310485ddfbdfef96f5df25,live/replay implementation base; diagnostic file hash identifies this uncommitted report generator,be28204cf9fc4a1a9edb20ce07b6838c503e385bafa0237a6a1b04ee9857f28a,2dd62b249a181d7045c957f0c33501cc574723cd,37742790398,2026-10-08T15:20:18.859+08:00,2026-10-08T17:27:03.597+08:00
5276,達輝-KY,TPEx,otc,pre_reference_B,2026-10-08T13:28:15.000+08:00,2026-10-08T13:28:17.914+08:00,2026-10-08T13:28:24.120+08:00,13:28:19,20261008,MISSING,MISSING,MISSING,MISSING,MISSING,13:25:16,-,-,0,-,-,20261008,RR,-,-,-,200,null,False,False,True,selected_result,0,8,50,a1b39f21c81c27499916948c7cbac4643ba8b5b9b2f552aa9604a1dc4510a3ed,5120.0,FRESH,no_trade_or_incomplete_identity,NO_NESTED_TRADE_ZERO_REPORTED_VOLUME,results/pre_reference_B_raw.jsonl,8,e1d7c74d5223eb1f4ea097d0b5f87837f0d1e2aed030ffa018236df8dfdce6f0,"{""@"": ""5276.tw"", ""tv"": ""-"", ""ps"": ""-"", ""pid"": ""20.otc.tw|1387405"", ""pz"": ""-"", ""bp"": ""0"", ""m%"": ""091973"", ""^"": ""20261008"", ""key"": ""otc_5276.tw_20261008"", ""a"": ""17.9500_18.0000_18.1000_18.5000_18.8000_"", ""b"": ""17.3500_17.3000_17.2500_17.1500_17.1000_"", ""c"": ""5276"", ""#"": ""20.otc.tw|1391167"", ""d"": ""20261008"", ""%"": ""13:25:16"", ""ch"": ""5276.tw"", ""tlong"": ""1791437116000"", ""io"": ""RR"", ""f"": ""1_8_1_1_2_"", ""g"": ""1_1_4_3_1_"", ""ip"": ""0"", ""mt"": ""091973"", ""h"": ""-"", ""i"": ""20"", ""it"": ""12"", ""l"": ""-"", ""n"": ""達輝-KY"", ""o"": ""-"", ""p"": ""0"", ""ex"": ""otc"", ""s"": ""-"", ""t"": ""13:25:16"", ""u"": ""19.8000"", ""v"": ""0"", ""w"": ""16.2000"", ""nf"": ""達輝股份有限公司"", ""y"": ""18.0000"", ""z"": ""-"", ""ts"": ""1""}",37730234383,11530906396,mis-probe-37730234383,1b4caf9efcbb0575771726b356751f177bba37439179cb14bfc9b8a9bc9a88e0,2026-10-08,2026-10-08T13:35:00+08:00,UNCALCULABLE_EVIDENCE_V1,d8fcacd07b965f537a310485ddfbdfef96f5df25,live/replay implementation base; diagnostic file hash identifies this uncommitted report generator,be28204cf9fc4a1a9edb20ce07b6838c503e385bafa0237a6a1b04ee9857f28a,2dd62b249a181d7045c957f0c33501cc574723cd,37742790398,2026-10-08T15:20:18.859+08:00,2026-10-08T17:27:03.597+08:00
5276,達輝-KY,TPEx,otc,pre_targeted_retry,2026-10-08T13:28:48.457+08:00,2026-10-08T13:28:48.458+08:00,2026-10-08T13:28:50.611+08:00,13:28:49,20261008,MISSING,MISSING,MISSING,MISSING,MISSING,13:25:16,-,-,0,-,-,20261008,RR,-,-,-,200,null,False,False,True,selected_result,0,2,50,2914eee9550e758c1ce62131e725348dd7be1e7a32fc8009de8eb833e2412b01,1611.0,FRESH,no_trade_or_incomplete_identity,NO_NESTED_TRADE_ZERO_REPORTED_VOLUME,results/pre_targeted_retry_raw.jsonl,2,e52e465e3454c558df5c39e0a42693451007c030b26a2c1970f9c667fbfa20e4,"{""@"": ""5276.tw"", ""tv"": ""-"", ""ps"": ""-"", ""pid"": ""20.otc.tw|1387405"", ""pz"": ""-"", ""bp"": ""0"", ""m%"": ""091973"", ""^"": ""20261008"", ""key"": ""otc_5276.tw_20261008"", ""a"": ""17.9500_18.0000_18.1000_18.5000_18.8000_"", ""b"": ""17.3500_17.3000_17.2500_17.1500_17.1000_"", ""c"": ""5276"", ""#"": ""20.otc.tw|1391167"", ""d"": ""20261008"", ""%"": ""13:25:16"", ""ch"": ""5276.tw"", ""tlong"": ""1791437116000"", ""io"": ""RR"", ""f"": ""1_8_1_1_2_"", ""g"": ""1_1_4_3_1_"", ""ip"": ""0"", ""mt"": ""091973"", ""h"": ""-"", ""i"": ""20"", ""it"": ""12"", ""l"": ""-"", ""n"": ""達輝-KY"", ""o"": ""-"", ""p"": ""0"", ""ex"": ""otc"", ""s"": ""-"", ""t"": ""13:25:16"", ""u"": ""19.8000"", ""v"": ""0"", ""w"": ""16.2000"", ""nf"": ""達輝股份有限公司"", ""y"": ""18.0000"", ""z"": ""-"", ""ts"": ""1""}",37730234383,11530906396,mis-probe-37730234383,1b4caf9efcbb0575771726b356751f177bba37439179cb14bfc9b8a9bc9a88e0,2026-10-08,2026-10-08T13:35:00+08:00,UNCALCULABLE_EVIDENCE_V1,d8fcacd07b965f537a310485ddfbdfef96f5df25,live/replay implementation base; diagnostic file hash identifies this uncommitted report generator,be28204cf9fc4a1a9edb20ce07b6838c503e385bafa0237a6a1b04ee9857f28a,2dd62b249a181d7045c957f0c33501cc574723cd,37742790398,2026-10-08T15:20:18.859+08:00,2026-10-08T17:27:03.597+08:00
5276,達輝-KY,TPEx,otc,pre_targeted_retry,2026-10-08T13:28:57.201+08:00,2026-10-08T13:28:57.201+08:00,2026-10-08T13:28:58.004+08:00,MISSING,MISSING,MISSING,MISSING,MISSING,MISSING,MISSING,MISSING,MISSING,MISSING,MISSING,MISSING,MISSING,MISSING,MISSING,MISSING,MISSING,MISSING,null,RESPONSE_AFTER_CAPTURE_DEADLINE:URLError:<urlopen error timed out>,True,False,True,HTTP_attempt,0,1,25,248ef639ea777795f75262d307ea71aa2ea127a7cbb84226f95511e1565f3950,null,NOT_FRESH_OR_UNAVAILABLE,RESPONSE_AFTER_CAPTURE_DEADLINE:URLError:<urlopen error timed out>,NO_RESPONSE_ITEM,results/pre_targeted_retry_raw.jsonl,4,5f26b410f8b93db9844cc880f137cf9653c7a33ef31353cec3dd6d7ac17220b2,MISSING,37730234383,11530906396,mis-probe-37730234383,1b4caf9efcbb0575771726b356751f177bba37439179cb14bfc9b8a9bc9a88e0,2026-10-08,2026-10-08T13:35:00+08:00,UNCALCULABLE_EVIDENCE_V1,d8fcacd07b965f537a310485ddfbdfef96f5df25,live/replay implementation base; diagnostic file hash identifies this uncommitted report generator,be28204cf9fc4a1a9edb20ce07b6838c503e385bafa0237a6a1b04ee9857f28a,2dd62b249a181d7045c957f0c33501cc574723cd,37742790398,2026-10-08T15:20:18.859+08:00,2026-10-08T17:27:03.597+08:00
5276,達輝-KY,TPEx,otc,pre_targeted_retry,2026-10-08T13:28:57.201+08:00,2026-10-08T13:28:58.505+08:00,2026-10-08T13:28:58.505+08:00,MISSING,MISSING,MISSING,MISSING,MISSING,MISSING,MISSING,MISSING,MISSING,MISSING,MISSING,MISSING,MISSING,MISSING,MISSING,MISSING,MISSING,MISSING,null,CAPTURE_DEADLINE_NO_REQUEST,True,False,False,selected_result,null,1,25,248ef639ea777795f75262d307ea71aa2ea127a7cbb84226f95511e1565f3950,null,NOT_FRESH_OR_UNAVAILABLE,CAPTURE_DEADLINE_NO_REQUEST,NO_RESPONSE_ITEM,results/pre_targeted_retry_raw.jsonl,4,5f26b410f8b93db9844cc880f137cf9653c7a33ef31353cec3dd6d7ac17220b2,MISSING,37730234383,11530906396,mis-probe-37730234383,1b4caf9efcbb0575771726b356751f177bba37439179cb14bfc9b8a9bc9a88e0,2026-10-08,2026-10-08T13:35:00+08:00,UNCALCULABLE_EVIDENCE_V1,d8fcacd07b965f537a310485ddfbdfef96f5df25,live/replay implementation base; diagnostic file hash identifies this uncommitted report generator,be28204cf9fc4a1a9edb20ce07b6838c503e385bafa0237a6a1b04ee9857f28a,2dd62b249a181d7045c957f0c33501cc574723cd,37742790398,2026-10-08T15:20:18.859+08:00,2026-10-08T17:27:03.597+08:00
5276,達輝-KY,TPEx,otc,pre_reference_C,2026-10-08T13:29:00.000+08:00,2026-10-08T13:29:03.745+08:00,2026-10-08T13:29:07.471+08:00,13:28:19,20261008,45639,MISSING,MISSING,MISSING,MISSING,13:25:16,-,-,0,-,-,20261008,RR,-,-,-,200,null,False,False,True,selected_result,0,8,50,a1b39f21c81c27499916948c7cbac4643ba8b5b9b2f552aa9604a1dc4510a3ed,48471.0,NOT_FRESH_OR_UNAVAILABLE,stale_cache,NO_NESTED_TRADE_ZERO_REPORTED_VOLUME,results/pre_reference_C_raw.jsonl,8,0f2a9629bd99c6c02979401fd479e7f6035e59218fb558f3551c79a9a5292608,"{""@"": ""5276.tw"", ""tv"": ""-"", ""ps"": ""-"", ""pid"": ""20.otc.tw|1387405"", ""pz"": ""-"", ""bp"": ""0"", ""m%"": ""091973"", ""^"": ""20261008"", ""key"": ""otc_5276.tw_20261008"", ""a"": ""17.9500_18.0000_18.1000_18.5000_18.8000_"", ""b"": ""17.3500_17.3000_17.2500_17.1500_17.1000_"", ""c"": ""5276"", ""#"": ""20.otc.tw|1391167"", ""d"": ""20261008"", ""%"": ""13:25:16"", ""ch"": ""5276.tw"", ""tlong"": ""1791437116000"", ""io"": ""RR"", ""f"": ""1_8_1_1_2_"", ""g"": ""1_1_4_3_1_"", ""ip"": ""0"", ""mt"": ""091973"", ""h"": ""-"", ""i"": ""20"", ""it"": ""12"", ""l"": ""-"", ""n"": ""達輝-KY"", ""o"": ""-"", ""p"": ""0"", ""ex"": ""otc"", ""s"": ""-"", ""t"": ""13:25:16"", ""u"": ""19.8000"", ""v"": ""0"", ""w"": ""16.2000"", ""nf"": ""達輝股份有限公司"", ""y"": ""18.0000"", ""z"": ""-"", ""ts"": ""1""}",37730234383,11530906396,mis-probe-37730234383,1b4caf9efcbb0575771726b356751f177bba37439179cb14bfc9b8a9bc9a88e0,2026-10-08,2026-10-08T13:35:00+08:00,UNCALCULABLE_EVIDENCE_V1,d8fcacd07b965f537a310485ddfbdfef96f5df25,live/replay implementation base; diagnostic file hash identifies this uncommitted report generator,be28204cf9fc4a1a9edb20ce07b6838c503e385bafa0237a6a1b04ee9857f28a,2dd62b249a181d7045c957f0c33501cc574723cd,37742790398,2026-10-08T15:20:18.859+08:00,2026-10-08T17:27:03.597+08:00
5276,達輝-KY,TPEx,otc,pre_targeted_retry,2026-10-08T13:29:25.164+08:00,2026-10-08T13:29:25.164+08:00,2026-10-08T13:29:26.413+08:00,13:29:26,20261008,MISSING,MISSING,MISSING,MISSING,MISSING,13:25:16,-,-,0,-,-,20261008,RR,-,-,-,200,null,False,False,True,selected_result,0,1,25,248ef639ea777795f75262d307ea71aa2ea127a7cbb84226f95511e1565f3950,413.0,FRESH,no_trade_or_incomplete_identity,NO_NESTED_TRADE_ZERO_REPORTED_VOLUME,results/pre_targeted_retry_raw.jsonl,5,0c1134bcaf38056edad5878f09621ec4ba8e54998c4e4f98959e48041108ccfd,"{""@"": ""5276.tw"", ""tv"": ""-"", ""ps"": ""-"", ""pid"": ""20.otc.tw|1395184"", ""pz"": ""-"", ""bp"": ""0"", ""m%"": ""091973"", ""^"": ""20261008"", ""key"": ""otc_5276.tw_20261008"", ""a"": ""17.9500_18.0000_18.1000_18.5000_18.8000_"", ""b"": ""17.3500_17.3000_17.2500_17.1500_17.1000_"", ""c"": ""5276"", ""#"": ""20.otc.tw|1399121"", ""d"": ""20261008"", ""%"": ""13:25:16"", ""ch"": ""5276.tw"", ""tlong"": ""1791437116000"", ""io"": ""RR"", ""f"": ""1_8_1_1_2_"", ""g"": ""1_1_4_3_1_"", ""ip"": ""0"", ""mt"": ""091973"", ""h"": ""-"", ""i"": ""20"", ""it"": ""12"", ""l"": ""-"", ""n"": ""達輝-KY"", ""o"": ""-"", ""p"": ""0"", ""ex"": ""otc"", ""s"": ""-"", ""t"": ""13:25:16"", ""u"": ""19.8000"", ""v"": ""0"", ""w"": ""16.2000"", ""nf"": ""達輝股份有限公司"", ""y"": ""18.0000"", ""z"": ""-"", ""ts"": ""1""}",37730234383,11530906396,mis-probe-37730234383,1b4caf9efcbb0575771726b356751f177bba37439179cb14bfc9b8a9bc9a88e0,2026-10-08,2026-10-08T13:35:00+08:00,UNCALCULABLE_EVIDENCE_V1,d8fcacd07b965f537a310485ddfbdfef96f5df25,live/replay implementation base; diagnostic file hash identifies this uncommitted report generator,be28204cf9fc4a1a9edb20ce07b6838c503e385bafa0237a6a1b04ee9857f28a,2dd62b249a181d7045c957f0c33501cc574723cd,37742790398,2026-10-08T15:20:18.859+08:00,2026-10-08T17:27:03.597+08:00
5276,達輝-KY,TPEx,otc,close_reference_A,2026-10-08T13:32:30.000+08:00,2026-10-08T13:32:31.612+08:00,2026-10-08T13:32:33.226+08:00,13:32:32,20261008,MISSING,MISSING,MISSING,MISSING,MISSING,13:30:00,-,-,0,-,-,20261008,RR,-,-,-,200,null,False,False,True,selected_result,0,8,50,a1b39f21c81c27499916948c7cbac4643ba8b5b9b2f552aa9604a1dc4510a3ed,1226.0,FRESH,no_trade_or_incomplete_identity,NO_NESTED_TRADE_ZERO_REPORTED_VOLUME,results/close_reference_A_raw.jsonl,8,db1b0b5b630ee57332b817e5bcf19e80ceb601f85af751a2b5b1f42d990abf32,"{""@"": ""5276.tw"", ""tv"": ""-"", ""ps"": ""-"", ""pid"": ""20.otc.tw|1415225"", ""pz"": ""-"", ""bp"": ""0"", ""m%"": ""000000"", ""^"": ""20261008"", ""key"": ""otc_5276.tw_20261008"", ""a"": ""17.9500_18.0000_18.1000_18.5000_18.8000_"", ""b"": ""17.3500_17.3000_17.2500_17.1500_17.1000_"", ""c"": ""5276"", ""#"": ""20.otc.tw|1416625"", ""d"": ""20261008"", ""%"": ""13:30:00"", ""ch"": ""5276.tw"", ""tlong"": ""1791437400000"", ""io"": ""RR"", ""f"": ""1_8_1_1_2_"", ""g"": ""1_1_4_3_1_"", ""ip"": ""0"", ""mt"": ""000000"", ""h"": ""-"", ""i"": ""20"", ""it"": ""12"", ""l"": ""-"", ""n"": ""達輝-KY"", ""o"": ""-"", ""p"": ""0"", ""ex"": ""otc"", ""s"": ""-"", ""t"": ""13:30:00"", ""u"": ""19.8000"", ""v"": ""0"", ""w"": ""16.2000"", ""nf"": ""達輝股份有限公司"", ""y"": ""18.0000"", ""z"": ""-"", ""ts"": ""0""}",37730234383,11530906396,mis-probe-37730234383,1b4caf9efcbb0575771726b356751f177bba37439179cb14bfc9b8a9bc9a88e0,2026-10-08,2026-10-08T13:35:00+08:00,UNCALCULABLE_EVIDENCE_V1,d8fcacd07b965f537a310485ddfbdfef96f5df25,live/replay implementation base; diagnostic file hash identifies this uncommitted report generator,be28204cf9fc4a1a9edb20ce07b6838c503e385bafa0237a6a1b04ee9857f28a,2dd62b249a181d7045c957f0c33501cc574723cd,37742790398,2026-10-08T15:20:18.859+08:00,2026-10-08T17:27:03.597+08:00
5276,達輝-KY,TPEx,otc,close_reference_B,2026-10-08T13:33:20.000+08:00,2026-10-08T13:33:48.126+08:00,2026-10-08T13:33:50.385+08:00,13:33:49,20261008,MISSING,MISSING,MISSING,MISSING,MISSING,13:30:00,-,-,0,-,-,20261008,RR,-,-,-,200,null,False,False,True,selected_result,0,32,50,1d3b4358e43d17031bd90a4e20d909e9d7670324014bcb7fe80859f626a10fc7,1385.0,FRESH,no_trade_or_incomplete_identity,NO_NESTED_TRADE_ZERO_REPORTED_VOLUME,results/close_reference_B_raw.jsonl,32,0c5abba44ca1727f0716169aefd350b307ea419827cbb557095df2477b3427fb,"{""@"": ""5276.tw"", ""tv"": ""-"", ""ps"": ""-"", ""pid"": ""20.otc.tw|1419412"", ""pz"": ""-"", ""bp"": ""0"", ""m%"": ""000000"", ""^"": ""20261008"", ""key"": ""otc_5276.tw_20261008"", ""a"": ""17.9500_18.0000_18.1000_18.5000_18.8000_"", ""b"": ""17.3500_17.3000_17.2500_17.1500_17.1000_"", ""c"": ""5276"", ""#"": ""20.otc.tw|1420815"", ""d"": ""20261008"", ""%"": ""13:30:00"", ""ch"": ""5276.tw"", ""tlong"": ""1791437400000"", ""io"": ""RR"", ""f"": ""1_8_1_1_2_"", ""g"": ""1_1_4_3_1_"", ""ip"": ""0"", ""mt"": ""000000"", ""h"": ""-"", ""i"": ""20"", ""it"": ""12"", ""l"": ""-"", ""n"": ""達輝-KY"", ""o"": ""-"", ""p"": ""0"", ""ex"": ""otc"", ""s"": ""-"", ""t"": ""13:30:00"", ""u"": ""19.8000"", ""v"": ""0"", ""w"": ""16.2000"", ""nf"": ""達輝股份有限公司"", ""y"": ""18.0000"", ""z"": ""-"", ""ts"": ""0""}",37730234383,11530906396,mis-probe-37730234383,1b4caf9efcbb0575771726b356751f177bba37439179cb14bfc9b8a9bc9a88e0,2026-10-08,2026-10-08T13:35:00+08:00,UNCALCULABLE_EVIDENCE_V1,d8fcacd07b965f537a310485ddfbdfef96f5df25,live/replay implementation base; diagnostic file hash identifies this uncommitted report generator,be28204cf9fc4a1a9edb20ce07b6838c503e385bafa0237a6a1b04ee9857f28a,2dd62b249a181d7045c957f0c33501cc574723cd,37742790398,2026-10-08T15:20:18.859+08:00,2026-10-08T17:27:03.597+08:00
5276,達輝-KY,TPEx,otc,close_reference_C,2026-10-08T13:34:10.000+08:00,2026-10-08T13:34:10.000+08:00,2026-10-08T13:34:10.842+08:00,13:34:10,20261008,MISSING,MISSING,MISSING,MISSING,MISSING,13:30:00,-,-,0,-,-,20261008,RR,-,-,-,200,null,False,False,True,selected_result,0,1,29,6550d2287e85a4df0a8ec64d1c160e0dc59f57f02c6945a778432e2a5dbcb5cc,842.0,FRESH,no_trade_or_incomplete_identity,NO_NESTED_TRADE_ZERO_REPORTED_VOLUME,results/close_reference_C_raw.jsonl,1,776473020c3a315a7830eb9cd7529a970b86db8333a6313c2949d48c5d1d97ce,"{""@"": ""5276.tw"", ""tv"": ""-"", ""ps"": ""-"", ""pid"": ""20.otc.tw|1419412"", ""pz"": ""-"", ""bp"": ""0"", ""m%"": ""000000"", ""^"": ""20261008"", ""key"": ""otc_5276.tw_20261008"", ""a"": ""17.9500_18.0000_18.1000_18.5000_18.8000_"", ""b"": ""17.3500_17.3000_17.2500_17.1500_17.1000_"", ""c"": ""5276"", ""#"": ""20.otc.tw|1420815"", ""d"": ""20261008"", ""%"": ""13:30:00"", ""ch"": ""5276.tw"", ""tlong"": ""1791437400000"", ""io"": ""RR"", ""f"": ""1_8_1_1_2_"", ""g"": ""1_1_4_3_1_"", ""ip"": ""0"", ""mt"": ""000000"", ""h"": ""-"", ""i"": ""20"", ""it"": ""12"", ""l"": ""-"", ""n"": ""達輝-KY"", ""o"": ""-"", ""p"": ""0"", ""ex"": ""otc"", ""s"": ""-"", ""t"": ""13:30:00"", ""u"": ""19.8000"", ""v"": ""0"", ""w"": ""16.2000"", ""nf"": ""達輝股份有限公司"", ""y"": ""18.0000"", ""z"": ""-"", ""ts"": ""0""}",37730234383,11530906396,mis-probe-37730234383,1b4caf9efcbb0575771726b356751f177bba37439179cb14bfc9b8a9bc9a88e0,2026-10-08,2026-10-08T13:35:00+08:00,UNCALCULABLE_EVIDENCE_V1,d8fcacd07b965f537a310485ddfbdfef96f5df25,live/replay implementation base; diagnostic file hash identifies this uncommitted report generator,be28204cf9fc4a1a9edb20ce07b6838c503e385bafa0237a6a1b04ee9857f28a,2dd62b249a181d7045c957f0c33501cc574723cd,37742790398,2026-10-08T15:20:18.859+08:00,2026-10-08T17:27:03.597+08:00
5276,達輝-KY,TPEx,otc,per_second_probe,MISSING,MISSING,MISSING,MISSING,MISSING,MISSING,MISSING,MISSING,MISSING,MISSING,MISSING,MISSING,MISSING,MISSING,MISSING,MISSING,MISSING,MISSING,MISSING,MISSING,MISSING,MISSING,NOT_SAMPLED,MISSING,MISSING,False,coverage_note,MISSING,MISSING,MISSING,MISSING,MISSING,MISSING,MISSING,MISSING,results/probe_raw.jsonl,MISSING,MISSING,MISSING,37730234383,11530906396,mis-probe-37730234383,1b4caf9efcbb0575771726b356751f177bba37439179cb14bfc9b8a9bc9a88e0,2026-10-08,2026-10-08T13:35:00+08:00,UNCALCULABLE_EVIDENCE_V1,d8fcacd07b965f537a310485ddfbdfef96f5df25,live/replay implementation base; diagnostic file hash identifies this uncommitted report generator,be28204cf9fc4a1a9edb20ce07b6838c503e385bafa0237a6a1b04ee9857f28a,2dd62b249a181d7045c957f0c33501cc574723cd,37742790398,2026-10-08T15:20:18.859+08:00,2026-10-08T17:27:03.597+08:00
5520,力泰,TPEx,otc,preclose,2026-10-08T13:24:50.000+08:00,2026-10-08T13:24:54.325+08:00,2026-10-08T13:24:56.671+08:00,13:24:56,20261008,MISSING,MISSING,MISSING,MISSING,MISSING,13:15:45,-,-,0,-,-,20261008,MISSING,-,-,-,200,null,False,False,True,selected_result,0,10,50,163f6e8048fc0f269349c820722470ea134297a9199331019a7e6dec3c04ec26,671.0,FRESH,stale_cache,NO_NESTED_TRADE_ZERO_REPORTED_VOLUME,results/preclose_raw.jsonl,10,c29d19598444a1bd6f56f687a418c083cdcea2c3f7e4646c1ee688aa47c90b9f,"{""@"": ""5520.tw"", ""tv"": ""-"", ""ps"": ""-"", ""pid"": ""20.otc.tw|1361861"", ""pz"": ""-"", ""bp"": ""0"", ""m%"": ""550559"", ""^"": ""20261008"", ""key"": ""otc_5520.tw_20261008"", ""a"": ""84.5000_84.6000_84.7000_84.8000_84.9000_"", ""b"": ""83.4000_83.3000_83.2000_83.1000_83.0000_"", ""c"": ""5520"", ""#"": ""20.otc.tw|1364586"", ""d"": ""20261008"", ""%"": ""13:15:45"", ""ch"": ""5520.tw"", ""tlong"": ""1791436545000"", ""f"": ""1_1_1_1_1_"", ""g"": ""1_1_2_1_5_"", ""ip"": ""0"", ""mt"": ""550559"", ""h"": ""-"", ""i"": ""14"", ""it"": ""12"", ""l"": ""-"", ""n"": ""力泰"", ""o"": ""-"", ""p"": ""0"", ""ex"": ""otc"", ""s"": ""-"", ""t"": ""13:15:45"", ""u"": ""92.9000"", ""v"": ""0"", ""w"": ""76.1000"", ""nf"": ""力泰建設企業股份有限公司"", ""y"": ""84.5000"", ""z"": ""-"", ""ts"": ""0""}",37730234383,11530906396,mis-probe-37730234383,1b4caf9efcbb0575771726b356751f177bba37439179cb14bfc9b8a9bc9a88e0,2026-10-08,2026-10-08T13:35:00+08:00,UNCALCULABLE_EVIDENCE_V1,d8fcacd07b965f537a310485ddfbdfef96f5df25,live/replay implementation base; diagnostic file hash identifies this uncommitted report generator,be28204cf9fc4a1a9edb20ce07b6838c503e385bafa0237a6a1b04ee9857f28a,2dd62b249a181d7045c957f0c33501cc574723cd,37742790398,2026-10-08T15:20:18.859+08:00,2026-10-08T17:27:03.597+08:00
5520,力泰,TPEx,otc,pre_reference_A,2026-10-08T13:27:00.000+08:00,2026-10-08T13:27:02.538+08:00,2026-10-08T13:27:11.057+08:00,13:27:04,20261008,MISSING,MISSING,MISSING,MISSING,MISSING,13:25:01,-,-,0,-,-,20261008,MISSING,-,-,-,200,null,False,False,True,selected_result,0,10,50,163f6e8048fc0f269349c820722470ea134297a9199331019a7e6dec3c04ec26,7057.0,FRESH,no_trade_or_incomplete_identity,NO_NESTED_TRADE_ZERO_REPORTED_VOLUME,results/pre_reference_A_raw.jsonl,10,79d197e730cd771f62dcdfc97ee8fee5679f35dfe58dce6a8c7ebf39ec2b8034,"{""@"": ""5520.tw"", ""tv"": ""-"", ""ps"": ""-"", ""pid"": ""20.otc.tw|1377514"", ""pz"": ""-"", ""bp"": ""0"", ""m%"": ""040444"", ""^"": ""20261008"", ""key"": ""otc_5520.tw_20261008"", ""a"": ""84.5000_84.6000_84.7000_84.8000_84.9000_"", ""b"": ""83.4000_83.3000_83.2000_83.1000_83.0000_"", ""c"": ""5520"", ""#"": ""20.otc.tw|1381685"", ""d"": ""20261008"", ""%"": ""13:25:01"", ""ch"": ""5520.tw"", ""tlong"": ""1791437101000"", ""f"": ""1_1_1_1_1_"", ""g"": ""1_1_2_1_5_"", ""ip"": ""0"", ""mt"": ""040444"", ""h"": ""-"", ""i"": ""14"", ""it"": ""12"", ""l"": ""-"", ""n"": ""力泰"", ""o"": ""-"", ""p"": ""0"", ""ex"": ""otc"", ""s"": ""-"", ""t"": ""13:25:01"", ""u"": ""92.9000"", ""v"": ""0"", ""w"": ""76.1000"", ""nf"": ""力泰建設企業股份有限公司"", ""y"": ""84.5000"", ""z"": ""-"", ""ts"": ""1""}",37730234383,11530906396,mis-probe-37730234383,1b4caf9efcbb0575771726b356751f177bba37439179cb14bfc9b8a9bc9a88e0,2026-10-08,2026-10-08T13:35:00+08:00,UNCALCULABLE_EVIDENCE_V1,d8fcacd07b965f537a310485ddfbdfef96f5df25,live/replay implementation base; diagnostic file hash identifies this uncommitted report generator,be28204cf9fc4a1a9edb20ce07b6838c503e385bafa0237a6a1b04ee9857f28a,2dd62b249a181d7045c957f0c33501cc574723cd,37742790398,2026-10-08T15:20:18.859+08:00,2026-10-08T17:27:03.597+08:00
5520,力泰,TPEx,otc,pre_reference_B,2026-10-08T13:28:15.000+08:00,2026-10-08T13:28:18.428+08:00,2026-10-08T13:28:22.712+08:00,13:28:21,20261008,MISSING,MISSING,MISSING,MISSING,MISSING,13:25:01,-,-,0,-,-,20261008,MISSING,-,-,-,200,null,False,False,True,selected_result,0,10,50,163f6e8048fc0f269349c820722470ea134297a9199331019a7e6dec3c04ec26,1712.0,FRESH,no_trade_or_incomplete_identity,NO_NESTED_TRADE_ZERO_REPORTED_VOLUME,results/pre_reference_B_raw.jsonl,10,4b5afdc04aae64999b0ca689252a41dff26a1ac60341aa85ca39e3da2db3d33f,"{""@"": ""5520.tw"", ""tv"": ""-"", ""ps"": ""-"", ""pid"": ""20.otc.tw|1389298"", ""pz"": ""-"", ""bp"": ""0"", ""m%"": ""040444"", ""^"": ""20261008"", ""key"": ""otc_5520.tw_20261008"", ""a"": ""84.5000_84.6000_84.7000_84.8000_84.9000_"", ""b"": ""83.4000_83.3000_83.2000_83.1000_83.0000_"", ""c"": ""5520"", ""#"": ""20.otc.tw|1393054"", ""d"": ""20261008"", ""%"": ""13:25:01"", ""ch"": ""5520.tw"", ""tlong"": ""1791437101000"", ""f"": ""1_1_1_1_1_"", ""g"": ""1_1_2_1_5_"", ""ip"": ""0"", ""mt"": ""040444"", ""h"": ""-"", ""i"": ""14"", ""it"": ""12"", ""l"": ""-"", ""n"": ""力泰"", ""o"": ""-"", ""p"": ""0"", ""ex"": ""otc"", ""s"": ""-"", ""t"": ""13:25:01"", ""u"": ""92.9000"", ""v"": ""0"", ""w"": ""76.1000"", ""nf"": ""力泰建設企業股份有限公司"", ""y"": ""84.5000"", ""z"": ""-"", ""ts"": ""1""}",37730234383,11530906396,mis-probe-37730234383,1b4caf9efcbb0575771726b356751f177bba37439179cb14bfc9b8a9bc9a88e0,2026-10-08,2026-10-08T13:35:00+08:00,UNCALCULABLE_EVIDENCE_V1,d8fcacd07b965f537a310485ddfbdfef96f5df25,live/replay implementation base; diagnostic file hash identifies this uncommitted report generator,be28204cf9fc4a1a9edb20ce07b6838c503e385bafa0237a6a1b04ee9857f28a,2dd62b249a181d7045c957f0c33501cc574723cd,37742790398,2026-10-08T15:20:18.859+08:00,2026-10-08T17:27:03.597+08:00
5520,力泰,TPEx,otc,pre_targeted_retry,2026-10-08T13:28:48.457+08:00,2026-10-08T13:28:48.458+08:00,2026-10-08T13:28:50.611+08:00,13:28:49,20261008,MISSING,MISSING,MISSING,MISSING,MISSING,13:25:01,-,-,0,-,-,20261008,MISSING,-,-,-,200,null,False,False,True,selected_result,0,2,50,2914eee9550e758c1ce62131e725348dd7be1e7a32fc8009de8eb833e2412b01,1611.0,FRESH,no_trade_or_incomplete_identity,NO_NESTED_TRADE_ZERO_REPORTED_VOLUME,results/pre_targeted_retry_raw.jsonl,2,e52e465e3454c558df5c39e0a42693451007c030b26a2c1970f9c667fbfa20e4,"{""@"": ""5520.tw"", ""tv"": ""-"", ""ps"": ""-"", ""pid"": ""20.otc.tw|1393054"", ""pz"": ""-"", ""bp"": ""0"", ""m%"": ""040444"", ""^"": ""20261008"", ""key"": ""otc_5520.tw_20261008"", ""a"": ""84.5000_84.6000_84.7000_84.8000_84.9000_"", ""b"": ""83.4000_83.3000_83.2000_83.1000_83.0000_"", ""c"": ""5520"", ""#"": ""20.otc.tw|1397238"", ""d"": ""20261008"", ""%"": ""13:25:01"", ""ch"": ""5520.tw"", ""tlong"": ""1791437101000"", ""f"": ""1_1_1_1_1_"", ""g"": ""1_1_2_1_5_"", ""ip"": ""0"", ""mt"": ""040444"", ""h"": ""-"", ""i"": ""14"", ""it"": ""12"", ""l"": ""-"", ""n"": ""力泰"", ""o"": ""-"", ""p"": ""0"", ""ex"": ""otc"", ""s"": ""-"", ""t"": ""13:25:01"", ""u"": ""92.9000"", ""v"": ""0"", ""w"": ""76.1000"", ""nf"": ""力泰建設企業股份有限公司"", ""y"": ""84.5000"", ""z"": ""-"", ""ts"": ""1""}",37730234383,11530906396,mis-probe-37730234383,1b4caf9efcbb0575771726b356751f177bba37439179cb14bfc9b8a9bc9a88e0,2026-10-08,2026-10-08T13:35:00+08:00,UNCALCULABLE_EVIDENCE_V1,d8fcacd07b965f537a310485ddfbdfef96f5df25,live/replay implementation base; diagnostic file hash identifies this uncommitted report generator,be28204cf9fc4a1a9edb20ce07b6838c503e385bafa0237a6a1b04ee9857f28a,2dd62b249a181d7045c957f0c33501cc574723cd,37742790398,2026-10-08T15:20:18.859+08:00,2026-10-08T17:27:03.597+08:00
5520,力泰,TPEx,otc,pre_targeted_retry,2026-10-08T13:28:57.201+08:00,2026-10-08T13:28:57.201+08:00,2026-10-08T13:28:58.004+08:00,MISSING,MISSING,MISSING,MISSING,MISSING,MISSING,MISSING,MISSING,MISSING,MISSING,MISSING,MISSING,MISSING,MISSING,MISSING,MISSING,MISSING,MISSING,null,RESPONSE_AFTER_CAPTURE_DEADLINE:URLError:<urlopen error timed out>,True,False,True,HTTP_attempt,0,1,25,248ef639ea777795f75262d307ea71aa2ea127a7cbb84226f95511e1565f3950,null,NOT_FRESH_OR_UNAVAILABLE,RESPONSE_AFTER_CAPTURE_DEADLINE:URLError:<urlopen error timed out>,NO_RESPONSE_ITEM,results/pre_targeted_retry_raw.jsonl,4,5f26b410f8b93db9844cc880f137cf9653c7a33ef31353cec3dd6d7ac17220b2,MISSING,37730234383,11530906396,mis-probe-37730234383,1b4caf9efcbb0575771726b356751f177bba37439179cb14bfc9b8a9bc9a88e0,2026-10-08,2026-10-08T13:35:00+08:00,UNCALCULABLE_EVIDENCE_V1,d8fcacd07b965f537a310485ddfbdfef96f5df25,live/replay implementation base; diagnostic file hash identifies this uncommitted report generator,be28204cf9fc4a1a9edb20ce07b6838c503e385bafa0237a6a1b04ee9857f28a,2dd62b249a181d7045c957f0c33501cc574723cd,37742790398,2026-10-08T15:20:18.859+08:00,2026-10-08T17:27:03.597+08:00
5520,力泰,TPEx,otc,pre_targeted_retry,2026-10-08T13:28:57.201+08:00,2026-10-08T13:28:58.505+08:00,2026-10-08T13:28:58.505+08:00,MISSING,MISSING,MISSING,MISSING,MISSING,MISSING,MISSING,MISSING,MISSING,MISSING,MISSING,MISSING,MISSING,MISSING,MISSING,MISSING,MISSING,MISSING,null,CAPTURE_DEADLINE_NO_REQUEST,True,False,False,selected_result,null,1,25,248ef639ea777795f75262d307ea71aa2ea127a7cbb84226f95511e1565f3950,null,NOT_FRESH_OR_UNAVAILABLE,CAPTURE_DEADLINE_NO_REQUEST,NO_RESPONSE_ITEM,results/pre_targeted_retry_raw.jsonl,4,5f26b410f8b93db9844cc880f137cf9653c7a33ef31353cec3dd6d7ac17220b2,MISSING,37730234383,11530906396,mis-probe-37730234383,1b4caf9efcbb0575771726b356751f177bba37439179cb14bfc9b8a9bc9a88e0,2026-10-08,2026-10-08T13:35:00+08:00,UNCALCULABLE_EVIDENCE_V1,d8fcacd07b965f537a310485ddfbdfef96f5df25,live/replay implementation base; diagnostic file hash identifies this uncommitted report generator,be28204cf9fc4a1a9edb20ce07b6838c503e385bafa0237a6a1b04ee9857f28a,2dd62b249a181d7045c957f0c33501cc574723cd,37742790398,2026-10-08T15:20:18.859+08:00,2026-10-08T17:27:03.597+08:00
5520,力泰,TPEx,otc,pre_reference_C,2026-10-08T13:29:00.000+08:00,2026-10-08T13:29:05.396+08:00,2026-10-08T13:29:07.589+08:00,13:28:21,20261008,45569,MISSING,MISSING,MISSING,MISSING,13:25:01,-,-,0,-,-,20261008,MISSING,-,-,-,200,null,False,False,True,selected_result,0,10,50,163f6e8048fc0f269349c820722470ea134297a9199331019a7e6dec3c04ec26,46589.0,NOT_FRESH_OR_UNAVAILABLE,stale_cache,NO_NESTED_TRADE_ZERO_REPORTED_VOLUME,results/pre_reference_C_raw.jsonl,10,b7d906f0da1197414f5dce2fea35abdb5764230c60bc10c015807c61b79dcf1a,"{""@"": ""5520.tw"", ""tv"": ""-"", ""ps"": ""-"", ""pid"": ""20.otc.tw|1389298"", ""pz"": ""-"", ""bp"": ""0"", ""m%"": ""040444"", ""^"": ""20261008"", ""key"": ""otc_5520.tw_20261008"", ""a"": ""84.5000_84.6000_84.7000_84.8000_84.9000_"", ""b"": ""83.4000_83.3000_83.2000_83.1000_83.0000_"", ""c"": ""5520"", ""#"": ""20.otc.tw|1393054"", ""d"": ""20261008"", ""%"": ""13:25:01"", ""ch"": ""5520.tw"", ""tlong"": ""1791437101000"", ""f"": ""1_1_1_1_1_"", ""g"": ""1_1_2_1_5_"", ""ip"": ""0"", ""mt"": ""040444"", ""h"": ""-"", ""i"": ""14"", ""it"": ""12"", ""l"": ""-"", ""n"": ""力泰"", ""o"": ""-"", ""p"": ""0"", ""ex"": ""otc"", ""s"": ""-"", ""t"": ""13:25:01"", ""u"": ""92.9000"", ""v"": ""0"", ""w"": ""76.1000"", ""nf"": ""力泰建設企業股份有限公司"", ""y"": ""84.5000"", ""z"": ""-"", ""ts"": ""1""}",37730234383,11530906396,mis-probe-37730234383,1b4caf9efcbb0575771726b356751f177bba37439179cb14bfc9b8a9bc9a88e0,2026-10-08,2026-10-08T13:35:00+08:00,UNCALCULABLE_EVIDENCE_V1,d8fcacd07b965f537a310485ddfbdfef96f5df25,live/replay implementation base; diagnostic file hash identifies this uncommitted report generator,be28204cf9fc4a1a9edb20ce07b6838c503e385bafa0237a6a1b04ee9857f28a,2dd62b249a181d7045c957f0c33501cc574723cd,37742790398,2026-10-08T15:20:18.859+08:00,2026-10-08T17:27:03.597+08:00
5520,力泰,TPEx,otc,pre_targeted_retry,2026-10-08T13:29:25.164+08:00,2026-10-08T13:29:25.164+08:00,2026-10-08T13:29:26.413+08:00,13:29:26,20261008,MISSING,MISSING,MISSING,MISSING,MISSING,13:25:01,-,-,0,-,-,20261008,MISSING,-,-,-,200,null,False,False,True,selected_result,0,1,25,248ef639ea777795f75262d307ea71aa2ea127a7cbb84226f95511e1565f3950,413.0,FRESH,no_trade_or_incomplete_identity,NO_NESTED_TRADE_ZERO_REPORTED_VOLUME,results/pre_targeted_retry_raw.jsonl,5,0c1134bcaf38056edad5878f09621ec4ba8e54998c4e4f98959e48041108ccfd,"{""@"": ""5520.tw"", ""tv"": ""-"", ""ps"": ""-"", ""pid"": ""20.otc.tw|1397238"", ""pz"": ""-"", ""bp"": ""0"", ""m%"": ""040444"", ""^"": ""20261008"", ""key"": ""otc_5520.tw_20261008"", ""a"": ""84.5000_84.6000_84.7000_84.8000_84.9000_"", ""b"": ""83.4000_83.3000_83.2000_83.1000_83.0000_"", ""c"": ""5520"", ""#"": ""20.otc.tw|1401117"", ""d"": ""20261008"", ""%"": ""13:25:01"", ""ch"": ""5520.tw"", ""tlong"": ""1791437101000"", ""f"": ""1_1_1_1_1_"", ""g"": ""1_1_2_1_5_"", ""ip"": ""0"", ""mt"": ""040444"", ""h"": ""-"", ""i"": ""14"", ""it"": ""12"", ""l"": ""-"", ""n"": ""力泰"", ""o"": ""-"", ""p"": ""0"", ""ex"": ""otc"", ""s"": ""-"", ""t"": ""13:25:01"", ""u"": ""92.9000"", ""v"": ""0"", ""w"": ""76.1000"", ""nf"": ""力泰建設企業股份有限公司"", ""y"": ""84.5000"", ""z"": ""-"", ""ts"": ""1""}",37730234383,11530906396,mis-probe-37730234383,1b4caf9efcbb0575771726b356751f177bba37439179cb14bfc9b8a9bc9a88e0,2026-10-08,2026-10-08T13:35:00+08:00,UNCALCULABLE_EVIDENCE_V1,d8fcacd07b965f537a310485ddfbdfef96f5df25,live/replay implementation base; diagnostic file hash identifies this uncommitted report generator,be28204cf9fc4a1a9edb20ce07b6838c503e385bafa0237a6a1b04ee9857f28a,2dd62b249a181d7045c957f0c33501cc574723cd,37742790398,2026-10-08T15:20:18.859+08:00,2026-10-08T17:27:03.597+08:00
5520,力泰,TPEx,otc,close_reference_A,2026-10-08T13:32:30.000+08:00,2026-10-08T13:32:31.998+08:00,2026-10-08T13:32:33.394+08:00,13:32:32,20261008,MISSING,MISSING,MISSING,MISSING,MISSING,13:30:00,-,-,0,-,-,20261008,MISSING,-,-,-,200,null,False,False,True,selected_result,0,10,50,163f6e8048fc0f269349c820722470ea134297a9199331019a7e6dec3c04ec26,1394.0,FRESH,no_trade_or_incomplete_identity,NO_NESTED_TRADE_ZERO_REPORTED_VOLUME,results/close_reference_A_raw.jsonl,10,57a941040ffcb60c36723a7b477dc2a1e470e8caf5e89555dca79663c0143f5f,"{""@"": ""5520.tw"", ""tv"": ""-"", ""ps"": ""-"", ""pid"": ""20.otc.tw|1415894"", ""pz"": ""-"", ""bp"": ""0"", ""m%"": ""000000"", ""^"": ""20261008"", ""key"": ""otc_5520.tw_20261008"", ""a"": ""84.5000_84.6000_84.7000_84.8000_84.9000_"", ""b"": ""83.4000_83.3000_83.2000_83.1000_83.0000_"", ""c"": ""5520"", ""#"": ""20.otc.tw|1417287"", ""d"": ""20261008"", ""%"": ""13:30:00"", ""ch"": ""5520.tw"", ""tlong"": ""1791437400000"", ""f"": ""1_1_1_1_1_"", ""g"": ""1_1_2_1_5_"", ""ip"": ""0"", ""mt"": ""000000"", ""h"": ""-"", ""i"": ""14"", ""it"": ""12"", ""l"": ""-"", ""n"": ""力泰"", ""o"": ""-"", ""p"": ""0"", ""ex"": ""otc"", ""s"": ""-"", ""t"": ""13:30:00"", ""u"": ""92.9000"", ""v"": ""0"", ""w"": ""76.1000"", ""nf"": ""力泰建設企業股份有限公司"", ""y"": ""84.5000"", ""z"": ""-"", ""ts"": ""0""}",37730234383,11530906396,mis-probe-37730234383,1b4caf9efcbb0575771726b356751f177bba37439179cb14bfc9b8a9bc9a88e0,2026-10-08,2026-10-08T13:35:00+08:00,UNCALCULABLE_EVIDENCE_V1,d8fcacd07b965f537a310485ddfbdfef96f5df25,live/replay implementation base; diagnostic file hash identifies this uncommitted report generator,be28204cf9fc4a1a9edb20ce07b6838c503e385bafa0237a6a1b04ee9857f28a,2dd62b249a181d7045c957f0c33501cc574723cd,37742790398,2026-10-08T15:20:18.859+08:00,2026-10-08T17:27:03.597+08:00
5520,力泰,TPEx,otc,close_reference_B,2026-10-08T13:33:20.000+08:00,2026-10-08T13:33:46.553+08:00,2026-10-08T13:33:51.126+08:00,13:33:49,20261008,MISSING,MISSING,MISSING,MISSING,MISSING,13:30:00,-,-,0,-,-,20261008,MISSING,-,-,-,200,null,False,False,True,selected_result,0,31,50,7de529842667a1a93c040c650353de9c78aa9a54dcf78bb7513831e421de24aa,2126.0,FRESH,no_trade_or_incomplete_identity,NO_NESTED_TRADE_ZERO_REPORTED_VOLUME,results/close_reference_B_raw.jsonl,31,9acaff70e4944e2c53a7e806b0340c54f236272380eef98d81a48f2dbadb0216,"{""@"": ""5520.tw"", ""tv"": ""-"", ""ps"": ""-"", ""pid"": ""20.otc.tw|1418682"", ""pz"": ""-"", ""bp"": ""0"", ""m%"": ""000000"", ""^"": ""20261008"", ""key"": ""otc_5520.tw_20261008"", ""a"": ""84.5000_84.6000_84.7000_84.8000_84.9000_"", ""b"": ""83.4000_83.3000_83.2000_83.1000_83.0000_"", ""c"": ""5520"", ""#"": ""20.otc.tw|1420091"", ""d"": ""20261008"", ""%"": ""13:30:00"", ""ch"": ""5520.tw"", ""tlong"": ""1791437400000"", ""f"": ""1_1_1_1_1_"", ""g"": ""1_1_2_1_5_"", ""ip"": ""0"", ""mt"": ""000000"", ""h"": ""-"", ""i"": ""14"", ""it"": ""12"", ""l"": ""-"", ""n"": ""力泰"", ""o"": ""-"", ""p"": ""0"", ""ex"": ""otc"", ""s"": ""-"", ""t"": ""13:30:00"", ""u"": ""92.9000"", ""v"": ""0"", ""w"": ""76.1000"", ""nf"": ""力泰建設企業股份有限公司"", ""y"": ""84.5000"", ""z"": ""-"", ""ts"": ""0""}",37730234383,11530906396,mis-probe-37730234383,1b4caf9efcbb0575771726b356751f177bba37439179cb14bfc9b8a9bc9a88e0,2026-10-08,2026-10-08T13:35:00+08:00,UNCALCULABLE_EVIDENCE_V1,d8fcacd07b965f537a310485ddfbdfef96f5df25,live/replay implementation base; diagnostic file hash identifies this uncommitted report generator,be28204cf9fc4a1a9edb20ce07b6838c503e385bafa0237a6a1b04ee9857f28a,2dd62b249a181d7045c957f0c33501cc574723cd,37742790398,2026-10-08T15:20:18.859+08:00,2026-10-08T17:27:03.597+08:00
5520,力泰,TPEx,otc,close_reference_C,2026-10-08T13:34:10.000+08:00,2026-10-08T13:34:10.000+08:00,2026-10-08T13:34:10.842+08:00,13:34:10,20261008,MISSING,MISSING,MISSING,MISSING,MISSING,13:30:00,-,-,0,-,-,20261008,MISSING,-,-,-,200,null,False,False,True,selected_result,0,1,29,6550d2287e85a4df0a8ec64d1c160e0dc59f57f02c6945a778432e2a5dbcb5cc,842.0,FRESH,no_trade_or_incomplete_identity,NO_NESTED_TRADE_ZERO_REPORTED_VOLUME,results/close_reference_C_raw.jsonl,1,776473020c3a315a7830eb9cd7529a970b86db8333a6313c2949d48c5d1d97ce,"{""@"": ""5520.tw"", ""tv"": ""-"", ""ps"": ""-"", ""pid"": ""20.otc.tw|1418682"", ""pz"": ""-"", ""bp"": ""0"", ""m%"": ""000000"", ""^"": ""20261008"", ""key"": ""otc_5520.tw_20261008"", ""a"": ""84.5000_84.6000_84.7000_84.8000_84.9000_"", ""b"": ""83.4000_83.3000_83.2000_83.1000_83.0000_"", ""c"": ""5520"", ""#"": ""20.otc.tw|1420091"", ""d"": ""20261008"", ""%"": ""13:30:00"", ""ch"": ""5520.tw"", ""tlong"": ""1791437400000"", ""f"": ""1_1_1_1_1_"", ""g"": ""1_1_2_1_5_"", ""ip"": ""0"", ""mt"": ""000000"", ""h"": ""-"", ""i"": ""14"", ""it"": ""12"", ""l"": ""-"", ""n"": ""力泰"", ""o"": ""-"", ""p"": ""0"", ""ex"": ""otc"", ""s"": ""-"", ""t"": ""13:30:00"", ""u"": ""92.9000"", ""v"": ""0"", ""w"": ""76.1000"", ""nf"": ""力泰建設企業股份有限公司"", ""y"": ""84.5000"", ""z"": ""-"", ""ts"": ""0""}",37730234383,11530906396,mis-probe-37730234383,1b4caf9efcbb0575771726b356751f177bba37439179cb14bfc9b8a9bc9a88e0,2026-10-08,2026-10-08T13:35:00+08:00,UNCALCULABLE_EVIDENCE_V1,d8fcacd07b965f537a310485ddfbdfef96f5df25,live/replay implementation base; diagnostic file hash identifies this uncommitted report generator,be28204cf9fc4a1a9edb20ce07b6838c503e385bafa0237a6a1b04ee9857f28a,2dd62b249a181d7045c957f0c33501cc574723cd,37742790398,2026-10-08T15:20:18.859+08:00,2026-10-08T17:27:03.597+08:00
5520,力泰,TPEx,otc,per_second_probe,MISSING,MISSING,MISSING,MISSING,MISSING,MISSING,MISSING,MISSING,MISSING,MISSING,MISSING,MISSING,MISSING,MISSING,MISSING,MISSING,MISSING,MISSING,MISSING,MISSING,MISSING,MISSING,NOT_SAMPLED,MISSING,MISSING,False,coverage_note,MISSING,MISSING,MISSING,MISSING,MISSING,MISSING,MISSING,MISSING,results/probe_raw.jsonl,MISSING,MISSING,MISSING,37730234383,11530906396,mis-probe-37730234383,1b4caf9efcbb0575771726b356751f177bba37439179cb14bfc9b8a9bc9a88e0,2026-10-08,2026-10-08T13:35:00+08:00,UNCALCULABLE_EVIDENCE_V1,d8fcacd07b965f537a310485ddfbdfef96f5df25,live/replay implementation base; diagnostic file hash identifies this uncommitted report generator,be28204cf9fc4a1a9edb20ce07b6838c503e385bafa0237a6a1b04ee9857f28a,2dd62b249a181d7045c957f0c33501cc574723cd,37742790398,2026-10-08T15:20:18.859+08:00,2026-10-08T17:27:03.597+08:00
5703,亞都麗緻,TPEx,otc,preclose,2026-10-08T13:24:50.000+08:00,2026-10-08T13:24:54.325+08:00,2026-10-08T13:24:56.671+08:00,13:24:56,20261008,MISSING,MISSING,MISSING,MISSING,MISSING,13:12:22,-,-,0,-,-,20261008,MISSING,-,-,-,200,null,False,False,True,selected_result,0,10,50,163f6e8048fc0f269349c820722470ea134297a9199331019a7e6dec3c04ec26,671.0,FRESH,stale_cache,NO_NESTED_TRADE_ZERO_REPORTED_VOLUME,results/preclose_raw.jsonl,10,c29d19598444a1bd6f56f687a418c083cdcea2c3f7e4646c1ee688aa47c90b9f,"{""@"": ""5703.tw"", ""tv"": ""-"", ""ps"": ""-"", ""pid"": ""20.otc.tw|1357526"", ""pz"": ""-"", ""bp"": ""0"", ""m%"": ""087502"", ""^"": ""20261008"", ""key"": ""otc_5703.tw_20261008"", ""a"": ""13.8000_15.1500_"", ""b"": ""13.4500_13.4000_13.3000_13.0500_13.0000_"", ""c"": ""5703"", ""#"": ""20.otc.tw|1360040"", ""d"": ""20261008"", ""%"": ""13:12:22"", ""ch"": ""5703.tw"", ""tlong"": ""1791436342000"", ""f"": ""1_11_"", ""g"": ""2_3_2_3_2_"", ""ip"": ""0"", ""mt"": ""087502"", ""h"": ""-"", ""i"": ""16"", ""it"": ""12"", ""l"": ""-"", ""n"": ""亞都"", ""o"": ""-"", ""p"": ""0"", ""ex"": ""otc"", ""s"": ""-"", ""t"": ""13:12:22"", ""u"": ""15.1500"", ""v"": ""0"", ""w"": ""12.4500"", ""nf"": ""亞都麗緻大飯店股份有限公司"", ""y"": ""13.8000"", ""z"": ""-"", ""ts"": ""0""}",37730234383,11530906396,mis-probe-37730234383,1b4caf9efcbb0575771726b356751f177bba37439179cb14bfc9b8a9bc9a88e0,2026-10-08,2026-10-08T13:35:00+08:00,UNCALCULABLE_EVIDENCE_V1,d8fcacd07b965f537a310485ddfbdfef96f5df25,live/replay implementation base; diagnostic file hash identifies this uncommitted report generator,be28204cf9fc4a1a9edb20ce07b6838c503e385bafa0237a6a1b04ee9857f28a,2dd62b249a181d7045c957f0c33501cc574723cd,37742790398,2026-10-08T15:20:18.859+08:00,2026-10-08T17:27:03.597+08:00
5703,亞都麗緻,TPEx,otc,pre_reference_A,2026-10-08T13:27:00.000+08:00,2026-10-08T13:27:02.538+08:00,2026-10-08T13:27:11.057+08:00,13:27:04,20261008,MISSING,MISSING,MISSING,MISSING,MISSING,13:25:27,-,-,0,-,-,20261008,MISSING,-,-,-,200,null,False,False,True,selected_result,0,10,50,163f6e8048fc0f269349c820722470ea134297a9199331019a7e6dec3c04ec26,7057.0,FRESH,no_trade_or_incomplete_identity,NO_NESTED_TRADE_ZERO_REPORTED_VOLUME,results/pre_reference_A_raw.jsonl,10,79d197e730cd771f62dcdfc97ee8fee5679f35dfe58dce6a8c7ebf39ec2b8034,"{""@"": ""5703.tw"", ""tv"": ""-"", ""ps"": ""-"", ""pid"": ""20.otc.tw|1377521"", ""pz"": ""-"", ""bp"": ""0"", ""m%"": ""725849"", ""^"": ""20261008"", ""key"": ""otc_5703.tw_20261008"", ""a"": ""13.8000_15.1500_"", ""b"": ""13.4500_13.4000_13.3000_13.0500_13.0000_"", ""c"": ""5703"", ""#"": ""20.otc.tw|1381692"", ""d"": ""20261008"", ""%"": ""13:25:27"", ""ch"": ""5703.tw"", ""tlong"": ""1791437127000"", ""f"": ""1_11_"", ""g"": ""2_3_2_3_2_"", ""ip"": ""0"", ""mt"": ""725849"", ""h"": ""-"", ""i"": ""16"", ""it"": ""12"", ""l"": ""-"", ""n"": ""亞都"", ""o"": ""-"", ""p"": ""0"", ""ex"": ""otc"", ""s"": ""-"", ""t"": ""13:25:27"", ""u"": ""15.1500"", ""v"": ""0"", ""w"": ""12.4500"", ""nf"": ""亞都麗緻大飯店股份有限公司"", ""y"": ""13.8000"", ""z"": ""-"", ""ts"": ""1""}",37730234383,11530906396,mis-probe-37730234383,1b4caf9efcbb0575771726b356751f177bba37439179cb14bfc9b8a9bc9a88e0,2026-10-08,2026-10-08T13:35:00+08:00,UNCALCULABLE_EVIDENCE_V1,d8fcacd07b965f537a310485ddfbdfef96f5df25,live/replay implementation base; diagnostic file hash identifies this uncommitted report generator,be28204cf9fc4a1a9edb20ce07b6838c503e385bafa0237a6a1b04ee9857f28a,2dd62b249a181d7045c957f0c33501cc574723cd,37742790398,2026-10-08T15:20:18.859+08:00,2026-10-08T17:27:03.597+08:00
5703,亞都麗緻,TPEx,otc,pre_reference_B,2026-10-08T13:28:15.000+08:00,2026-10-08T13:28:18.428+08:00,2026-10-08T13:28:22.712+08:00,13:28:21,20261008,MISSING,MISSING,MISSING,MISSING,MISSING,13:25:27,-,-,0,-,-,20261008,MISSING,-,-,-,200,null,False,False,True,selected_result,0,10,50,163f6e8048fc0f269349c820722470ea134297a9199331019a7e6dec3c04ec26,1712.0,FRESH,no_trade_or_incomplete_identity,NO_NESTED_TRADE_ZERO_REPORTED_VOLUME,results/pre_reference_B_raw.jsonl,10,4b5afdc04aae64999b0ca689252a41dff26a1ac60341aa85ca39e3da2db3d33f,"{""@"": ""5703.tw"", ""tv"": ""-"", ""ps"": ""-"", ""pid"": ""20.otc.tw|1389304"", ""pz"": ""-"", ""bp"": ""0"", ""m%"": ""725849"", ""^"": ""20261008"", ""key"": ""otc_5703.tw_20261008"", ""a"": ""13.8000_15.1500_"", ""b"": ""13.4500_13.4000_13.3000_13.0500_13.0000_"", ""c"": ""5703"", ""#"": ""20.otc.tw|1393060"", ""d"": ""20261008"", ""%"": ""13:25:27"", ""ch"": ""5703.tw"", ""tlong"": ""1791437127000"", ""f"": ""1_11_"", ""g"": ""2_3_2_3_2_"", ""ip"": ""0"", ""mt"": ""725849"", ""h"": ""-"", ""i"": ""16"", ""it"": ""12"", ""l"": ""-"", ""n"": ""亞都"", ""o"": ""-"", ""p"": ""0"", ""ex"": ""otc"", ""s"": ""-"", ""t"": ""13:25:27"", ""u"": ""15.1500"", ""v"": ""0"", ""w"": ""12.4500"", ""nf"": ""亞都麗緻大飯店股份有限公司"", ""y"": ""13.8000"", ""z"": ""-"", ""ts"": ""1""}",37730234383,11530906396,mis-probe-37730234383,1b4caf9efcbb0575771726b356751f177bba37439179cb14bfc9b8a9bc9a88e0,2026-10-08,2026-10-08T13:35:00+08:00,UNCALCULABLE_EVIDENCE_V1,d8fcacd07b965f537a310485ddfbdfef96f5df25,live/replay implementation base; diagnostic file hash identifies this uncommitted report generator,be28204cf9fc4a1a9edb20ce07b6838c503e385bafa0237a6a1b04ee9857f28a,2dd62b249a181d7045c957f0c33501cc574723cd,37742790398,2026-10-08T15:20:18.859+08:00,2026-10-08T17:27:03.597+08:00
5703,亞都麗緻,TPEx,otc,pre_targeted_retry,2026-10-08T13:28:48.457+08:00,2026-10-08T13:28:48.458+08:00,2026-10-08T13:28:50.611+08:00,13:28:49,20261008,MISSING,MISSING,MISSING,MISSING,MISSING,13:25:27,-,-,0,-,-,20261008,MISSING,-,-,-,200,null,False,False,True,selected_result,0,2,50,2914eee9550e758c1ce62131e725348dd7be1e7a32fc8009de8eb833e2412b01,1611.0,FRESH,no_trade_or_incomplete_identity,NO_NESTED_TRADE_ZERO_REPORTED_VOLUME,results/pre_targeted_retry_raw.jsonl,2,e52e465e3454c558df5c39e0a42693451007c030b26a2c1970f9c667fbfa20e4,"{""@"": ""5703.tw"", ""tv"": ""-"", ""ps"": ""-"", ""pid"": ""20.otc.tw|1393060"", ""pz"": ""-"", ""bp"": ""0"", ""m%"": ""725849"", ""^"": ""20261008"", ""key"": ""otc_5703.tw_20261008"", ""a"": ""13.8000_15.1500_"", ""b"": ""13.4500_13.4000_13.3000_13.0500_13.0000_"", ""c"": ""5703"", ""#"": ""20.otc.tw|1397244"", ""d"": ""20261008"", ""%"": ""13:25:27"", ""ch"": ""5703.tw"", ""tlong"": ""1791437127000"", ""f"": ""1_11_"", ""g"": ""2_3_2_3_2_"", ""ip"": ""0"", ""mt"": ""725849"", ""h"": ""-"", ""i"": ""16"", ""it"": ""12"", ""l"": ""-"", ""n"": ""亞都"", ""o"": ""-"", ""p"": ""0"", ""ex"": ""otc"", ""s"": ""-"", ""t"": ""13:25:27"", ""u"": ""15.1500"", ""v"": ""0"", ""w"": ""12.4500"", ""nf"": ""亞都麗緻大飯店股份有限公司"", ""y"": ""13.8000"", ""z"": ""-"", ""ts"": ""1""}",37730234383,11530906396,mis-probe-37730234383,1b4caf9efcbb0575771726b356751f177bba37439179cb14bfc9b8a9bc9a88e0,2026-10-08,2026-10-08T13:35:00+08:00,UNCALCULABLE_EVIDENCE_V1,d8fcacd07b965f537a310485ddfbdfef96f5df25,live/replay implementation base; diagnostic file hash identifies this uncommitted report generator,be28204cf9fc4a1a9edb20ce07b6838c503e385bafa0237a6a1b04ee9857f28a,2dd62b249a181d7045c957f0c33501cc574723cd,37742790398,2026-10-08T15:20:18.859+08:00,2026-10-08T17:27:03.597+08:00
5703,亞都麗緻,TPEx,otc,pre_targeted_retry,2026-10-08T13:28:57.201+08:00,2026-10-08T13:28:57.201+08:00,2026-10-08T13:28:58.004+08:00,MISSING,MISSING,MISSING,MISSING,MISSING,MISSING,MISSING,MISSING,MISSING,MISSING,MISSING,MISSING,MISSING,MISSING,MISSING,MISSING,MISSING,MISSING,null,RESPONSE_AFTER_CAPTURE_DEADLINE:URLError:<urlopen error timed out>,True,False,True,HTTP_attempt,0,1,25,248ef639ea777795f75262d307ea71aa2ea127a7cbb84226f95511e1565f3950,null,NOT_FRESH_OR_UNAVAILABLE,RESPONSE_AFTER_CAPTURE_DEADLINE:URLError:<urlopen error timed out>,NO_RESPONSE_ITEM,results/pre_targeted_retry_raw.jsonl,4,5f26b410f8b93db9844cc880f137cf9653c7a33ef31353cec3dd6d7ac17220b2,MISSING,37730234383,11530906396,mis-probe-37730234383,1b4caf9efcbb0575771726b356751f177bba37439179cb14bfc9b8a9bc9a88e0,2026-10-08,2026-10-08T13:35:00+08:00,UNCALCULABLE_EVIDENCE_V1,d8fcacd07b965f537a310485ddfbdfef96f5df25,live/replay implementation base; diagnostic file hash identifies this uncommitted report generator,be28204cf9fc4a1a9edb20ce07b6838c503e385bafa0237a6a1b04ee9857f28a,2dd62b249a181d7045c957f0c33501cc574723cd,37742790398,2026-10-08T15:20:18.859+08:00,2026-10-08T17:27:03.597+08:00
5703,亞都麗緻,TPEx,otc,pre_targeted_retry,2026-10-08T13:28:57.201+08:00,2026-10-08T13:28:58.505+08:00,2026-10-08T13:28:58.505+08:00,MISSING,MISSING,MISSING,MISSING,MISSING,MISSING,MISSING,MISSING,MISSING,MISSING,MISSING,MISSING,MISSING,MISSING,MISSING,MISSING,MISSING,MISSING,null,CAPTURE_DEADLINE_NO_REQUEST,True,False,False,selected_result,null,1,25,248ef639ea777795f75262d307ea71aa2ea127a7cbb84226f95511e1565f3950,null,NOT_FRESH_OR_UNAVAILABLE,CAPTURE_DEADLINE_NO_REQUEST,NO_RESPONSE_ITEM,results/pre_targeted_retry_raw.jsonl,4,5f26b410f8b93db9844cc880f137cf9653c7a33ef31353cec3dd6d7ac17220b2,MISSING,37730234383,11530906396,mis-probe-37730234383,1b4caf9efcbb0575771726b356751f177bba37439179cb14bfc9b8a9bc9a88e0,2026-10-08,2026-10-08T13:35:00+08:00,UNCALCULABLE_EVIDENCE_V1,d8fcacd07b965f537a310485ddfbdfef96f5df25,live/replay implementation base; diagnostic file hash identifies this uncommitted report generator,be28204cf9fc4a1a9edb20ce07b6838c503e385bafa0237a6a1b04ee9857f28a,2dd62b249a181d7045c957f0c33501cc574723cd,37742790398,2026-10-08T15:20:18.859+08:00,2026-10-08T17:27:03.597+08:00
5703,亞都麗緻,TPEx,otc,pre_reference_C,2026-10-08T13:29:00.000+08:00,2026-10-08T13:29:05.396+08:00,2026-10-08T13:29:07.589+08:00,13:28:21,20261008,45569,MISSING,MISSING,MISSING,MISSING,13:25:27,-,-,0,-,-,20261008,MISSING,-,-,-,200,null,False,False,True,selected_result,0,10,50,163f6e8048fc0f269349c820722470ea134297a9199331019a7e6dec3c04ec26,46589.0,NOT_FRESH_OR_UNAVAILABLE,stale_cache,NO_NESTED_TRADE_ZERO_REPORTED_VOLUME,results/pre_reference_C_raw.jsonl,10,b7d906f0da1197414f5dce2fea35abdb5764230c60bc10c015807c61b79dcf1a,"{""@"": ""5703.tw"", ""tv"": ""-"", ""ps"": ""-"", ""pid"": ""20.otc.tw|1389304"", ""pz"": ""-"", ""bp"": ""0"", ""m%"": ""725849"", ""^"": ""20261008"", ""key"": ""otc_5703.tw_20261008"", ""a"": ""13.8000_15.1500_"", ""b"": ""13.4500_13.4000_13.3000_13.0500_13.0000_"", ""c"": ""5703"", ""#"": ""20.otc.tw|1393060"", ""d"": ""20261008"", ""%"": ""13:25:27"", ""ch"": ""5703.tw"", ""tlong"": ""1791437127000"", ""f"": ""1_11_"", ""g"": ""2_3_2_3_2_"", ""ip"": ""0"", ""mt"": ""725849"", ""h"": ""-"", ""i"": ""16"", ""it"": ""12"", ""l"": ""-"", ""n"": ""亞都"", ""o"": ""-"", ""p"": ""0"", ""ex"": ""otc"", ""s"": ""-"", ""t"": ""13:25:27"", ""u"": ""15.1500"", ""v"": ""0"", ""w"": ""12.4500"", ""nf"": ""亞都麗緻大飯店股份有限公司"", ""y"": ""13.8000"", ""z"": ""-"", ""ts"": ""1""}",37730234383,11530906396,mis-probe-37730234383,1b4caf9efcbb0575771726b356751f177bba37439179cb14bfc9b8a9bc9a88e0,2026-10-08,2026-10-08T13:35:00+08:00,UNCALCULABLE_EVIDENCE_V1,d8fcacd07b965f537a310485ddfbdfef96f5df25,live/replay implementation base; diagnostic file hash identifies this uncommitted report generator,be28204cf9fc4a1a9edb20ce07b6838c503e385bafa0237a6a1b04ee9857f28a,2dd62b249a181d7045c957f0c33501cc574723cd,37742790398,2026-10-08T15:20:18.859+08:00,2026-10-08T17:27:03.597+08:00
5703,亞都麗緻,TPEx,otc,pre_targeted_retry,2026-10-08T13:29:25.164+08:00,2026-10-08T13:29:25.164+08:00,2026-10-08T13:29:26.413+08:00,13:29:26,20261008,MISSING,MISSING,MISSING,MISSING,MISSING,13:25:27,-,-,0,-,-,20261008,MISSING,-,-,-,200,null,False,False,True,selected_result,0,1,25,248ef639ea777795f75262d307ea71aa2ea127a7cbb84226f95511e1565f3950,413.0,FRESH,no_trade_or_incomplete_identity,NO_NESTED_TRADE_ZERO_REPORTED_VOLUME,results/pre_targeted_retry_raw.jsonl,5,0c1134bcaf38056edad5878f09621ec4ba8e54998c4e4f98959e48041108ccfd,"{""@"": ""5703.tw"", ""tv"": ""-"", ""ps"": ""-"", ""pid"": ""20.otc.tw|1393060"", ""pz"": ""-"", ""bp"": ""0"", ""m%"": ""725849"", ""^"": ""20261008"", ""key"": ""otc_5703.tw_20261008"", ""a"": ""13.8000_15.1500_"", ""b"": ""13.4500_13.4000_13.3000_13.0500_13.0000_"", ""c"": ""5703"", ""#"": ""20.otc.tw|1397244"", ""d"": ""20261008"", ""%"": ""13:25:27"", ""ch"": ""5703.tw"", ""tlong"": ""1791437127000"", ""f"": ""1_11_"", ""g"": ""2_3_2_3_2_"", ""ip"": ""0"", ""mt"": ""725849"", ""h"": ""-"", ""i"": ""16"", ""it"": ""12"", ""l"": ""-"", ""n"": ""亞都"", ""o"": ""-"", ""p"": ""0"", ""ex"": ""otc"", ""s"": ""-"", ""t"": ""13:25:27"", ""u"": ""15.1500"", ""v"": ""0"", ""w"": ""12.4500"", ""nf"": ""亞都麗緻大飯店股份有限公司"", ""y"": ""13.8000"", ""z"": ""-"", ""ts"": ""1""}",37730234383,11530906396,mis-probe-37730234383,1b4caf9efcbb0575771726b356751f177bba37439179cb14bfc9b8a9bc9a88e0,2026-10-08,2026-10-08T13:35:00+08:00,UNCALCULABLE_EVIDENCE_V1,d8fcacd07b965f537a310485ddfbdfef96f5df25,live/replay implementation base; diagnostic file hash identifies this uncommitted report generator,be28204cf9fc4a1a9edb20ce07b6838c503e385bafa0237a6a1b04ee9857f28a,2dd62b249a181d7045c957f0c33501cc574723cd,37742790398,2026-10-08T15:20:18.859+08:00,2026-10-08T17:27:03.597+08:00
5703,亞都麗緻,TPEx,otc,close_reference_A,2026-10-08T13:32:30.000+08:00,2026-10-08T13:32:31.998+08:00,2026-10-08T13:32:33.394+08:00,13:32:32,20261008,MISSING,MISSING,MISSING,MISSING,MISSING,13:30:00,-,-,0,-,-,20261008,MISSING,-,-,-,200,null,False,False,True,selected_result,0,10,50,163f6e8048fc0f269349c820722470ea134297a9199331019a7e6dec3c04ec26,1394.0,FRESH,no_trade_or_incomplete_identity,NO_NESTED_TRADE_ZERO_REPORTED_VOLUME,results/close_reference_A_raw.jsonl,10,57a941040ffcb60c36723a7b477dc2a1e470e8caf5e89555dca79663c0143f5f,"{""@"": ""5703.tw"", ""tv"": ""-"", ""ps"": ""-"", ""pid"": ""20.otc.tw|1414840"", ""pz"": ""-"", ""bp"": ""0"", ""m%"": ""000000"", ""^"": ""20261008"", ""key"": ""otc_5703.tw_20261008"", ""a"": ""13.8000_15.1500_"", ""b"": ""13.4500_13.4000_13.3000_13.0500_13.0000_"", ""c"": ""5703"", ""#"": ""20.otc.tw|1416241"", ""d"": ""20261008"", ""%"": ""13:30:00"", ""ch"": ""5703.tw"", ""tlong"": ""1791437400000"", ""f"": ""1_11_"", ""g"": ""2_3_2_3_2_"", ""ip"": ""0"", ""mt"": ""000000"", ""h"": ""-"", ""i"": ""16"", ""it"": ""12"", ""l"": ""-"", ""n"": ""亞都"", ""o"": ""-"", ""p"": ""0"", ""ex"": ""otc"", ""s"": ""-"", ""t"": ""13:30:00"", ""u"": ""15.1500"", ""v"": ""0"", ""w"": ""12.4500"", ""nf"": ""亞都麗緻大飯店股份有限公司"", ""y"": ""13.8000"", ""z"": ""-"", ""ts"": ""0""}",37730234383,11530906396,mis-probe-37730234383,1b4caf9efcbb0575771726b356751f177bba37439179cb14bfc9b8a9bc9a88e0,2026-10-08,2026-10-08T13:35:00+08:00,UNCALCULABLE_EVIDENCE_V1,d8fcacd07b965f537a310485ddfbdfef96f5df25,live/replay implementation base; diagnostic file hash identifies this uncommitted report generator,be28204cf9fc4a1a9edb20ce07b6838c503e385bafa0237a6a1b04ee9857f28a,2dd62b249a181d7045c957f0c33501cc574723cd,37742790398,2026-10-08T15:20:18.859+08:00,2026-10-08T17:27:03.597+08:00
5703,亞都麗緻,TPEx,otc,close_reference_B,2026-10-08T13:33:20.000+08:00,2026-10-08T13:33:46.553+08:00,2026-10-08T13:33:51.126+08:00,13:33:49,20261008,MISSING,MISSING,MISSING,MISSING,MISSING,13:30:00,-,-,0,-,-,20261008,MISSING,-,-,-,200,null,False,False,True,selected_result,0,31,50,7de529842667a1a93c040c650353de9c78aa9a54dcf78bb7513831e421de24aa,2126.0,FRESH,no_trade_or_incomplete_identity,NO_NESTED_TRADE_ZERO_REPORTED_VOLUME,results/close_reference_B_raw.jsonl,31,9acaff70e4944e2c53a7e806b0340c54f236272380eef98d81a48f2dbadb0216,"{""@"": ""5703.tw"", ""tv"": ""-"", ""ps"": ""-"", ""pid"": ""20.otc.tw|1419026"", ""pz"": ""-"", ""bp"": ""0"", ""m%"": ""000000"", ""^"": ""20261008"", ""key"": ""otc_5703.tw_20261008"", ""a"": ""13.8000_15.1500_"", ""b"": ""13.4500_13.4000_13.3000_13.0500_13.0000_"", ""c"": ""5703"", ""#"": ""20.otc.tw|1420435"", ""d"": ""20261008"", ""%"": ""13:30:00"", ""ch"": ""5703.tw"", ""tlong"": ""1791437400000"", ""f"": ""1_11_"", ""g"": ""2_3_2_3_2_"", ""ip"": ""0"", ""mt"": ""000000"", ""h"": ""-"", ""i"": ""16"", ""it"": ""12"", ""l"": ""-"", ""n"": ""亞都"", ""o"": ""-"", ""p"": ""0"", ""ex"": ""otc"", ""s"": ""-"", ""t"": ""13:30:00"", ""u"": ""15.1500"", ""v"": ""0"", ""w"": ""12.4500"", ""nf"": ""亞都麗緻大飯店股份有限公司"", ""y"": ""13.8000"", ""z"": ""-"", ""ts"": ""0""}",37730234383,11530906396,mis-probe-37730234383,1b4caf9efcbb0575771726b356751f177bba37439179cb14bfc9b8a9bc9a88e0,2026-10-08,2026-10-08T13:35:00+08:00,UNCALCULABLE_EVIDENCE_V1,d8fcacd07b965f537a310485ddfbdfef96f5df25,live/replay implementation base; diagnostic file hash identifies this uncommitted report generator,be28204cf9fc4a1a9edb20ce07b6838c503e385bafa0237a6a1b04ee9857f28a,2dd62b249a181d7045c957f0c33501cc574723cd,37742790398,2026-10-08T15:20:18.859+08:00,2026-10-08T17:27:03.597+08:00
5703,亞都麗緻,TPEx,otc,close_reference_C,2026-10-08T13:34:10.000+08:00,2026-10-08T13:34:10.000+08:00,2026-10-08T13:34:10.842+08:00,13:34:10,20261008,MISSING,MISSING,MISSING,MISSING,MISSING,13:30:00,-,-,0,-,-,20261008,MISSING,-,-,-,200,null,False,False,True,selected_result,0,1,29,6550d2287e85a4df0a8ec64d1c160e0dc59f57f02c6945a778432e2a5dbcb5cc,842.0,FRESH,no_trade_or_incomplete_identity,NO_NESTED_TRADE_ZERO_REPORTED_VOLUME,results/close_reference_C_raw.jsonl,1,776473020c3a315a7830eb9cd7529a970b86db8333a6313c2949d48c5d1d97ce,"{""@"": ""5703.tw"", ""tv"": ""-"", ""ps"": ""-"", ""pid"": ""20.otc.tw|1419026"", ""pz"": ""-"", ""bp"": ""0"", ""m%"": ""000000"", ""^"": ""20261008"", ""key"": ""otc_5703.tw_20261008"", ""a"": ""13.8000_15.1500_"", ""b"": ""13.4500_13.4000_13.3000_13.0500_13.0000_"", ""c"": ""5703"", ""#"": ""20.otc.tw|1420435"", ""d"": ""20261008"", ""%"": ""13:30:00"", ""ch"": ""5703.tw"", ""tlong"": ""1791437400000"", ""f"": ""1_11_"", ""g"": ""2_3_2_3_2_"", ""ip"": ""0"", ""mt"": ""000000"", ""h"": ""-"", ""i"": ""16"", ""it"": ""12"", ""l"": ""-"", ""n"": ""亞都"", ""o"": ""-"", ""p"": ""0"", ""ex"": ""otc"", ""s"": ""-"", ""t"": ""13:30:00"", ""u"": ""15.1500"", ""v"": ""0"", ""w"": ""12.4500"", ""nf"": ""亞都麗緻大飯店股份有限公司"", ""y"": ""13.8000"", ""z"": ""-"", ""ts"": ""0""}",37730234383,11530906396,mis-probe-37730234383,1b4caf9efcbb0575771726b356751f177bba37439179cb14bfc9b8a9bc9a88e0,2026-10-08,2026-10-08T13:35:00+08:00,UNCALCULABLE_EVIDENCE_V1,d8fcacd07b965f537a310485ddfbdfef96f5df25,live/replay implementation base; diagnostic file hash identifies this uncommitted report generator,be28204cf9fc4a1a9edb20ce07b6838c503e385bafa0237a6a1b04ee9857f28a,2dd62b249a181d7045c957f0c33501cc574723cd,37742790398,2026-10-08T15:20:18.859+08:00,2026-10-08T17:27:03.597+08:00
5703,亞都麗緻,TPEx,otc,per_second_probe,MISSING,MISSING,MISSING,MISSING,MISSING,MISSING,MISSING,MISSING,MISSING,MISSING,MISSING,MISSING,MISSING,MISSING,MISSING,MISSING,MISSING,MISSING,MISSING,MISSING,MISSING,MISSING,NOT_SAMPLED,MISSING,MISSING,False,coverage_note,MISSING,MISSING,MISSING,MISSING,MISSING,MISSING,MISSING,MISSING,results/probe_raw.jsonl,MISSING,MISSING,MISSING,37730234383,11530906396,mis-probe-37730234383,1b4caf9efcbb0575771726b356751f177bba37439179cb14bfc9b8a9bc9a88e0,2026-10-08,2026-10-08T13:35:00+08:00,UNCALCULABLE_EVIDENCE_V1,d8fcacd07b965f537a310485ddfbdfef96f5df25,live/replay implementation base; diagnostic file hash identifies this uncommitted report generator,be28204cf9fc4a1a9edb20ce07b6838c503e385bafa0237a6a1b04ee9857f28a,2dd62b249a181d7045c957f0c33501cc574723cd,37742790398,2026-10-08T15:20:18.859+08:00,2026-10-08T17:27:03.597+08:00
6198,瑞築,TPEx,otc,preclose,2026-10-08T13:24:50.000+08:00,2026-10-08T13:24:55.639+08:00,2026-10-08T13:24:57.257+08:00,13:24:56,20261008,MISSING,MISSING,MISSING,MISSING,MISSING,10:46:42,-,-,0,-,-,20261008,MISSING,-,-,-,200,null,False,False,True,selected_result,0,11,50,f875df3d3fa8ceac8b8746158756388a558be366940768e49aa46cd27a9bfa47,1257.0,FRESH,stale_cache,NO_NESTED_TRADE_ZERO_REPORTED_VOLUME,results/preclose_raw.jsonl,11,61cf17aeed0b5a4a7acd70fc852974d574a592457357a26a3a91fb37d562b0ee,"{""@"": ""6198.tw"", ""tv"": ""-"", ""ps"": ""-"", ""pid"": ""20.otc.tw|1358851"", ""pz"": ""-"", ""bp"": ""0"", ""m%"": ""707840"", ""^"": ""20261008"", ""key"": ""otc_6198.tw_20261008"", ""a"": ""19.9000_19.9500_20.0000_20.3000_21.0500_"", ""b"": ""19.5000_19.4500_19.4000_19.3500_19.3000_"", ""c"": ""6198"", ""#"": ""20.otc.tw|1361445"", ""d"": ""20261008"", ""%"": ""10:46:42"", ""ch"": ""6198.tw"", ""tlong"": ""1791427602000"", ""f"": ""1_1_3_3_10_"", ""g"": ""5_3_8_7_8_"", ""ip"": ""0"", ""mt"": ""707840"", ""h"": ""-"", ""i"": ""14"", ""it"": ""12"", ""l"": ""-"", ""n"": ""瑞築"", ""o"": ""-"", ""p"": ""0"", ""ex"": ""otc"", ""s"": ""-"", ""t"": ""10:46:42"", ""u"": ""21.6500"", ""v"": ""0"", ""w"": ""17.7500"", ""nf"": ""瑞築建設股份有限公司"", ""y"": ""19.7000"", ""z"": ""-"", ""ts"": ""0""}",37730234383,11530906396,mis-probe-37730234383,1b4caf9efcbb0575771726b356751f177bba37439179cb14bfc9b8a9bc9a88e0,2026-10-08,2026-10-08T13:35:00+08:00,UNCALCULABLE_EVIDENCE_V1,d8fcacd07b965f537a310485ddfbdfef96f5df25,live/replay implementation base; diagnostic file hash identifies this uncommitted report generator,be28204cf9fc4a1a9edb20ce07b6838c503e385bafa0237a6a1b04ee9857f28a,2dd62b249a181d7045c957f0c33501cc574723cd,37742790398,2026-10-08T15:20:18.859+08:00,2026-10-08T17:27:03.597+08:00
6198,瑞築,TPEx,otc,pre_reference_A,2026-10-08T13:27:00.000+08:00,2026-10-08T13:27:03.784+08:00,2026-10-08T13:27:06.312+08:00,13:27:04,20261008,MISSING,MISSING,MISSING,MISSING,MISSING,13:25:10,-,-,0,-,-,20261008,MISSING,-,-,-,200,null,False,False,True,selected_result,0,11,50,f875df3d3fa8ceac8b8746158756388a558be366940768e49aa46cd27a9bfa47,2312.0,FRESH,no_trade_or_incomplete_identity,NO_NESTED_TRADE_ZERO_REPORTED_VOLUME,results/pre_reference_A_raw.jsonl,11,cdbc928f01d00d0089636269c23e44fcc701e22696c97f747b59572043d6b471,"{""@"": ""6198.tw"", ""tv"": ""-"", ""ps"": ""-"", ""pid"": ""20.otc.tw|1367885"", ""pz"": ""-"", ""bp"": ""0"", ""m%"": ""675949"", ""^"": ""20261008"", ""key"": ""otc_6198.tw_20261008"", ""a"": ""19.9000_19.9500_20.0000_20.3000_21.0500_"", ""b"": ""19.5000_19.4500_19.4000_19.3500_19.3000_"", ""c"": ""6198"", ""#"": ""20.otc.tw|1374536"", ""d"": ""20261008"", ""%"": ""13:25:10"", ""ch"": ""6198.tw"", ""tlong"": ""1791437110000"", ""f"": ""1_1_3_3_10_"", ""g"": ""5_3_8_7_8_"", ""ip"": ""0"", ""mt"": ""675949"", ""h"": ""-"", ""i"": ""14"", ""it"": ""12"", ""l"": ""-"", ""n"": ""瑞築"", ""o"": ""-"", ""p"": ""0"", ""ex"": ""otc"", ""s"": ""-"", ""t"": ""13:25:10"", ""u"": ""21.6500"", ""v"": ""0"", ""w"": ""17.7500"", ""nf"": ""瑞築建設股份有限公司"", ""y"": ""19.7000"", ""z"": ""-"", ""ts"": ""1""}",37730234383,11530906396,mis-probe-37730234383,1b4caf9efcbb0575771726b356751f177bba37439179cb14bfc9b8a9bc9a88e0,2026-10-08,2026-10-08T13:35:00+08:00,UNCALCULABLE_EVIDENCE_V1,d8fcacd07b965f537a310485ddfbdfef96f5df25,live/replay implementation base; diagnostic file hash identifies this uncommitted report generator,be28204cf9fc4a1a9edb20ce07b6838c503e385bafa0237a6a1b04ee9857f28a,2dd62b249a181d7045c957f0c33501cc574723cd,37742790398,2026-10-08T15:20:18.859+08:00,2026-10-08T17:27:03.597+08:00
6198,瑞築,TPEx,otc,pre_reference_B,2026-10-08T13:28:15.000+08:00,2026-10-08T13:28:21.677+08:00,2026-10-08T13:28:26.057+08:00,13:28:24,20261008,MISSING,MISSING,MISSING,MISSING,MISSING,13:25:10,-,-,0,-,-,20261008,MISSING,-,-,-,200,null,False,False,True,selected_result,0,11,50,f875df3d3fa8ceac8b8746158756388a558be366940768e49aa46cd27a9bfa47,2057.0,FRESH,no_trade_or_incomplete_identity,NO_NESTED_TRADE_ZERO_REPORTED_VOLUME,results/pre_reference_B_raw.jsonl,11,a08d015a35030c72f77c4587cc44a7079fdbcf3bf999c81e171b924f80f83526,"{""@"": ""6198.tw"", ""tv"": ""-"", ""ps"": ""-"", ""pid"": ""20.otc.tw|1386913"", ""pz"": ""-"", ""bp"": ""0"", ""m%"": ""675949"", ""^"": ""20261008"", ""key"": ""otc_6198.tw_20261008"", ""a"": ""19.9000_19.9500_20.0000_20.3000_21.0500_"", ""b"": ""19.5000_19.4500_19.4000_19.3500_19.3000_"", ""c"": ""6198"", ""#"": ""20.otc.tw|1390651"", ""d"": ""20261008"", ""%"": ""13:25:10"", ""ch"": ""6198.tw"", ""tlong"": ""1791437110000"", ""f"": ""1_1_3_3_10_"", ""g"": ""5_3_8_7_8_"", ""ip"": ""0"", ""mt"": ""675949"", ""h"": ""-"", ""i"": ""14"", ""it"": ""12"", ""l"": ""-"", ""n"": ""瑞築"", ""o"": ""-"", ""p"": ""0"", ""ex"": ""otc"", ""s"": ""-"", ""t"": ""13:25:10"", ""u"": ""21.6500"", ""v"": ""0"", ""w"": ""17.7500"", ""nf"": ""瑞築建設股份有限公司"", ""y"": ""19.7000"", ""z"": ""-"", ""ts"": ""1""}",37730234383,11530906396,mis-probe-37730234383,1b4caf9efcbb0575771726b356751f177bba37439179cb14bfc9b8a9bc9a88e0,2026-10-08,2026-10-08T13:35:00+08:00,UNCALCULABLE_EVIDENCE_V1,d8fcacd07b965f537a310485ddfbdfef96f5df25,live/replay implementation base; diagnostic file hash identifies this uncommitted report generator,be28204cf9fc4a1a9edb20ce07b6838c503e385bafa0237a6a1b04ee9857f28a,2dd62b249a181d7045c957f0c33501cc574723cd,37742790398,2026-10-08T15:20:18.859+08:00,2026-10-08T17:27:03.597+08:00
6198,瑞築,TPEx,otc,pre_targeted_retry,2026-10-08T13:28:48.457+08:00,2026-10-08T13:28:48.458+08:00,2026-10-08T13:28:50.611+08:00,13:28:49,20261008,MISSING,MISSING,MISSING,MISSING,MISSING,13:25:10,-,-,0,-,-,20261008,MISSING,-,-,-,200,null,False,False,True,selected_result,0,2,50,2914eee9550e758c1ce62131e725348dd7be1e7a32fc8009de8eb833e2412b01,1611.0,FRESH,no_trade_or_incomplete_identity,NO_NESTED_TRADE_ZERO_REPORTED_VOLUME,results/pre_targeted_retry_raw.jsonl,2,e52e465e3454c558df5c39e0a42693451007c030b26a2c1970f9c667fbfa20e4,"{""@"": ""6198.tw"", ""tv"": ""-"", ""ps"": ""-"", ""pid"": ""20.otc.tw|1386913"", ""pz"": ""-"", ""bp"": ""0"", ""m%"": ""675949"", ""^"": ""20261008"", ""key"": ""otc_6198.tw_20261008"", ""a"": ""19.9000_19.9500_20.0000_20.3000_21.0500_"", ""b"": ""19.5000_19.4500_19.4000_19.3500_19.3000_"", ""c"": ""6198"", ""#"": ""20.otc.tw|1390651"", ""d"": ""20261008"", ""%"": ""13:25:10"", ""ch"": ""6198.tw"", ""tlong"": ""1791437110000"", ""f"": ""1_1_3_3_10_"", ""g"": ""5_3_8_7_8_"", ""ip"": ""0"", ""mt"": ""675949"", ""h"": ""-"", ""i"": ""14"", ""it"": ""12"", ""l"": ""-"", ""n"": ""瑞築"", ""o"": ""-"", ""p"": ""0"", ""ex"": ""otc"", ""s"": ""-"", ""t"": ""13:25:10"", ""u"": ""21.6500"", ""v"": ""0"", ""w"": ""17.7500"", ""nf"": ""瑞築建設股份有限公司"", ""y"": ""19.7000"", ""z"": ""-"", ""ts"": ""1""}",37730234383,11530906396,mis-probe-37730234383,1b4caf9efcbb0575771726b356751f177bba37439179cb14bfc9b8a9bc9a88e0,2026-10-08,2026-10-08T13:35:00+08:00,UNCALCULABLE_EVIDENCE_V1,d8fcacd07b965f537a310485ddfbdfef96f5df25,live/replay implementation base; diagnostic file hash identifies this uncommitted report generator,be28204cf9fc4a1a9edb20ce07b6838c503e385bafa0237a6a1b04ee9857f28a,2dd62b249a181d7045c957f0c33501cc574723cd,37742790398,2026-10-08T15:20:18.859+08:00,2026-10-08T17:27:03.597+08:00
6198,瑞築,TPEx,otc,pre_targeted_retry,2026-10-08T13:28:57.201+08:00,2026-10-08T13:28:57.201+08:00,2026-10-08T13:28:58.004+08:00,MISSING,MISSING,MISSING,MISSING,MISSING,MISSING,MISSING,MISSING,MISSING,MISSING,MISSING,MISSING,MISSING,MISSING,MISSING,MISSING,MISSING,MISSING,null,RESPONSE_AFTER_CAPTURE_DEADLINE:URLError:<urlopen error timed out>,True,False,True,HTTP_attempt,0,1,25,248ef639ea777795f75262d307ea71aa2ea127a7cbb84226f95511e1565f3950,null,NOT_FRESH_OR_UNAVAILABLE,RESPONSE_AFTER_CAPTURE_DEADLINE:URLError:<urlopen error timed out>,NO_RESPONSE_ITEM,results/pre_targeted_retry_raw.jsonl,4,5f26b410f8b93db9844cc880f137cf9653c7a33ef31353cec3dd6d7ac17220b2,MISSING,37730234383,11530906396,mis-probe-37730234383,1b4caf9efcbb0575771726b356751f177bba37439179cb14bfc9b8a9bc9a88e0,2026-10-08,2026-10-08T13:35:00+08:00,UNCALCULABLE_EVIDENCE_V1,d8fcacd07b965f537a310485ddfbdfef96f5df25,live/replay implementation base; diagnostic file hash identifies this uncommitted report generator,be28204cf9fc4a1a9edb20ce07b6838c503e385bafa0237a6a1b04ee9857f28a,2dd62b249a181d7045c957f0c33501cc574723cd,37742790398,2026-10-08T15:20:18.859+08:00,2026-10-08T17:27:03.597+08:00
6198,瑞築,TPEx,otc,pre_targeted_retry,2026-10-08T13:28:57.201+08:00,2026-10-08T13:28:58.505+08:00,2026-10-08T13:28:58.505+08:00,MISSING,MISSING,MISSING,MISSING,MISSING,MISSING,MISSING,MISSING,MISSING,MISSING,MISSING,MISSING,MISSING,MISSING,MISSING,MISSING,MISSING,MISSING,null,CAPTURE_DEADLINE_NO_REQUEST,True,False,False,selected_result,null,1,25,248ef639ea777795f75262d307ea71aa2ea127a7cbb84226f95511e1565f3950,null,NOT_FRESH_OR_UNAVAILABLE,CAPTURE_DEADLINE_NO_REQUEST,NO_RESPONSE_ITEM,results/pre_targeted_retry_raw.jsonl,4,5f26b410f8b93db9844cc880f137cf9653c7a33ef31353cec3dd6d7ac17220b2,MISSING,37730234383,11530906396,mis-probe-37730234383,1b4caf9efcbb0575771726b356751f177bba37439179cb14bfc9b8a9bc9a88e0,2026-10-08,2026-10-08T13:35:00+08:00,UNCALCULABLE_EVIDENCE_V1,d8fcacd07b965f537a310485ddfbdfef96f5df25,live/replay implementation base; diagnostic file hash identifies this uncommitted report generator,be28204cf9fc4a1a9edb20ce07b6838c503e385bafa0237a6a1b04ee9857f28a,2dd62b249a181d7045c957f0c33501cc574723cd,37742790398,2026-10-08T15:20:18.859+08:00,2026-10-08T17:27:03.597+08:00
6198,瑞築,TPEx,otc,pre_reference_C,2026-10-08T13:29:00.000+08:00,2026-10-08T13:29:05.831+08:00,2026-10-08T13:29:10.471+08:00,13:28:24,20261008,43044,MISSING,MISSING,MISSING,MISSING,13:25:10,-,-,0,-,-,20261008,MISSING,-,-,-,200,null,False,False,True,selected_result,0,11,50,f875df3d3fa8ceac8b8746158756388a558be366940768e49aa46cd27a9bfa47,46471.0,NOT_FRESH_OR_UNAVAILABLE,stale_cache,NO_NESTED_TRADE_ZERO_REPORTED_VOLUME,results/pre_reference_C_raw.jsonl,11,c5f15e4adffacb9ef7550e9703e985756ca60f15d863fbf84aa911e145ebb7d6,"{""@"": ""6198.tw"", ""tv"": ""-"", ""ps"": ""-"", ""pid"": ""20.otc.tw|1386913"", ""pz"": ""-"", ""bp"": ""0"", ""m%"": ""675949"", ""^"": ""20261008"", ""key"": ""otc_6198.tw_20261008"", ""a"": ""19.9000_19.9500_20.0000_20.3000_21.0500_"", ""b"": ""19.5000_19.4500_19.4000_19.3500_19.3000_"", ""c"": ""6198"", ""#"": ""20.otc.tw|1390651"", ""d"": ""20261008"", ""%"": ""13:25:10"", ""ch"": ""6198.tw"", ""tlong"": ""1791437110000"", ""f"": ""1_1_3_3_10_"", ""g"": ""5_3_8_7_8_"", ""ip"": ""0"", ""mt"": ""675949"", ""h"": ""-"", ""i"": ""14"", ""it"": ""12"", ""l"": ""-"", ""n"": ""瑞築"", ""o"": ""-"", ""p"": ""0"", ""ex"": ""otc"", ""s"": ""-"", ""t"": ""13:25:10"", ""u"": ""21.6500"", ""v"": ""0"", ""w"": ""17.7500"", ""nf"": ""瑞築建設股份有限公司"", ""y"": ""19.7000"", ""z"": ""-"", ""ts"": ""1""}",37730234383,11530906396,mis-probe-37730234383,1b4caf9efcbb0575771726b356751f177bba37439179cb14bfc9b8a9bc9a88e0,2026-10-08,2026-10-08T13:35:00+08:00,UNCALCULABLE_EVIDENCE_V1,d8fcacd07b965f537a310485ddfbdfef96f5df25,live/replay implementation base; diagnostic file hash identifies this uncommitted report generator,be28204cf9fc4a1a9edb20ce07b6838c503e385bafa0237a6a1b04ee9857f28a,2dd62b249a181d7045c957f0c33501cc574723cd,37742790398,2026-10-08T15:20:18.859+08:00,2026-10-08T17:27:03.597+08:00
6198,瑞築,TPEx,otc,pre_targeted_retry,2026-10-08T13:29:25.164+08:00,2026-10-08T13:29:25.164+08:00,2026-10-08T13:29:26.413+08:00,13:29:26,20261008,MISSING,MISSING,MISSING,MISSING,MISSING,13:25:10,-,-,0,-,-,20261008,MISSING,-,-,-,200,null,False,False,True,selected_result,0,1,25,248ef639ea777795f75262d307ea71aa2ea127a7cbb84226f95511e1565f3950,413.0,FRESH,no_trade_or_incomplete_identity,NO_NESTED_TRADE_ZERO_REPORTED_VOLUME,results/pre_targeted_retry_raw.jsonl,5,0c1134bcaf38056edad5878f09621ec4ba8e54998c4e4f98959e48041108ccfd,"{""@"": ""6198.tw"", ""tv"": ""-"", ""ps"": ""-"", ""pid"": ""20.otc.tw|1394644"", ""pz"": ""-"", ""bp"": ""0"", ""m%"": ""675949"", ""^"": ""20261008"", ""key"": ""otc_6198.tw_20261008"", ""a"": ""19.9000_19.9500_20.0000_20.3000_21.0500_"", ""b"": ""19.5000_19.4500_19.4000_19.3500_19.3000_"", ""c"": ""6198"", ""#"": ""20.otc.tw|1398611"", ""d"": ""20261008"", ""%"": ""13:25:10"", ""ch"": ""6198.tw"", ""tlong"": ""1791437110000"", ""f"": ""1_1_3_3_10_"", ""g"": ""5_3_8_7_8_"", ""ip"": ""0"", ""mt"": ""675949"", ""h"": ""-"", ""i"": ""14"", ""it"": ""12"", ""l"": ""-"", ""n"": ""瑞築"", ""o"": ""-"", ""p"": ""0"", ""ex"": ""otc"", ""s"": ""-"", ""t"": ""13:25:10"", ""u"": ""21.6500"", ""v"": ""0"", ""w"": ""17.7500"", ""nf"": ""瑞築建設股份有限公司"", ""y"": ""19.7000"", ""z"": ""-"", ""ts"": ""1""}",37730234383,11530906396,mis-probe-37730234383,1b4caf9efcbb0575771726b356751f177bba37439179cb14bfc9b8a9bc9a88e0,2026-10-08,2026-10-08T13:35:00+08:00,UNCALCULABLE_EVIDENCE_V1,d8fcacd07b965f537a310485ddfbdfef96f5df25,live/replay implementation base; diagnostic file hash identifies this uncommitted report generator,be28204cf9fc4a1a9edb20ce07b6838c503e385bafa0237a6a1b04ee9857f28a,2dd62b249a181d7045c957f0c33501cc574723cd,37742790398,2026-10-08T15:20:18.859+08:00,2026-10-08T17:27:03.597+08:00
6198,瑞築,TPEx,otc,close_reference_A,2026-10-08T13:32:30.000+08:00,2026-10-08T13:32:33.030+08:00,2026-10-08T13:32:35.149+08:00,13:32:34,20261008,MISSING,MISSING,MISSING,MISSING,MISSING,13:30:00,-,-,0,-,-,20261008,MISSING,-,-,-,200,null,False,False,True,selected_result,0,11,50,f875df3d3fa8ceac8b8746158756388a558be366940768e49aa46cd27a9bfa47,1149.0,FRESH,no_trade_or_incomplete_identity,NO_NESTED_TRADE_ZERO_REPORTED_VOLUME,results/close_reference_A_raw.jsonl,11,096f438e713460b2c7a1b04763fbcb2c9f0a93f41c5eff6d9fdd59a49a7aa1eb,"{""@"": ""6198.tw"", ""tv"": ""-"", ""ps"": ""-"", ""pid"": ""20.otc.tw|1415232"", ""pz"": ""-"", ""bp"": ""0"", ""m%"": ""000000"", ""^"": ""20261008"", ""key"": ""otc_6198.tw_20261008"", ""a"": ""19.9000_19.9500_20.0000_20.3000_21.0500_"", ""b"": ""19.5000_19.4500_19.4000_19.3500_19.3000_"", ""c"": ""6198"", ""#"": ""20.otc.tw|1416632"", ""d"": ""20261008"", ""%"": ""13:30:00"", ""ch"": ""6198.tw"", ""tlong"": ""1791437400000"", ""f"": ""1_1_3_3_10_"", ""g"": ""5_3_8_7_8_"", ""ip"": ""0"", ""mt"": ""000000"", ""h"": ""-"", ""i"": ""14"", ""it"": ""12"", ""l"": ""-"", ""n"": ""瑞築"", ""o"": ""-"", ""p"": ""0"", ""ex"": ""otc"", ""s"": ""-"", ""t"": ""13:30:00"", ""u"": ""21.6500"", ""v"": ""0"", ""w"": ""17.7500"", ""nf"": ""瑞築建設股份有限公司"", ""y"": ""19.7000"", ""z"": ""-"", ""ts"": ""0""}",37730234383,11530906396,mis-probe-37730234383,1b4caf9efcbb0575771726b356751f177bba37439179cb14bfc9b8a9bc9a88e0,2026-10-08,2026-10-08T13:35:00+08:00,UNCALCULABLE_EVIDENCE_V1,d8fcacd07b965f537a310485ddfbdfef96f5df25,live/replay implementation base; diagnostic file hash identifies this uncommitted report generator,be28204cf9fc4a1a9edb20ce07b6838c503e385bafa0237a6a1b04ee9857f28a,2dd62b249a181d7045c957f0c33501cc574723cd,37742790398,2026-10-08T15:20:18.859+08:00,2026-10-08T17:27:03.597+08:00
6198,瑞築,TPEx,otc,close_reference_B,2026-10-08T13:33:20.000+08:00,2026-10-08T13:33:44.129+08:00,2026-10-08T13:33:46.552+08:00,13:33:45,20261008,MISSING,MISSING,MISSING,MISSING,MISSING,13:30:00,-,-,0,-,-,20261008,MISSING,-,-,-,200,null,False,False,True,selected_result,0,29,50,9c9fd364dd3ea804f994bb3f60abd51108e27772d7919cf81b5d280dd21bdad5,1552.0,FRESH,no_trade_or_incomplete_identity,NO_NESTED_TRADE_ZERO_REPORTED_VOLUME,results/close_reference_B_raw.jsonl,29,754ac96d9c7a7e03cb2a930f36ec624f6cdb2947fafb194f4b2d4c582baf5ec0,"{""@"": ""6198.tw"", ""tv"": ""-"", ""ps"": ""-"", ""pid"": ""20.otc.tw|1419420"", ""pz"": ""-"", ""bp"": ""0"", ""m%"": ""000000"", ""^"": ""20261008"", ""key"": ""otc_6198.tw_20261008"", ""a"": ""19.9000_19.9500_20.0000_20.3000_21.0500_"", ""b"": ""19.5000_19.4500_19.4000_19.3500_19.3000_"", ""c"": ""6198"", ""#"": ""20.otc.tw|1420822"", ""d"": ""20261008"", ""%"": ""13:30:00"", ""ch"": ""6198.tw"", ""tlong"": ""1791437400000"", ""f"": ""1_1_3_3_10_"", ""g"": ""5_3_8_7_8_"", ""ip"": ""0"", ""mt"": ""000000"", ""h"": ""-"", ""i"": ""14"", ""it"": ""12"", ""l"": ""-"", ""n"": ""瑞築"", ""o"": ""-"", ""p"": ""0"", ""ex"": ""otc"", ""s"": ""-"", ""t"": ""13:30:00"", ""u"": ""21.6500"", ""v"": ""0"", ""w"": ""17.7500"", ""nf"": ""瑞築建設股份有限公司"", ""y"": ""19.7000"", ""z"": ""-"", ""ts"": ""0""}",37730234383,11530906396,mis-probe-37730234383,1b4caf9efcbb0575771726b356751f177bba37439179cb14bfc9b8a9bc9a88e0,2026-10-08,2026-10-08T13:35:00+08:00,UNCALCULABLE_EVIDENCE_V1,d8fcacd07b965f537a310485ddfbdfef96f5df25,live/replay implementation base; diagnostic file hash identifies this uncommitted report generator,be28204cf9fc4a1a9edb20ce07b6838c503e385bafa0237a6a1b04ee9857f28a,2dd62b249a181d7045c957f0c33501cc574723cd,37742790398,2026-10-08T15:20:18.859+08:00,2026-10-08T17:27:03.597+08:00
6198,瑞築,TPEx,otc,close_reference_C,2026-10-08T13:34:10.000+08:00,2026-10-08T13:34:10.000+08:00,2026-10-08T13:34:10.842+08:00,13:34:10,20261008,MISSING,MISSING,MISSING,MISSING,MISSING,13:30:00,-,-,0,-,-,20261008,MISSING,-,-,-,200,null,False,False,True,selected_result,0,1,29,6550d2287e85a4df0a8ec64d1c160e0dc59f57f02c6945a778432e2a5dbcb5cc,842.0,FRESH,no_trade_or_incomplete_identity,NO_NESTED_TRADE_ZERO_REPORTED_VOLUME,results/close_reference_C_raw.jsonl,1,776473020c3a315a7830eb9cd7529a970b86db8333a6313c2949d48c5d1d97ce,"{""@"": ""6198.tw"", ""tv"": ""-"", ""ps"": ""-"", ""pid"": ""20.otc.tw|1419420"", ""pz"": ""-"", ""bp"": ""0"", ""m%"": ""000000"", ""^"": ""20261008"", ""key"": ""otc_6198.tw_20261008"", ""a"": ""19.9000_19.9500_20.0000_20.3000_21.0500_"", ""b"": ""19.5000_19.4500_19.4000_19.3500_19.3000_"", ""c"": ""6198"", ""#"": ""20.otc.tw|1420822"", ""d"": ""20261008"", ""%"": ""13:30:00"", ""ch"": ""6198.tw"", ""tlong"": ""1791437400000"", ""f"": ""1_1_3_3_10_"", ""g"": ""5_3_8_7_8_"", ""ip"": ""0"", ""mt"": ""000000"", ""h"": ""-"", ""i"": ""14"", ""it"": ""12"", ""l"": ""-"", ""n"": ""瑞築"", ""o"": ""-"", ""p"": ""0"", ""ex"": ""otc"", ""s"": ""-"", ""t"": ""13:30:00"", ""u"": ""21.6500"", ""v"": ""0"", ""w"": ""17.7500"", ""nf"": ""瑞築建設股份有限公司"", ""y"": ""19.7000"", ""z"": ""-"", ""ts"": ""0""}",37730234383,11530906396,mis-probe-37730234383,1b4caf9efcbb0575771726b356751f177bba37439179cb14bfc9b8a9bc9a88e0,2026-10-08,2026-10-08T13:35:00+08:00,UNCALCULABLE_EVIDENCE_V1,d8fcacd07b965f537a310485ddfbdfef96f5df25,live/replay implementation base; diagnostic file hash identifies this uncommitted report generator,be28204cf9fc4a1a9edb20ce07b6838c503e385bafa0237a6a1b04ee9857f28a,2dd62b249a181d7045c957f0c33501cc574723cd,37742790398,2026-10-08T15:20:18.859+08:00,2026-10-08T17:27:03.597+08:00
6198,瑞築,TPEx,otc,per_second_probe,MISSING,MISSING,MISSING,MISSING,MISSING,MISSING,MISSING,MISSING,MISSING,MISSING,MISSING,MISSING,MISSING,MISSING,MISSING,MISSING,MISSING,MISSING,MISSING,MISSING,MISSING,MISSING,NOT_SAMPLED,MISSING,MISSING,False,coverage_note,MISSING,MISSING,MISSING,MISSING,MISSING,MISSING,MISSING,MISSING,results/probe_raw.jsonl,MISSING,MISSING,MISSING,37730234383,11530906396,mis-probe-37730234383,1b4caf9efcbb0575771726b356751f177bba37439179cb14bfc9b8a9bc9a88e0,2026-10-08,2026-10-08T13:35:00+08:00,UNCALCULABLE_EVIDENCE_V1,d8fcacd07b965f537a310485ddfbdfef96f5df25,live/replay implementation base; diagnostic file hash identifies this uncommitted report generator,be28204cf9fc4a1a9edb20ce07b6838c503e385bafa0237a6a1b04ee9857f28a,2dd62b249a181d7045c957f0c33501cc574723cd,37742790398,2026-10-08T15:20:18.859+08:00,2026-10-08T17:27:03.597+08:00
6212,理銘,TPEx,otc,preclose,2026-10-08T13:24:50.000+08:00,2026-10-08T13:24:55.639+08:00,2026-10-08T13:24:57.257+08:00,13:24:56,20261008,MISSING,MISSING,MISSING,MISSING,MISSING,13:13:56,-,-,0,-,-,20261008,MISSING,-,-,-,200,null,False,False,True,selected_result,0,11,50,f875df3d3fa8ceac8b8746158756388a558be366940768e49aa46cd27a9bfa47,1257.0,FRESH,stale_cache,NO_NESTED_TRADE_ZERO_REPORTED_VOLUME,results/preclose_raw.jsonl,11,61cf17aeed0b5a4a7acd70fc852974d574a592457357a26a3a91fb37d562b0ee,"{""@"": ""6212.tw"", ""tv"": ""-"", ""ps"": ""-"", ""pid"": ""20.otc.tw|1357573"", ""pz"": ""-"", ""bp"": ""0"", ""m%"": ""356906"", ""^"": ""20261008"", ""key"": ""otc_6212.tw_20261008"", ""a"": ""33.8000_34.7000_34.7500_34.8000_35.3500_"", ""b"": ""32.0500_32.0000_31.8000_31.7500_31.2000_"", ""c"": ""6212"", ""#"": ""20.otc.tw|1360088"", ""d"": ""20261008"", ""%"": ""13:13:56"", ""ch"": ""6212.tw"", ""tlong"": ""1791436436000"", ""f"": ""1_1_1_1_1_"", ""g"": ""1_1_1_1_1_"", ""ip"": ""0"", ""mt"": ""356906"", ""h"": ""-"", ""i"": ""14"", ""it"": ""12"", ""l"": ""-"", ""n"": ""理銘"", ""o"": ""-"", ""p"": ""0"", ""ex"": ""otc"", ""s"": ""-"", ""t"": ""13:13:56"", ""u"": ""35.4000"", ""v"": ""0"", ""w"": ""29.0000"", ""nf"": ""理銘開發股份有限公司"", ""y"": ""32.2000"", ""z"": ""-"", ""ts"": ""0""}",37730234383,11530906396,mis-probe-37730234383,1b4caf9efcbb0575771726b356751f177bba37439179cb14bfc9b8a9bc9a88e0,2026-10-08,2026-10-08T13:35:00+08:00,UNCALCULABLE_EVIDENCE_V1,d8fcacd07b965f537a310485ddfbdfef96f5df25,live/replay implementation base; diagnostic file hash identifies this uncommitted report generator,be28204cf9fc4a1a9edb20ce07b6838c503e385bafa0237a6a1b04ee9857f28a,2dd62b249a181d7045c957f0c33501cc574723cd,37742790398,2026-10-08T15:20:18.859+08:00,2026-10-08T17:27:03.597+08:00
6212,理銘,TPEx,otc,pre_reference_A,2026-10-08T13:27:00.000+08:00,2026-10-08T13:27:03.784+08:00,2026-10-08T13:27:06.312+08:00,13:27:04,20261008,MISSING,MISSING,MISSING,MISSING,MISSING,13:25:13,-,-,0,-,-,20261008,MISSING,-,-,-,200,null,False,False,True,selected_result,0,11,50,f875df3d3fa8ceac8b8746158756388a558be366940768e49aa46cd27a9bfa47,2312.0,FRESH,no_trade_or_incomplete_identity,NO_NESTED_TRADE_ZERO_REPORTED_VOLUME,results/pre_reference_A_raw.jsonl,11,cdbc928f01d00d0089636269c23e44fcc701e22696c97f747b59572043d6b471,"{""@"": ""6212.tw"", ""tv"": ""-"", ""ps"": ""-"", ""pid"": ""20.otc.tw|1375311"", ""pz"": ""-"", ""bp"": ""0"", ""m%"": ""282059"", ""^"": ""20261008"", ""key"": ""otc_6212.tw_20261008"", ""a"": ""32.9000_33.8000_34.7000_34.7500_34.8000_"", ""b"": ""32.0500_32.0000_31.8000_31.7500_31.2000_"", ""c"": ""6212"", ""#"": ""20.otc.tw|1379754"", ""d"": ""20261008"", ""%"": ""13:25:13"", ""ch"": ""6212.tw"", ""tlong"": ""1791437113000"", ""f"": ""1_1_1_1_1_"", ""g"": ""1_1_1_1_1_"", ""ip"": ""0"", ""mt"": ""282059"", ""h"": ""-"", ""i"": ""14"", ""it"": ""12"", ""l"": ""-"", ""n"": ""理銘"", ""o"": ""-"", ""p"": ""0"", ""ex"": ""otc"", ""s"": ""-"", ""t"": ""13:25:13"", ""u"": ""35.4000"", ""v"": ""0"", ""w"": ""29.0000"", ""nf"": ""理銘開發股份有限公司"", ""y"": ""32.2000"", ""z"": ""-"", ""ts"": ""1""}",37730234383,11530906396,mis-probe-37730234383,1b4caf9efcbb0575771726b356751f177bba37439179cb14bfc9b8a9bc9a88e0,2026-10-08,2026-10-08T13:35:00+08:00,UNCALCULABLE_EVIDENCE_V1,d8fcacd07b965f537a310485ddfbdfef96f5df25,live/replay implementation base; diagnostic file hash identifies this uncommitted report generator,be28204cf9fc4a1a9edb20ce07b6838c503e385bafa0237a6a1b04ee9857f28a,2dd62b249a181d7045c957f0c33501cc574723cd,37742790398,2026-10-08T15:20:18.859+08:00,2026-10-08T17:27:03.597+08:00
6212,理銘,TPEx,otc,pre_reference_B,2026-10-08T13:28:15.000+08:00,2026-10-08T13:28:21.677+08:00,2026-10-08T13:28:26.057+08:00,13:28:24,20261008,MISSING,MISSING,MISSING,MISSING,MISSING,13:25:13,-,-,0,-,-,20261008,MISSING,-,-,-,200,null,False,False,True,selected_result,0,11,50,f875df3d3fa8ceac8b8746158756388a558be366940768e49aa46cd27a9bfa47,2057.0,FRESH,no_trade_or_incomplete_identity,NO_NESTED_TRADE_ZERO_REPORTED_VOLUME,results/pre_reference_B_raw.jsonl,11,a08d015a35030c72f77c4587cc44a7079fdbcf3bf999c81e171b924f80f83526,"{""@"": ""6212.tw"", ""tv"": ""-"", ""ps"": ""-"", ""pid"": ""20.otc.tw|1387513"", ""pz"": ""-"", ""bp"": ""0"", ""m%"": ""282059"", ""^"": ""20261008"", ""key"": ""otc_6212.tw_20261008"", ""a"": ""32.9000_33.8000_34.7000_34.7500_34.8000_"", ""b"": ""32.0500_32.0000_31.8000_31.7500_31.2000_"", ""c"": ""6212"", ""#"": ""20.otc.tw|1391271"", ""d"": ""20261008"", ""%"": ""13:25:13"", ""ch"": ""6212.tw"", ""tlong"": ""1791437113000"", ""f"": ""1_1_1_1_1_"", ""g"": ""1_1_1_1_1_"", ""ip"": ""0"", ""mt"": ""282059"", ""h"": ""-"", ""i"": ""14"", ""it"": ""12"", ""l"": ""-"", ""n"": ""理銘"", ""o"": ""-"", ""p"": ""0"", ""ex"": ""otc"", ""s"": ""-"", ""t"": ""13:25:13"", ""u"": ""35.4000"", ""v"": ""0"", ""w"": ""29.0000"", ""nf"": ""理銘開發股份有限公司"", ""y"": ""32.2000"", ""z"": ""-"", ""ts"": ""1""}",37730234383,11530906396,mis-probe-37730234383,1b4caf9efcbb0575771726b356751f177bba37439179cb14bfc9b8a9bc9a88e0,2026-10-08,2026-10-08T13:35:00+08:00,UNCALCULABLE_EVIDENCE_V1,d8fcacd07b965f537a310485ddfbdfef96f5df25,live/replay implementation base; diagnostic file hash identifies this uncommitted report generator,be28204cf9fc4a1a9edb20ce07b6838c503e385bafa0237a6a1b04ee9857f28a,2dd62b249a181d7045c957f0c33501cc574723cd,37742790398,2026-10-08T15:20:18.859+08:00,2026-10-08T17:27:03.597+08:00
6212,理銘,TPEx,otc,pre_targeted_retry,2026-10-08T13:28:48.457+08:00,2026-10-08T13:28:48.458+08:00,2026-10-08T13:28:50.611+08:00,13:28:49,20261008,MISSING,MISSING,MISSING,MISSING,MISSING,13:25:13,-,-,0,-,-,20261008,MISSING,-,-,-,200,null,False,False,True,selected_result,0,2,50,2914eee9550e758c1ce62131e725348dd7be1e7a32fc8009de8eb833e2412b01,1611.0,FRESH,no_trade_or_incomplete_identity,NO_NESTED_TRADE_ZERO_REPORTED_VOLUME,results/pre_targeted_retry_raw.jsonl,2,e52e465e3454c558df5c39e0a42693451007c030b26a2c1970f9c667fbfa20e4,"{""@"": ""6212.tw"", ""tv"": ""-"", ""ps"": ""-"", ""pid"": ""20.otc.tw|1391271"", ""pz"": ""-"", ""bp"": ""0"", ""m%"": ""282059"", ""^"": ""20261008"", ""key"": ""otc_6212.tw_20261008"", ""a"": ""32.9000_33.8000_34.7000_34.7500_34.8000_"", ""b"": ""32.0500_32.0000_31.8000_31.7500_31.2000_"", ""c"": ""6212"", ""#"": ""20.otc.tw|1395300"", ""d"": ""20261008"", ""%"": ""13:25:13"", ""ch"": ""6212.tw"", ""tlong"": ""1791437113000"", ""f"": ""1_1_1_1_1_"", ""g"": ""1_1_1_1_1_"", ""ip"": ""0"", ""mt"": ""282059"", ""h"": ""-"", ""i"": ""14"", ""it"": ""12"", ""l"": ""-"", ""n"": ""理銘"", ""o"": ""-"", ""p"": ""0"", ""ex"": ""otc"", ""s"": ""-"", ""t"": ""13:25:13"", ""u"": ""35.4000"", ""v"": ""0"", ""w"": ""29.0000"", ""nf"": ""理銘開發股份有限公司"", ""y"": ""32.2000"", ""z"": ""-"", ""ts"": ""1""}",37730234383,11530906396,mis-probe-37730234383,1b4caf9efcbb0575771726b356751f177bba37439179cb14bfc9b8a9bc9a88e0,2026-10-08,2026-10-08T13:35:00+08:00,UNCALCULABLE_EVIDENCE_V1,d8fcacd07b965f537a310485ddfbdfef96f5df25,live/replay implementation base; diagnostic file hash identifies this uncommitted report generator,be28204cf9fc4a1a9edb20ce07b6838c503e385bafa0237a6a1b04ee9857f28a,2dd62b249a181d7045c957f0c33501cc574723cd,37742790398,2026-10-08T15:20:18.859+08:00,2026-10-08T17:27:03.597+08:00
6212,理銘,TPEx,otc,pre_targeted_retry,2026-10-08T13:28:57.201+08:00,2026-10-08T13:28:57.201+08:00,2026-10-08T13:28:58.004+08:00,MISSING,MISSING,MISSING,MISSING,MISSING,MISSING,MISSING,MISSING,MISSING,MISSING,MISSING,MISSING,MISSING,MISSING,MISSING,MISSING,MISSING,MISSING,null,RESPONSE_AFTER_CAPTURE_DEADLINE:URLError:<urlopen error timed out>,True,False,True,HTTP_attempt,0,1,25,248ef639ea777795f75262d307ea71aa2ea127a7cbb84226f95511e1565f3950,null,NOT_FRESH_OR_UNAVAILABLE,RESPONSE_AFTER_CAPTURE_DEADLINE:URLError:<urlopen error timed out>,NO_RESPONSE_ITEM,results/pre_targeted_retry_raw.jsonl,4,5f26b410f8b93db9844cc880f137cf9653c7a33ef31353cec3dd6d7ac17220b2,MISSING,37730234383,11530906396,mis-probe-37730234383,1b4caf9efcbb0575771726b356751f177bba37439179cb14bfc9b8a9bc9a88e0,2026-10-08,2026-10-08T13:35:00+08:00,UNCALCULABLE_EVIDENCE_V1,d8fcacd07b965f537a310485ddfbdfef96f5df25,live/replay implementation base; diagnostic file hash identifies this uncommitted report generator,be28204cf9fc4a1a9edb20ce07b6838c503e385bafa0237a6a1b04ee9857f28a,2dd62b249a181d7045c957f0c33501cc574723cd,37742790398,2026-10-08T15:20:18.859+08:00,2026-10-08T17:27:03.597+08:00
6212,理銘,TPEx,otc,pre_targeted_retry,2026-10-08T13:28:57.201+08:00,2026-10-08T13:28:58.505+08:00,2026-10-08T13:28:58.505+08:00,MISSING,MISSING,MISSING,MISSING,MISSING,MISSING,MISSING,MISSING,MISSING,MISSING,MISSING,MISSING,MISSING,MISSING,MISSING,MISSING,MISSING,MISSING,null,CAPTURE_DEADLINE_NO_REQUEST,True,False,False,selected_result,null,1,25,248ef639ea777795f75262d307ea71aa2ea127a7cbb84226f95511e1565f3950,null,NOT_FRESH_OR_UNAVAILABLE,CAPTURE_DEADLINE_NO_REQUEST,NO_RESPONSE_ITEM,results/pre_targeted_retry_raw.jsonl,4,5f26b410f8b93db9844cc880f137cf9653c7a33ef31353cec3dd6d7ac17220b2,MISSING,37730234383,11530906396,mis-probe-37730234383,1b4caf9efcbb0575771726b356751f177bba37439179cb14bfc9b8a9bc9a88e0,2026-10-08,2026-10-08T13:35:00+08:00,UNCALCULABLE_EVIDENCE_V1,d8fcacd07b965f537a310485ddfbdfef96f5df25,live/replay implementation base; diagnostic file hash identifies this uncommitted report generator,be28204cf9fc4a1a9edb20ce07b6838c503e385bafa0237a6a1b04ee9857f28a,2dd62b249a181d7045c957f0c33501cc574723cd,37742790398,2026-10-08T15:20:18.859+08:00,2026-10-08T17:27:03.597+08:00
6212,理銘,TPEx,otc,pre_reference_C,2026-10-08T13:29:00.000+08:00,2026-10-08T13:29:05.831+08:00,2026-10-08T13:29:10.471+08:00,13:28:24,20261008,43044,MISSING,MISSING,MISSING,MISSING,13:25:13,-,-,0,-,-,20261008,MISSING,-,-,-,200,null,False,False,True,selected_result,0,11,50,f875df3d3fa8ceac8b8746158756388a558be366940768e49aa46cd27a9bfa47,46471.0,NOT_FRESH_OR_UNAVAILABLE,stale_cache,NO_NESTED_TRADE_ZERO_REPORTED_VOLUME,results/pre_reference_C_raw.jsonl,11,c5f15e4adffacb9ef7550e9703e985756ca60f15d863fbf84aa911e145ebb7d6,"{""@"": ""6212.tw"", ""tv"": ""-"", ""ps"": ""-"", ""pid"": ""20.otc.tw|1387513"", ""pz"": ""-"", ""bp"": ""0"", ""m%"": ""282059"", ""^"": ""20261008"", ""key"": ""otc_6212.tw_20261008"", ""a"": ""32.9000_33.8000_34.7000_34.7500_34.8000_"", ""b"": ""32.0500_32.0000_31.8000_31.7500_31.2000_"", ""c"": ""6212"", ""#"": ""20.otc.tw|1391271"", ""d"": ""20261008"", ""%"": ""13:25:13"", ""ch"": ""6212.tw"", ""tlong"": ""1791437113000"", ""f"": ""1_1_1_1_1_"", ""g"": ""1_1_1_1_1_"", ""ip"": ""0"", ""mt"": ""282059"", ""h"": ""-"", ""i"": ""14"", ""it"": ""12"", ""l"": ""-"", ""n"": ""理銘"", ""o"": ""-"", ""p"": ""0"", ""ex"": ""otc"", ""s"": ""-"", ""t"": ""13:25:13"", ""u"": ""35.4000"", ""v"": ""0"", ""w"": ""29.0000"", ""nf"": ""理銘開發股份有限公司"", ""y"": ""32.2000"", ""z"": ""-"", ""ts"": ""1""}",37730234383,11530906396,mis-probe-37730234383,1b4caf9efcbb0575771726b356751f177bba37439179cb14bfc9b8a9bc9a88e0,2026-10-08,2026-10-08T13:35:00+08:00,UNCALCULABLE_EVIDENCE_V1,d8fcacd07b965f537a310485ddfbdfef96f5df25,live/replay implementation base; diagnostic file hash identifies this uncommitted report generator,be28204cf9fc4a1a9edb20ce07b6838c503e385bafa0237a6a1b04ee9857f28a,2dd62b249a181d7045c957f0c33501cc574723cd,37742790398,2026-10-08T15:20:18.859+08:00,2026-10-08T17:27:03.597+08:00
6212,理銘,TPEx,otc,pre_targeted_retry,2026-10-08T13:29:25.164+08:00,2026-10-08T13:29:25.164+08:00,2026-10-08T13:29:26.413+08:00,13:29:26,20261008,MISSING,MISSING,MISSING,MISSING,MISSING,13:25:13,-,-,0,-,-,20261008,MISSING,-,-,-,200,null,False,False,True,selected_result,0,1,25,248ef639ea777795f75262d307ea71aa2ea127a7cbb84226f95511e1565f3950,413.0,FRESH,no_trade_or_incomplete_identity,NO_NESTED_TRADE_ZERO_REPORTED_VOLUME,results/pre_targeted_retry_raw.jsonl,5,0c1134bcaf38056edad5878f09621ec4ba8e54998c4e4f98959e48041108ccfd,"{""@"": ""6212.tw"", ""tv"": ""-"", ""ps"": ""-"", ""pid"": ""20.otc.tw|1399236"", ""pz"": ""-"", ""bp"": ""0"", ""m%"": ""282059"", ""^"": ""20261008"", ""key"": ""otc_6212.tw_20261008"", ""a"": ""32.9000_33.8000_34.7000_34.7500_34.8000_"", ""b"": ""32.0500_32.0000_31.8000_31.7500_31.2000_"", ""c"": ""6212"", ""#"": ""20.otc.tw|1403673"", ""d"": ""20261008"", ""%"": ""13:25:13"", ""ch"": ""6212.tw"", ""tlong"": ""1791437113000"", ""f"": ""1_1_1_1_1_"", ""g"": ""1_1_1_1_1_"", ""ip"": ""0"", ""mt"": ""282059"", ""h"": ""-"", ""i"": ""14"", ""it"": ""12"", ""l"": ""-"", ""n"": ""理銘"", ""o"": ""-"", ""p"": ""0"", ""ex"": ""otc"", ""s"": ""-"", ""t"": ""13:25:13"", ""u"": ""35.4000"", ""v"": ""0"", ""w"": ""29.0000"", ""nf"": ""理銘開發股份有限公司"", ""y"": ""32.2000"", ""z"": ""-"", ""ts"": ""1""}",37730234383,11530906396,mis-probe-37730234383,1b4caf9efcbb0575771726b356751f177bba37439179cb14bfc9b8a9bc9a88e0,2026-10-08,2026-10-08T13:35:00+08:00,UNCALCULABLE_EVIDENCE_V1,d8fcacd07b965f537a310485ddfbdfef96f5df25,live/replay implementation base; diagnostic file hash identifies this uncommitted report generator,be28204cf9fc4a1a9edb20ce07b6838c503e385bafa0237a6a1b04ee9857f28a,2dd62b249a181d7045c957f0c33501cc574723cd,37742790398,2026-10-08T15:20:18.859+08:00,2026-10-08T17:27:03.597+08:00
6212,理銘,TPEx,otc,close_reference_A,2026-10-08T13:32:30.000+08:00,2026-10-08T13:32:33.030+08:00,2026-10-08T13:32:35.149+08:00,13:32:34,20261008,MISSING,MISSING,MISSING,MISSING,MISSING,13:30:00,-,-,0,-,-,20261008,MISSING,-,-,-,200,null,False,False,True,selected_result,0,11,50,f875df3d3fa8ceac8b8746158756388a558be366940768e49aa46cd27a9bfa47,1149.0,FRESH,no_trade_or_incomplete_identity,NO_NESTED_TRADE_ZERO_REPORTED_VOLUME,results/close_reference_A_raw.jsonl,11,096f438e713460b2c7a1b04763fbcb2c9f0a93f41c5eff6d9fdd59a49a7aa1eb,"{""@"": ""6212.tw"", ""tv"": ""-"", ""ps"": ""-"", ""pid"": ""20.otc.tw|1416644"", ""pz"": ""-"", ""bp"": ""0"", ""m%"": ""000000"", ""^"": ""20261008"", ""key"": ""otc_6212.tw_20261008"", ""a"": ""32.9000_33.8000_34.7000_34.7500_34.8000_"", ""b"": ""32.0500_32.0000_31.8000_31.7500_31.2000_"", ""c"": ""6212"", ""#"": ""20.otc.tw|1418037"", ""d"": ""20261008"", ""%"": ""13:30:00"", ""ch"": ""6212.tw"", ""tlong"": ""1791437400000"", ""f"": ""1_1_1_1_1_"", ""g"": ""1_1_1_1_1_"", ""ip"": ""0"", ""mt"": ""000000"", ""h"": ""-"", ""i"": ""14"", ""it"": ""12"", ""l"": ""-"", ""n"": ""理銘"", ""o"": ""-"", ""p"": ""0"", ""ex"": ""otc"", ""s"": ""-"", ""t"": ""13:30:00"", ""u"": ""35.4000"", ""v"": ""0"", ""w"": ""29.0000"", ""nf"": ""理銘開發股份有限公司"", ""y"": ""32.2000"", ""z"": ""-"", ""ts"": ""0""}",37730234383,11530906396,mis-probe-37730234383,1b4caf9efcbb0575771726b356751f177bba37439179cb14bfc9b8a9bc9a88e0,2026-10-08,2026-10-08T13:35:00+08:00,UNCALCULABLE_EVIDENCE_V1,d8fcacd07b965f537a310485ddfbdfef96f5df25,live/replay implementation base; diagnostic file hash identifies this uncommitted report generator,be28204cf9fc4a1a9edb20ce07b6838c503e385bafa0237a6a1b04ee9857f28a,2dd62b249a181d7045c957f0c33501cc574723cd,37742790398,2026-10-08T15:20:18.859+08:00,2026-10-08T17:27:03.597+08:00
6212,理銘,TPEx,otc,close_reference_B,2026-10-08T13:33:20.000+08:00,2026-10-08T13:33:44.129+08:00,2026-10-08T13:33:46.552+08:00,13:33:45,20261008,MISSING,MISSING,MISSING,MISSING,MISSING,13:30:00,-,-,0,-,-,20261008,MISSING,-,-,-,200,null,False,False,True,selected_result,0,29,50,9c9fd364dd3ea804f994bb3f60abd51108e27772d7919cf81b5d280dd21bdad5,1552.0,FRESH,no_trade_or_incomplete_identity,NO_NESTED_TRADE_ZERO_REPORTED_VOLUME,results/close_reference_B_raw.jsonl,29,754ac96d9c7a7e03cb2a930f36ec624f6cdb2947fafb194f4b2d4c582baf5ec0,"{""@"": ""6212.tw"", ""tv"": ""-"", ""ps"": ""-"", ""pid"": ""20.otc.tw|1418037"", ""pz"": ""-"", ""bp"": ""0"", ""m%"": ""000000"", ""^"": ""20261008"", ""key"": ""otc_6212.tw_20261008"", ""a"": ""32.9000_33.8000_34.7000_34.7500_34.8000_"", ""b"": ""32.0500_32.0000_31.8000_31.7500_31.2000_"", ""c"": ""6212"", ""#"": ""20.otc.tw|1419432"", ""d"": ""20261008"", ""%"": ""13:30:00"", ""ch"": ""6212.tw"", ""tlong"": ""1791437400000"", ""f"": ""1_1_1_1_1_"", ""g"": ""1_1_1_1_1_"", ""ip"": ""0"", ""mt"": ""000000"", ""h"": ""-"", ""i"": ""14"", ""it"": ""12"", ""l"": ""-"", ""n"": ""理銘"", ""o"": ""-"", ""p"": ""0"", ""ex"": ""otc"", ""s"": ""-"", ""t"": ""13:30:00"", ""u"": ""35.4000"", ""v"": ""0"", ""w"": ""29.0000"", ""nf"": ""理銘開發股份有限公司"", ""y"": ""32.2000"", ""z"": ""-"", ""ts"": ""0""}",37730234383,11530906396,mis-probe-37730234383,1b4caf9efcbb0575771726b356751f177bba37439179cb14bfc9b8a9bc9a88e0,2026-10-08,2026-10-08T13:35:00+08:00,UNCALCULABLE_EVIDENCE_V1,d8fcacd07b965f537a310485ddfbdfef96f5df25,live/replay implementation base; diagnostic file hash identifies this uncommitted report generator,be28204cf9fc4a1a9edb20ce07b6838c503e385bafa0237a6a1b04ee9857f28a,2dd62b249a181d7045c957f0c33501cc574723cd,37742790398,2026-10-08T15:20:18.859+08:00,2026-10-08T17:27:03.597+08:00
6212,理銘,TPEx,otc,close_reference_C,2026-10-08T13:34:10.000+08:00,2026-10-08T13:34:10.000+08:00,2026-10-08T13:34:10.842+08:00,13:34:10,20261008,MISSING,MISSING,MISSING,MISSING,MISSING,13:30:00,-,-,0,-,-,20261008,MISSING,-,-,-,200,null,False,False,True,selected_result,0,1,29,6550d2287e85a4df0a8ec64d1c160e0dc59f57f02c6945a778432e2a5dbcb5cc,842.0,FRESH,no_trade_or_incomplete_identity,NO_NESTED_TRADE_ZERO_REPORTED_VOLUME,results/close_reference_C_raw.jsonl,1,776473020c3a315a7830eb9cd7529a970b86db8333a6313c2949d48c5d1d97ce,"{""@"": ""6212.tw"", ""tv"": ""-"", ""ps"": ""-"", ""pid"": ""20.otc.tw|1419432"", ""pz"": ""-"", ""bp"": ""0"", ""m%"": ""000000"", ""^"": ""20261008"", ""key"": ""otc_6212.tw_20261008"", ""a"": ""32.9000_33.8000_34.7000_34.7500_34.8000_"", ""b"": ""32.0500_32.0000_31.8000_31.7500_31.2000_"", ""c"": ""6212"", ""#"": ""20.otc.tw|1420834"", ""d"": ""20261008"", ""%"": ""13:30:00"", ""ch"": ""6212.tw"", ""tlong"": ""1791437400000"", ""f"": ""1_1_1_1_1_"", ""g"": ""1_1_1_1_1_"", ""ip"": ""0"", ""mt"": ""000000"", ""h"": ""-"", ""i"": ""14"", ""it"": ""12"", ""l"": ""-"", ""n"": ""理銘"", ""o"": ""-"", ""p"": ""0"", ""ex"": ""otc"", ""s"": ""-"", ""t"": ""13:30:00"", ""u"": ""35.4000"", ""v"": ""0"", ""w"": ""29.0000"", ""nf"": ""理銘開發股份有限公司"", ""y"": ""32.2000"", ""z"": ""-"", ""ts"": ""0""}",37730234383,11530906396,mis-probe-37730234383,1b4caf9efcbb0575771726b356751f177bba37439179cb14bfc9b8a9bc9a88e0,2026-10-08,2026-10-08T13:35:00+08:00,UNCALCULABLE_EVIDENCE_V1,d8fcacd07b965f537a310485ddfbdfef96f5df25,live/replay implementation base; diagnostic file hash identifies this uncommitted report generator,be28204cf9fc4a1a9edb20ce07b6838c503e385bafa0237a6a1b04ee9857f28a,2dd62b249a181d7045c957f0c33501cc574723cd,37742790398,2026-10-08T15:20:18.859+08:00,2026-10-08T17:27:03.597+08:00
6212,理銘,TPEx,otc,per_second_probe,MISSING,MISSING,MISSING,MISSING,MISSING,MISSING,MISSING,MISSING,MISSING,MISSING,MISSING,MISSING,MISSING,MISSING,MISSING,MISSING,MISSING,MISSING,MISSING,MISSING,MISSING,MISSING,NOT_SAMPLED,MISSING,MISSING,False,coverage_note,MISSING,MISSING,MISSING,MISSING,MISSING,MISSING,MISSING,MISSING,results/probe_raw.jsonl,MISSING,MISSING,MISSING,37730234383,11530906396,mis-probe-37730234383,1b4caf9efcbb0575771726b356751f177bba37439179cb14bfc9b8a9bc9a88e0,2026-10-08,2026-10-08T13:35:00+08:00,UNCALCULABLE_EVIDENCE_V1,d8fcacd07b965f537a310485ddfbdfef96f5df25,live/replay implementation base; diagnostic file hash identifies this uncommitted report generator,be28204cf9fc4a1a9edb20ce07b6838c503e385bafa0237a6a1b04ee9857f28a,2dd62b249a181d7045c957f0c33501cc574723cd,37742790398,2026-10-08T15:20:18.859+08:00,2026-10-08T17:27:03.597+08:00
6236,中湛,TPEx,otc,preclose,2026-10-08T13:24:50.000+08:00,2026-10-08T13:24:55.639+08:00,2026-10-08T13:24:57.257+08:00,13:24:56,20261008,MISSING,MISSING,MISSING,MISSING,MISSING,09:00:14,-,-,0,-,-,20261008,MISSING,-,-,-,200,null,False,False,True,selected_result,0,11,50,f875df3d3fa8ceac8b8746158756388a558be366940768e49aa46cd27a9bfa47,1257.0,FRESH,stale_cache,NO_NESTED_TRADE_ZERO_REPORTED_VOLUME,results/preclose_raw.jsonl,11,61cf17aeed0b5a4a7acd70fc852974d574a592457357a26a3a91fb37d562b0ee,"{""@"": ""6236.tw"", ""tv"": ""-"", ""ps"": ""-"", ""pid"": ""20.otc.tw|1356737"", ""pz"": ""-"", ""bp"": ""0"", ""m%"": ""928817"", ""^"": ""20261008"", ""key"": ""otc_6236.tw_20261008"", ""a"": ""16.7500_18.3000_18.4500_"", ""b"": ""15.1500_"", ""c"": ""6236"", ""#"": ""20.otc.tw|1359265"", ""d"": ""20261008"", ""%"": ""09:00:14"", ""ch"": ""6236.tw"", ""tlong"": ""1791421214000"", ""f"": ""1_1_1_"", ""g"": ""1_"", ""ip"": ""0"", ""mt"": ""928817"", ""h"": ""-"", ""i"": ""36"", ""it"": ""12"", ""l"": ""-"", ""n"": ""中湛"", ""o"": ""-"", ""p"": ""0"", ""ex"": ""otc"", ""s"": ""-"", ""t"": ""09:00:14"", ""u"": ""18.4500"", ""v"": ""0"", ""w"": ""15.1500"", ""nf"": ""中湛股份有限公司"", ""y"": ""16.8000"", ""z"": ""-"", ""ts"": ""0""}",37730234383,11530906396,mis-probe-37730234383,1b4caf9efcbb0575771726b356751f177bba37439179cb14bfc9b8a9bc9a88e0,2026-10-08,2026-10-08T13:35:00+08:00,UNCALCULABLE_EVIDENCE_V1,d8fcacd07b965f537a310485ddfbdfef96f5df25,live/replay implementation base; diagnostic file hash identifies this uncommitted report generator,be28204cf9fc4a1a9edb20ce07b6838c503e385bafa0237a6a1b04ee9857f28a,2dd62b249a181d7045c957f0c33501cc574723cd,37742790398,2026-10-08T15:20:18.859+08:00,2026-10-08T17:27:03.597+08:00
6236,中湛,TPEx,otc,pre_reference_A,2026-10-08T13:27:00.000+08:00,2026-10-08T13:27:03.784+08:00,2026-10-08T13:27:06.312+08:00,13:27:04,20261008,MISSING,MISSING,MISSING,MISSING,MISSING,13:25:04,-,-,0,-,-,20261008,MISSING,-,-,-,200,null,False,False,True,selected_result,0,11,50,f875df3d3fa8ceac8b8746158756388a558be366940768e49aa46cd27a9bfa47,2312.0,FRESH,no_trade_or_incomplete_identity,NO_NESTED_TRADE_ZERO_REPORTED_VOLUME,results/pre_reference_A_raw.jsonl,11,cdbc928f01d00d0089636269c23e44fcc701e22696c97f747b59572043d6b471,"{""@"": ""6236.tw"", ""tv"": ""-"", ""ps"": ""-"", ""pid"": ""20.otc.tw|1378430"", ""pz"": ""-"", ""bp"": ""0"", ""m%"": ""851292"", ""^"": ""20261008"", ""key"": ""otc_6236.tw_20261008"", ""a"": ""16.7500_18.3000_18.4500_"", ""b"": ""15.1500_"", ""c"": ""6236"", ""#"": ""20.otc.tw|1382506"", ""d"": ""20261008"", ""%"": ""13:25:04"", ""ch"": ""6236.tw"", ""tlong"": ""1791437104000"", ""f"": ""1_1_1_"", ""g"": ""1_"", ""ip"": ""0"", ""mt"": ""851292"", ""h"": ""-"", ""i"": ""36"", ""it"": ""12"", ""l"": ""-"", ""n"": ""中湛"", ""o"": ""-"", ""p"": ""0"", ""ex"": ""otc"", ""s"": ""-"", ""t"": ""13:25:04"", ""u"": ""18.4500"", ""v"": ""0"", ""w"": ""15.1500"", ""nf"": ""中湛股份有限公司"", ""y"": ""16.8000"", ""z"": ""-"", ""ts"": ""1""}",37730234383,11530906396,mis-probe-37730234383,1b4caf9efcbb0575771726b356751f177bba37439179cb14bfc9b8a9bc9a88e0,2026-10-08,2026-10-08T13:35:00+08:00,UNCALCULABLE_EVIDENCE_V1,d8fcacd07b965f537a310485ddfbdfef96f5df25,live/replay implementation base; diagnostic file hash identifies this uncommitted report generator,be28204cf9fc4a1a9edb20ce07b6838c503e385bafa0237a6a1b04ee9857f28a,2dd62b249a181d7045c957f0c33501cc574723cd,37742790398,2026-10-08T15:20:18.859+08:00,2026-10-08T17:27:03.597+08:00
6236,中湛,TPEx,otc,pre_reference_B,2026-10-08T13:28:15.000+08:00,2026-10-08T13:28:21.677+08:00,2026-10-08T13:28:26.057+08:00,13:28:24,20261008,MISSING,MISSING,MISSING,MISSING,MISSING,13:25:04,-,-,0,-,-,20261008,MISSING,-,-,-,200,null,False,False,True,selected_result,0,11,50,f875df3d3fa8ceac8b8746158756388a558be366940768e49aa46cd27a9bfa47,2057.0,FRESH,no_trade_or_incomplete_identity,NO_NESTED_TRADE_ZERO_REPORTED_VOLUME,results/pre_reference_B_raw.jsonl,11,a08d015a35030c72f77c4587cc44a7079fdbcf3bf999c81e171b924f80f83526,"{""@"": ""6236.tw"", ""tv"": ""-"", ""ps"": ""-"", ""pid"": ""20.otc.tw|1390046"", ""pz"": ""-"", ""bp"": ""0"", ""m%"": ""851292"", ""^"": ""20261008"", ""key"": ""otc_6236.tw_20261008"", ""a"": ""16.7500_18.3000_18.4500_"", ""b"": ""15.1500_"", ""c"": ""6236"", ""#"": ""20.otc.tw|1393939"", ""d"": ""20261008"", ""%"": ""13:25:04"", ""ch"": ""6236.tw"", ""tlong"": ""1791437104000"", ""f"": ""1_1_1_"", ""g"": ""1_"", ""ip"": ""0"", ""mt"": ""851292"", ""h"": ""-"", ""i"": ""36"", ""it"": ""12"", ""l"": ""-"", ""n"": ""中湛"", ""o"": ""-"", ""p"": ""0"", ""ex"": ""otc"", ""s"": ""-"", ""t"": ""13:25:04"", ""u"": ""18.4500"", ""v"": ""0"", ""w"": ""15.1500"", ""nf"": ""中湛股份有限公司"", ""y"": ""16.8000"", ""z"": ""-"", ""ts"": ""1""}",37730234383,11530906396,mis-probe-37730234383,1b4caf9efcbb0575771726b356751f177bba37439179cb14bfc9b8a9bc9a88e0,2026-10-08,2026-10-08T13:35:00+08:00,UNCALCULABLE_EVIDENCE_V1,d8fcacd07b965f537a310485ddfbdfef96f5df25,live/replay implementation base; diagnostic file hash identifies this uncommitted report generator,be28204cf9fc4a1a9edb20ce07b6838c503e385bafa0237a6a1b04ee9857f28a,2dd62b249a181d7045c957f0c33501cc574723cd,37742790398,2026-10-08T15:20:18.859+08:00,2026-10-08T17:27:03.597+08:00
6236,中湛,TPEx,otc,pre_targeted_retry,2026-10-08T13:28:48.457+08:00,2026-10-08T13:28:48.458+08:00,2026-10-08T13:28:50.611+08:00,13:28:49,20261008,MISSING,MISSING,MISSING,MISSING,MISSING,13:25:04,-,-,0,-,-,20261008,MISSING,-,-,-,200,null,False,False,True,selected_result,0,2,50,2914eee9550e758c1ce62131e725348dd7be1e7a32fc8009de8eb833e2412b01,1611.0,FRESH,no_trade_or_incomplete_identity,NO_NESTED_TRADE_ZERO_REPORTED_VOLUME,results/pre_targeted_retry_raw.jsonl,2,e52e465e3454c558df5c39e0a42693451007c030b26a2c1970f9c667fbfa20e4,"{""@"": ""6236.tw"", ""tv"": ""-"", ""ps"": ""-"", ""pid"": ""20.otc.tw|1390046"", ""pz"": ""-"", ""bp"": ""0"", ""m%"": ""851292"", ""^"": ""20261008"", ""key"": ""otc_6236.tw_20261008"", ""a"": ""16.7500_18.3000_18.4500_"", ""b"": ""15.1500_"", ""c"": ""6236"", ""#"": ""20.otc.tw|1393939"", ""d"": ""20261008"", ""%"": ""13:25:04"", ""ch"": ""6236.tw"", ""tlong"": ""1791437104000"", ""f"": ""1_1_1_"", ""g"": ""1_"", ""ip"": ""0"", ""mt"": ""851292"", ""h"": ""-"", ""i"": ""36"", ""it"": ""12"", ""l"": ""-"", ""n"": ""中湛"", ""o"": ""-"", ""p"": ""0"", ""ex"": ""otc"", ""s"": ""-"", ""t"": ""13:25:04"", ""u"": ""18.4500"", ""v"": ""0"", ""w"": ""15.1500"", ""nf"": ""中湛股份有限公司"", ""y"": ""16.8000"", ""z"": ""-"", ""ts"": ""1""}",37730234383,11530906396,mis-probe-37730234383,1b4caf9efcbb0575771726b356751f177bba37439179cb14bfc9b8a9bc9a88e0,2026-10-08,2026-10-08T13:35:00+08:00,UNCALCULABLE_EVIDENCE_V1,d8fcacd07b965f537a310485ddfbdfef96f5df25,live/replay implementation base; diagnostic file hash identifies this uncommitted report generator,be28204cf9fc4a1a9edb20ce07b6838c503e385bafa0237a6a1b04ee9857f28a,2dd62b249a181d7045c957f0c33501cc574723cd,37742790398,2026-10-08T15:20:18.859+08:00,2026-10-08T17:27:03.597+08:00
6236,中湛,TPEx,otc,pre_targeted_retry,2026-10-08T13:28:57.201+08:00,2026-10-08T13:28:57.201+08:00,2026-10-08T13:28:58.004+08:00,MISSING,MISSING,MISSING,MISSING,MISSING,MISSING,MISSING,MISSING,MISSING,MISSING,MISSING,MISSING,MISSING,MISSING,MISSING,MISSING,MISSING,MISSING,null,RESPONSE_AFTER_CAPTURE_DEADLINE:URLError:<urlopen error timed out>,True,False,True,HTTP_attempt,0,1,25,248ef639ea777795f75262d307ea71aa2ea127a7cbb84226f95511e1565f3950,null,NOT_FRESH_OR_UNAVAILABLE,RESPONSE_AFTER_CAPTURE_DEADLINE:URLError:<urlopen error timed out>,NO_RESPONSE_ITEM,results/pre_targeted_retry_raw.jsonl,4,5f26b410f8b93db9844cc880f137cf9653c7a33ef31353cec3dd6d7ac17220b2,MISSING,37730234383,11530906396,mis-probe-37730234383,1b4caf9efcbb0575771726b356751f177bba37439179cb14bfc9b8a9bc9a88e0,2026-10-08,2026-10-08T13:35:00+08:00,UNCALCULABLE_EVIDENCE_V1,d8fcacd07b965f537a310485ddfbdfef96f5df25,live/replay implementation base; diagnostic file hash identifies this uncommitted report generator,be28204cf9fc4a1a9edb20ce07b6838c503e385bafa0237a6a1b04ee9857f28a,2dd62b249a181d7045c957f0c33501cc574723cd,37742790398,2026-10-08T15:20:18.859+08:00,2026-10-08T17:27:03.597+08:00
6236,中湛,TPEx,otc,pre_targeted_retry,2026-10-08T13:28:57.201+08:00,2026-10-08T13:28:58.505+08:00,2026-10-08T13:28:58.505+08:00,MISSING,MISSING,MISSING,MISSING,MISSING,MISSING,MISSING,MISSING,MISSING,MISSING,MISSING,MISSING,MISSING,MISSING,MISSING,MISSING,MISSING,MISSING,null,CAPTURE_DEADLINE_NO_REQUEST,True,False,False,selected_result,null,1,25,248ef639ea777795f75262d307ea71aa2ea127a7cbb84226f95511e1565f3950,null,NOT_FRESH_OR_UNAVAILABLE,CAPTURE_DEADLINE_NO_REQUEST,NO_RESPONSE_ITEM,results/pre_targeted_retry_raw.jsonl,4,5f26b410f8b93db9844cc880f137cf9653c7a33ef31353cec3dd6d7ac17220b2,MISSING,37730234383,11530906396,mis-probe-37730234383,1b4caf9efcbb0575771726b356751f177bba37439179cb14bfc9b8a9bc9a88e0,2026-10-08,2026-10-08T13:35:00+08:00,UNCALCULABLE_EVIDENCE_V1,d8fcacd07b965f537a310485ddfbdfef96f5df25,live/replay implementation base; diagnostic file hash identifies this uncommitted report generator,be28204cf9fc4a1a9edb20ce07b6838c503e385bafa0237a6a1b04ee9857f28a,2dd62b249a181d7045c957f0c33501cc574723cd,37742790398,2026-10-08T15:20:18.859+08:00,2026-10-08T17:27:03.597+08:00
6236,中湛,TPEx,otc,pre_reference_C,2026-10-08T13:29:00.000+08:00,2026-10-08T13:29:05.831+08:00,2026-10-08T13:29:10.471+08:00,13:28:24,20261008,43044,MISSING,MISSING,MISSING,MISSING,13:25:04,-,-,0,-,-,20261008,MISSING,-,-,-,200,null,False,False,True,selected_result,0,11,50,f875df3d3fa8ceac8b8746158756388a558be366940768e49aa46cd27a9bfa47,46471.0,NOT_FRESH_OR_UNAVAILABLE,stale_cache,NO_NESTED_TRADE_ZERO_REPORTED_VOLUME,results/pre_reference_C_raw.jsonl,11,c5f15e4adffacb9ef7550e9703e985756ca60f15d863fbf84aa911e145ebb7d6,"{""@"": ""6236.tw"", ""tv"": ""-"", ""ps"": ""-"", ""pid"": ""20.otc.tw|1390046"", ""pz"": ""-"", ""bp"": ""0"", ""m%"": ""851292"", ""^"": ""20261008"", ""key"": ""otc_6236.tw_20261008"", ""a"": ""16.7500_18.3000_18.4500_"", ""b"": ""15.1500_"", ""c"": ""6236"", ""#"": ""20.otc.tw|1393939"", ""d"": ""20261008"", ""%"": ""13:25:04"", ""ch"": ""6236.tw"", ""tlong"": ""1791437104000"", ""f"": ""1_1_1_"", ""g"": ""1_"", ""ip"": ""0"", ""mt"": ""851292"", ""h"": ""-"", ""i"": ""36"", ""it"": ""12"", ""l"": ""-"", ""n"": ""中湛"", ""o"": ""-"", ""p"": ""0"", ""ex"": ""otc"", ""s"": ""-"", ""t"": ""13:25:04"", ""u"": ""18.4500"", ""v"": ""0"", ""w"": ""15.1500"", ""nf"": ""中湛股份有限公司"", ""y"": ""16.8000"", ""z"": ""-"", ""ts"": ""1""}",37730234383,11530906396,mis-probe-37730234383,1b4caf9efcbb0575771726b356751f177bba37439179cb14bfc9b8a9bc9a88e0,2026-10-08,2026-10-08T13:35:00+08:00,UNCALCULABLE_EVIDENCE_V1,d8fcacd07b965f537a310485ddfbdfef96f5df25,live/replay implementation base; diagnostic file hash identifies this uncommitted report generator,be28204cf9fc4a1a9edb20ce07b6838c503e385bafa0237a6a1b04ee9857f28a,2dd62b249a181d7045c957f0c33501cc574723cd,37742790398,2026-10-08T15:20:18.859+08:00,2026-10-08T17:27:03.597+08:00
6236,中湛,TPEx,otc,pre_targeted_retry,2026-10-08T13:29:25.164+08:00,2026-10-08T13:29:25.164+08:00,2026-10-08T13:29:26.413+08:00,13:29:26,20261008,MISSING,MISSING,MISSING,MISSING,MISSING,13:25:04,-,-,0,-,-,20261008,MISSING,-,-,-,200,null,False,False,True,selected_result,0,1,25,248ef639ea777795f75262d307ea71aa2ea127a7cbb84226f95511e1565f3950,413.0,FRESH,no_trade_or_incomplete_identity,NO_NESTED_TRADE_ZERO_REPORTED_VOLUME,results/pre_targeted_retry_raw.jsonl,5,0c1134bcaf38056edad5878f09621ec4ba8e54998c4e4f98959e48041108ccfd,"{""@"": ""6236.tw"", ""tv"": ""-"", ""ps"": ""-"", ""pid"": ""20.otc.tw|1393939"", ""pz"": ""-"", ""bp"": ""0"", ""m%"": ""851292"", ""^"": ""20261008"", ""key"": ""otc_6236.tw_20261008"", ""a"": ""16.7500_18.3000_18.4500_"", ""b"": ""15.1500_"", ""c"": ""6236"", ""#"": ""20.otc.tw|1397973"", ""d"": ""20261008"", ""%"": ""13:25:04"", ""ch"": ""6236.tw"", ""tlong"": ""1791437104000"", ""f"": ""1_1_1_"", ""g"": ""1_"", ""ip"": ""0"", ""mt"": ""851292"", ""h"": ""-"", ""i"": ""36"", ""it"": ""12"", ""l"": ""-"", ""n"": ""中湛"", ""o"": ""-"", ""p"": ""0"", ""ex"": ""otc"", ""s"": ""-"", ""t"": ""13:25:04"", ""u"": ""18.4500"", ""v"": ""0"", ""w"": ""15.1500"", ""nf"": ""中湛股份有限公司"", ""y"": ""16.8000"", ""z"": ""-"", ""ts"": ""1""}",37730234383,11530906396,mis-probe-37730234383,1b4caf9efcbb0575771726b356751f177bba37439179cb14bfc9b8a9bc9a88e0,2026-10-08,2026-10-08T13:35:00+08:00,UNCALCULABLE_EVIDENCE_V1,d8fcacd07b965f537a310485ddfbdfef96f5df25,live/replay implementation base; diagnostic file hash identifies this uncommitted report generator,be28204cf9fc4a1a9edb20ce07b6838c503e385bafa0237a6a1b04ee9857f28a,2dd62b249a181d7045c957f0c33501cc574723cd,37742790398,2026-10-08T15:20:18.859+08:00,2026-10-08T17:27:03.597+08:00
6236,中湛,TPEx,otc,close_reference_A,2026-10-08T13:32:30.000+08:00,2026-10-08T13:32:33.030+08:00,2026-10-08T13:32:35.149+08:00,13:32:34,20261008,MISSING,MISSING,MISSING,MISSING,MISSING,13:30:00,-,-,0,-,-,20261008,MISSING,-,-,-,200,null,False,False,True,selected_result,0,11,50,f875df3d3fa8ceac8b8746158756388a558be366940768e49aa46cd27a9bfa47,1149.0,FRESH,no_trade_or_incomplete_identity,NO_NESTED_TRADE_ZERO_REPORTED_VOLUME,results/close_reference_A_raw.jsonl,11,096f438e713460b2c7a1b04763fbcb2c9f0a93f41c5eff6d9fdd59a49a7aa1eb,"{""@"": ""6236.tw"", ""tv"": ""-"", ""ps"": ""-"", ""pid"": ""20.otc.tw|1416466"", ""pz"": ""-"", ""bp"": ""0"", ""m%"": ""000000"", ""^"": ""20261008"", ""key"": ""otc_6236.tw_20261008"", ""a"": ""16.7500_18.3000_18.4500_"", ""b"": ""15.1500_"", ""c"": ""6236"", ""#"": ""20.otc.tw|1417857"", ""d"": ""20261008"", ""%"": ""13:30:00"", ""ch"": ""6236.tw"", ""tlong"": ""1791437400000"", ""f"": ""1_1_1_"", ""g"": ""1_"", ""ip"": ""0"", ""mt"": ""000000"", ""h"": ""-"", ""i"": ""36"", ""it"": ""12"", ""l"": ""-"", ""n"": ""中湛"", ""o"": ""-"", ""p"": ""0"", ""ex"": ""otc"", ""s"": ""-"", ""t"": ""13:30:00"", ""u"": ""18.4500"", ""v"": ""0"", ""w"": ""15.1500"", ""nf"": ""中湛股份有限公司"", ""y"": ""16.8000"", ""z"": ""-"", ""ts"": ""0""}",37730234383,11530906396,mis-probe-37730234383,1b4caf9efcbb0575771726b356751f177bba37439179cb14bfc9b8a9bc9a88e0,2026-10-08,2026-10-08T13:35:00+08:00,UNCALCULABLE_EVIDENCE_V1,d8fcacd07b965f537a310485ddfbdfef96f5df25,live/replay implementation base; diagnostic file hash identifies this uncommitted report generator,be28204cf9fc4a1a9edb20ce07b6838c503e385bafa0237a6a1b04ee9857f28a,2dd62b249a181d7045c957f0c33501cc574723cd,37742790398,2026-10-08T15:20:18.859+08:00,2026-10-08T17:27:03.597+08:00
6236,中湛,TPEx,otc,close_reference_B,2026-10-08T13:33:20.000+08:00,2026-10-08T13:33:44.129+08:00,2026-10-08T13:33:46.552+08:00,13:33:45,20261008,MISSING,MISSING,MISSING,MISSING,MISSING,13:30:00,-,-,0,-,-,20261008,MISSING,-,-,-,200,null,False,False,True,selected_result,0,29,50,9c9fd364dd3ea804f994bb3f60abd51108e27772d7919cf81b5d280dd21bdad5,1552.0,FRESH,no_trade_or_incomplete_identity,NO_NESTED_TRADE_ZERO_REPORTED_VOLUME,results/close_reference_B_raw.jsonl,29,754ac96d9c7a7e03cb2a930f36ec624f6cdb2947fafb194f4b2d4c582baf5ec0,"{""@"": ""6236.tw"", ""tv"": ""-"", ""ps"": ""-"", ""pid"": ""20.otc.tw|1419251"", ""pz"": ""-"", ""bp"": ""0"", ""m%"": ""000000"", ""^"": ""20261008"", ""key"": ""otc_6236.tw_20261008"", ""a"": ""16.7500_18.3000_18.4500_"", ""b"": ""15.1500_"", ""c"": ""6236"", ""#"": ""20.otc.tw|1420658"", ""d"": ""20261008"", ""%"": ""13:30:00"", ""ch"": ""6236.tw"", ""tlong"": ""1791437400000"", ""f"": ""1_1_1_"", ""g"": ""1_"", ""ip"": ""0"", ""mt"": ""000000"", ""h"": ""-"", ""i"": ""36"", ""it"": ""12"", ""l"": ""-"", ""n"": ""中湛"", ""o"": ""-"", ""p"": ""0"", ""ex"": ""otc"", ""s"": ""-"", ""t"": ""13:30:00"", ""u"": ""18.4500"", ""v"": ""0"", ""w"": ""15.1500"", ""nf"": ""中湛股份有限公司"", ""y"": ""16.8000"", ""z"": ""-"", ""ts"": ""0""}",37730234383,11530906396,mis-probe-37730234383,1b4caf9efcbb0575771726b356751f177bba37439179cb14bfc9b8a9bc9a88e0,2026-10-08,2026-10-08T13:35:00+08:00,UNCALCULABLE_EVIDENCE_V1,d8fcacd07b965f537a310485ddfbdfef96f5df25,live/replay implementation base; diagnostic file hash identifies this uncommitted report generator,be28204cf9fc4a1a9edb20ce07b6838c503e385bafa0237a6a1b04ee9857f28a,2dd62b249a181d7045c957f0c33501cc574723cd,37742790398,2026-10-08T15:20:18.859+08:00,2026-10-08T17:27:03.597+08:00
6236,中湛,TPEx,otc,close_reference_C,2026-10-08T13:34:10.000+08:00,2026-10-08T13:34:10.000+08:00,2026-10-08T13:34:10.842+08:00,13:34:10,20261008,MISSING,MISSING,MISSING,MISSING,MISSING,13:30:00,-,-,0,-,-,20261008,MISSING,-,-,-,200,null,False,False,True,selected_result,0,1,29,6550d2287e85a4df0a8ec64d1c160e0dc59f57f02c6945a778432e2a5dbcb5cc,842.0,FRESH,no_trade_or_incomplete_identity,NO_NESTED_TRADE_ZERO_REPORTED_VOLUME,results/close_reference_C_raw.jsonl,1,776473020c3a315a7830eb9cd7529a970b86db8333a6313c2949d48c5d1d97ce,"{""@"": ""6236.tw"", ""tv"": ""-"", ""ps"": ""-"", ""pid"": ""20.otc.tw|1419251"", ""pz"": ""-"", ""bp"": ""0"", ""m%"": ""000000"", ""^"": ""20261008"", ""key"": ""otc_6236.tw_20261008"", ""a"": ""16.7500_18.3000_18.4500_"", ""b"": ""15.1500_"", ""c"": ""6236"", ""#"": ""20.otc.tw|1420658"", ""d"": ""20261008"", ""%"": ""13:30:00"", ""ch"": ""6236.tw"", ""tlong"": ""1791437400000"", ""f"": ""1_1_1_"", ""g"": ""1_"", ""ip"": ""0"", ""mt"": ""000000"", ""h"": ""-"", ""i"": ""36"", ""it"": ""12"", ""l"": ""-"", ""n"": ""中湛"", ""o"": ""-"", ""p"": ""0"", ""ex"": ""otc"", ""s"": ""-"", ""t"": ""13:30:00"", ""u"": ""18.4500"", ""v"": ""0"", ""w"": ""15.1500"", ""nf"": ""中湛股份有限公司"", ""y"": ""16.8000"", ""z"": ""-"", ""ts"": ""0""}",37730234383,11530906396,mis-probe-37730234383,1b4caf9efcbb0575771726b356751f177bba37439179cb14bfc9b8a9bc9a88e0,2026-10-08,2026-10-08T13:35:00+08:00,UNCALCULABLE_EVIDENCE_V1,d8fcacd07b965f537a310485ddfbdfef96f5df25,live/replay implementation base; diagnostic file hash identifies this uncommitted report generator,be28204cf9fc4a1a9edb20ce07b6838c503e385bafa0237a6a1b04ee9857f28a,2dd62b249a181d7045c957f0c33501cc574723cd,37742790398,2026-10-08T15:20:18.859+08:00,2026-10-08T17:27:03.597+08:00
6236,中湛,TPEx,otc,per_second_probe,MISSING,MISSING,MISSING,MISSING,MISSING,MISSING,MISSING,MISSING,MISSING,MISSING,MISSING,MISSING,MISSING,MISSING,MISSING,MISSING,MISSING,MISSING,MISSING,MISSING,MISSING,MISSING,NOT_SAMPLED,MISSING,MISSING,False,coverage_note,MISSING,MISSING,MISSING,MISSING,MISSING,MISSING,MISSING,MISSING,results/probe_raw.jsonl,MISSING,MISSING,MISSING,37730234383,11530906396,mis-probe-37730234383,1b4caf9efcbb0575771726b356751f177bba37439179cb14bfc9b8a9bc9a88e0,2026-10-08,2026-10-08T13:35:00+08:00,UNCALCULABLE_EVIDENCE_V1,d8fcacd07b965f537a310485ddfbdfef96f5df25,live/replay implementation base; diagnostic file hash identifies this uncommitted report generator,be28204cf9fc4a1a9edb20ce07b6838c503e385bafa0237a6a1b04ee9857f28a,2dd62b249a181d7045c957f0c33501cc574723cd,37742790398,2026-10-08T15:20:18.859+08:00,2026-10-08T17:27:03.597+08:00
6242,立康,TPEx,otc,preclose,2026-10-08T13:24:50.000+08:00,2026-10-08T13:24:56.041+08:00,2026-10-08T13:24:58.439+08:00,13:24:58,20261008,MISSING,MISSING,MISSING,MISSING,MISSING,11:45:53,-,-,0,-,-,20261008,MISSING,-,-,-,200,null,False,False,True,selected_result,0,12,50,950d80dfca412c0768cd6ed69b5dba5861326e268f0e3210def68a1b0dd2402a,439.0,FRESH,stale_cache,NO_NESTED_TRADE_ZERO_REPORTED_VOLUME,results/preclose_raw.jsonl,12,cba42d429cd827b6f67c9bccb2dbdf2502428051c00ac7457588258dff26ef49,"{""@"": ""6242.tw"", ""tv"": ""-"", ""ps"": ""-"", ""pid"": ""20.otc.tw|1357583"", ""pz"": ""-"", ""bp"": ""0"", ""m%"": ""602825"", ""^"": ""20261008"", ""key"": ""otc_6242.tw_20261008"", ""a"": ""34.0000_35.5500_36.8000_36.9000_37.0000_"", ""b"": ""33.8500_33.7500_33.7000_33.6000_33.3000_"", ""c"": ""6242"", ""#"": ""20.otc.tw|1360096"", ""d"": ""20261008"", ""%"": ""11:45:53"", ""ch"": ""6242.tw"", ""tlong"": ""1791431153000"", ""f"": ""1_2_1_1_1_"", ""g"": ""2_1_1_1_1_"", ""ip"": ""0"", ""mt"": ""602825"", ""h"": ""-"", ""i"": ""22"", ""it"": ""12"", ""l"": ""-"", ""n"": ""立康"", ""o"": ""-"", ""p"": ""0"", ""ex"": ""otc"", ""s"": ""-"", ""t"": ""11:45:53"", ""u"": ""37.2000"", ""v"": ""0"", ""w"": ""30.5000"", ""nf"": ""立康生醫事業股份有限公司"", ""y"": ""33.8500"", ""z"": ""-"", ""ts"": ""0""}",37730234383,11530906396,mis-probe-37730234383,1b4caf9efcbb0575771726b356751f177bba37439179cb14bfc9b8a9bc9a88e0,2026-10-08,2026-10-08T13:35:00+08:00,UNCALCULABLE_EVIDENCE_V1,d8fcacd07b965f537a310485ddfbdfef96f5df25,live/replay implementation base; diagnostic file hash identifies this uncommitted report generator,be28204cf9fc4a1a9edb20ce07b6838c503e385bafa0237a6a1b04ee9857f28a,2dd62b249a181d7045c957f0c33501cc574723cd,37742790398,2026-10-08T15:20:18.859+08:00,2026-10-08T17:27:03.597+08:00
6242,立康,TPEx,otc,pre_reference_A,2026-10-08T13:27:00.000+08:00,2026-10-08T13:27:05.690+08:00,2026-10-08T13:27:10.633+08:00,13:27:07,20261008,MISSING,MISSING,MISSING,MISSING,MISSING,13:25:04,-,-,0,-,-,20261008,MISSING,-,-,-,200,null,False,False,True,selected_result,0,12,50,950d80dfca412c0768cd6ed69b5dba5861326e268f0e3210def68a1b0dd2402a,3633.0,FRESH,no_trade_or_incomplete_identity,NO_NESTED_TRADE_ZERO_REPORTED_VOLUME,results/pre_reference_A_raw.jsonl,12,16cf4c0eda5a87252f49a561abe4f06c629145d93d466e87d5442eb9bdf1a416,"{""@"": ""6242.tw"", ""tv"": ""-"", ""ps"": ""-"", ""pid"": ""20.otc.tw|1378432"", ""pz"": ""-"", ""bp"": ""0"", ""m%"": ""048883"", ""^"": ""20261008"", ""key"": ""otc_6242.tw_20261008"", ""a"": ""34.0000_35.5500_36.8000_36.9000_37.0000_"", ""b"": ""33.8500_33.7500_33.7000_33.6000_33.3000_"", ""c"": ""6242"", ""#"": ""20.otc.tw|1382507"", ""d"": ""20261008"", ""%"": ""13:25:04"", ""ch"": ""6242.tw"", ""tlong"": ""1791437104000"", ""f"": ""1_2_1_1_1_"", ""g"": ""2_1_1_1_1_"", ""ip"": ""0"", ""mt"": ""048883"", ""h"": ""-"", ""i"": ""22"", ""it"": ""12"", ""l"": ""-"", ""n"": ""立康"", ""o"": ""-"", ""p"": ""0"", ""ex"": ""otc"", ""s"": ""-"", ""t"": ""13:25:04"", ""u"": ""37.2000"", ""v"": ""0"", ""w"": ""30.5000"", ""nf"": ""立康生醫事業股份有限公司"", ""y"": ""33.8500"", ""z"": ""-"", ""ts"": ""1""}",37730234383,11530906396,mis-probe-37730234383,1b4caf9efcbb0575771726b356751f177bba37439179cb14bfc9b8a9bc9a88e0,2026-10-08,2026-10-08T13:35:00+08:00,UNCALCULABLE_EVIDENCE_V1,d8fcacd07b965f537a310485ddfbdfef96f5df25,live/replay implementation base; diagnostic file hash identifies this uncommitted report generator,be28204cf9fc4a1a9edb20ce07b6838c503e385bafa0237a6a1b04ee9857f28a,2dd62b249a181d7045c957f0c33501cc574723cd,37742790398,2026-10-08T15:20:18.859+08:00,2026-10-08T17:27:03.597+08:00
6242,立康,TPEx,otc,pre_reference_B,2026-10-08T13:28:15.000+08:00,2026-10-08T13:28:22.102+08:00,2026-10-08T13:28:26.111+08:00,13:28:24,20261008,MISSING,MISSING,MISSING,MISSING,MISSING,13:25:04,-,-,0,-,-,20261008,MISSING,-,-,-,200,null,False,False,True,selected_result,0,12,50,950d80dfca412c0768cd6ed69b5dba5861326e268f0e3210def68a1b0dd2402a,2111.0,FRESH,no_trade_or_incomplete_identity,NO_NESTED_TRADE_ZERO_REPORTED_VOLUME,results/pre_reference_B_raw.jsonl,12,a02f9435409a5b7df1f8cd6b4a27cd3bc669088981ed9bfc81bc052b1bfa98dc,"{""@"": ""6242.tw"", ""tv"": ""-"", ""ps"": ""-"", ""pid"": ""20.otc.tw|1390047"", ""pz"": ""-"", ""bp"": ""0"", ""m%"": ""048883"", ""^"": ""20261008"", ""key"": ""otc_6242.tw_20261008"", ""a"": ""34.0000_35.5500_36.8000_36.9000_37.0000_"", ""b"": ""33.8500_33.7500_33.7000_33.6000_33.3000_"", ""c"": ""6242"", ""#"": ""20.otc.tw|1393941"", ""d"": ""20261008"", ""%"": ""13:25:04"", ""ch"": ""6242.tw"", ""tlong"": ""1791437104000"", ""f"": ""1_2_1_1_1_"", ""g"": ""2_1_1_1_1_"", ""ip"": ""0"", ""mt"": ""048883"", ""h"": ""-"", ""i"": ""22"", ""it"": ""12"", ""l"": ""-"", ""n"": ""立康"", ""o"": ""-"", ""p"": ""0"", ""ex"": ""otc"", ""s"": ""-"", ""t"": ""13:25:04"", ""u"": ""37.2000"", ""v"": ""0"", ""w"": ""30.5000"", ""nf"": ""立康生醫事業股份有限公司"", ""y"": ""33.8500"", ""z"": ""-"", ""ts"": ""1""}",37730234383,11530906396,mis-probe-37730234383,1b4caf9efcbb0575771726b356751f177bba37439179cb14bfc9b8a9bc9a88e0,2026-10-08,2026-10-08T13:35:00+08:00,UNCALCULABLE_EVIDENCE_V1,d8fcacd07b965f537a310485ddfbdfef96f5df25,live/replay implementation base; diagnostic file hash identifies this uncommitted report generator,be28204cf9fc4a1a9edb20ce07b6838c503e385bafa0237a6a1b04ee9857f28a,2dd62b249a181d7045c957f0c33501cc574723cd,37742790398,2026-10-08T15:20:18.859+08:00,2026-10-08T17:27:03.597+08:00
6242,立康,TPEx,otc,pre_targeted_retry,2026-10-08T13:28:48.457+08:00,2026-10-08T13:28:48.458+08:00,2026-10-08T13:28:50.611+08:00,13:28:49,20261008,MISSING,MISSING,MISSING,MISSING,MISSING,13:25:04,-,-,0,-,-,20261008,MISSING,-,-,-,200,null,False,False,True,selected_result,0,2,50,2914eee9550e758c1ce62131e725348dd7be1e7a32fc8009de8eb833e2412b01,1611.0,FRESH,no_trade_or_incomplete_identity,NO_NESTED_TRADE_ZERO_REPORTED_VOLUME,results/pre_targeted_retry_raw.jsonl,2,e52e465e3454c558df5c39e0a42693451007c030b26a2c1970f9c667fbfa20e4,"{""@"": ""6242.tw"", ""tv"": ""-"", ""ps"": ""-"", ""pid"": ""20.otc.tw|1390047"", ""pz"": ""-"", ""bp"": ""0"", ""m%"": ""048883"", ""^"": ""20261008"", ""key"": ""otc_6242.tw_20261008"", ""a"": ""34.0000_35.5500_36.8000_36.9000_37.0000_"", ""b"": ""33.8500_33.7500_33.7000_33.6000_33.3000_"", ""c"": ""6242"", ""#"": ""20.otc.tw|1393941"", ""d"": ""20261008"", ""%"": ""13:25:04"", ""ch"": ""6242.tw"", ""tlong"": ""1791437104000"", ""f"": ""1_2_1_1_1_"", ""g"": ""2_1_1_1_1_"", ""ip"": ""0"", ""mt"": ""048883"", ""h"": ""-"", ""i"": ""22"", ""it"": ""12"", ""l"": ""-"", ""n"": ""立康"", ""o"": ""-"", ""p"": ""0"", ""ex"": ""otc"", ""s"": ""-"", ""t"": ""13:25:04"", ""u"": ""37.2000"", ""v"": ""0"", ""w"": ""30.5000"", ""nf"": ""立康生醫事業股份有限公司"", ""y"": ""33.8500"", ""z"": ""-"", ""ts"": ""1""}",37730234383,11530906396,mis-probe-37730234383,1b4caf9efcbb0575771726b356751f177bba37439179cb14bfc9b8a9bc9a88e0,2026-10-08,2026-10-08T13:35:00+08:00,UNCALCULABLE_EVIDENCE_V1,d8fcacd07b965f537a310485ddfbdfef96f5df25,live/replay implementation base; diagnostic file hash identifies this uncommitted report generator,be28204cf9fc4a1a9edb20ce07b6838c503e385bafa0237a6a1b04ee9857f28a,2dd62b249a181d7045c957f0c33501cc574723cd,37742790398,2026-10-08T15:20:18.859+08:00,2026-10-08T17:27:03.597+08:00
6242,立康,TPEx,otc,pre_targeted_retry,2026-10-08T13:28:57.201+08:00,2026-10-08T13:28:57.201+08:00,2026-10-08T13:28:58.004+08:00,MISSING,MISSING,MISSING,MISSING,MISSING,MISSING,MISSING,MISSING,MISSING,MISSING,MISSING,MISSING,MISSING,MISSING,MISSING,MISSING,MISSING,MISSING,null,RESPONSE_AFTER_CAPTURE_DEADLINE:URLError:<urlopen error timed out>,True,False,True,HTTP_attempt,0,1,25,248ef639ea777795f75262d307ea71aa2ea127a7cbb84226f95511e1565f3950,null,NOT_FRESH_OR_UNAVAILABLE,RESPONSE_AFTER_CAPTURE_DEADLINE:URLError:<urlopen error timed out>,NO_RESPONSE_ITEM,results/pre_targeted_retry_raw.jsonl,4,5f26b410f8b93db9844cc880f137cf9653c7a33ef31353cec3dd6d7ac17220b2,MISSING,37730234383,11530906396,mis-probe-37730234383,1b4caf9efcbb0575771726b356751f177bba37439179cb14bfc9b8a9bc9a88e0,2026-10-08,2026-10-08T13:35:00+08:00,UNCALCULABLE_EVIDENCE_V1,d8fcacd07b965f537a310485ddfbdfef96f5df25,live/replay implementation base; diagnostic file hash identifies this uncommitted report generator,be28204cf9fc4a1a9edb20ce07b6838c503e385bafa0237a6a1b04ee9857f28a,2dd62b249a181d7045c957f0c33501cc574723cd,37742790398,2026-10-08T15:20:18.859+08:00,2026-10-08T17:27:03.597+08:00
6242,立康,TPEx,otc,pre_targeted_retry,2026-10-08T13:28:57.201+08:00,2026-10-08T13:28:58.505+08:00,2026-10-08T13:28:58.505+08:00,MISSING,MISSING,MISSING,MISSING,MISSING,MISSING,MISSING,MISSING,MISSING,MISSING,MISSING,MISSING,MISSING,MISSING,MISSING,MISSING,MISSING,MISSING,null,CAPTURE_DEADLINE_NO_REQUEST,True,False,False,selected_result,null,1,25,248ef639ea777795f75262d307ea71aa2ea127a7cbb84226f95511e1565f3950,null,NOT_FRESH_OR_UNAVAILABLE,CAPTURE_DEADLINE_NO_REQUEST,NO_RESPONSE_ITEM,results/pre_targeted_retry_raw.jsonl,4,5f26b410f8b93db9844cc880f137cf9653c7a33ef31353cec3dd6d7ac17220b2,MISSING,37730234383,11530906396,mis-probe-37730234383,1b4caf9efcbb0575771726b356751f177bba37439179cb14bfc9b8a9bc9a88e0,2026-10-08,2026-10-08T13:35:00+08:00,UNCALCULABLE_EVIDENCE_V1,d8fcacd07b965f537a310485ddfbdfef96f5df25,live/replay implementation base; diagnostic file hash identifies this uncommitted report generator,be28204cf9fc4a1a9edb20ce07b6838c503e385bafa0237a6a1b04ee9857f28a,2dd62b249a181d7045c957f0c33501cc574723cd,37742790398,2026-10-08T15:20:18.859+08:00,2026-10-08T17:27:03.597+08:00
6242,立康,TPEx,otc,pre_reference_C,2026-10-08T13:29:00.000+08:00,2026-10-08T13:29:06.111+08:00,2026-10-08T13:29:14.264+08:00,13:28:24,20261008,48121,MISSING,MISSING,MISSING,MISSING,13:25:04,-,-,0,-,-,20261008,MISSING,-,-,-,200,null,False,False,True,selected_result,0,12,50,950d80dfca412c0768cd6ed69b5dba5861326e268f0e3210def68a1b0dd2402a,50264.0,NOT_FRESH_OR_UNAVAILABLE,stale_cache,NO_NESTED_TRADE_ZERO_REPORTED_VOLUME,results/pre_reference_C_raw.jsonl,12,8eb976df32d1bc5bedf6b9b2ef376c06f6d7d543d2dda07f1ce4e9776a2fbd94,"{""@"": ""6242.tw"", ""tv"": ""-"", ""ps"": ""-"", ""pid"": ""20.otc.tw|1390047"", ""pz"": ""-"", ""bp"": ""0"", ""m%"": ""048883"", ""^"": ""20261008"", ""key"": ""otc_6242.tw_20261008"", ""a"": ""34.0000_35.5500_36.8000_36.9000_37.0000_"", ""b"": ""33.8500_33.7500_33.7000_33.6000_33.3000_"", ""c"": ""6242"", ""#"": ""20.otc.tw|1393941"", ""d"": ""20261008"", ""%"": ""13:25:04"", ""ch"": ""6242.tw"", ""tlong"": ""1791437104000"", ""f"": ""1_2_1_1_1_"", ""g"": ""2_1_1_1_1_"", ""ip"": ""0"", ""mt"": ""048883"", ""h"": ""-"", ""i"": ""22"", ""it"": ""12"", ""l"": ""-"", ""n"": ""立康"", ""o"": ""-"", ""p"": ""0"", ""ex"": ""otc"", ""s"": ""-"", ""t"": ""13:25:04"", ""u"": ""37.2000"", ""v"": ""0"", ""w"": ""30.5000"", ""nf"": ""立康生醫事業股份有限公司"", ""y"": ""33.8500"", ""z"": ""-"", ""ts"": ""1""}",37730234383,11530906396,mis-probe-37730234383,1b4caf9efcbb0575771726b356751f177bba37439179cb14bfc9b8a9bc9a88e0,2026-10-08,2026-10-08T13:35:00+08:00,UNCALCULABLE_EVIDENCE_V1,d8fcacd07b965f537a310485ddfbdfef96f5df25,live/replay implementation base; diagnostic file hash identifies this uncommitted report generator,be28204cf9fc4a1a9edb20ce07b6838c503e385bafa0237a6a1b04ee9857f28a,2dd62b249a181d7045c957f0c33501cc574723cd,37742790398,2026-10-08T15:20:18.859+08:00,2026-10-08T17:27:03.597+08:00
6242,立康,TPEx,otc,pre_targeted_retry,2026-10-08T13:29:25.164+08:00,2026-10-08T13:29:25.164+08:00,2026-10-08T13:29:26.413+08:00,13:29:26,20261008,MISSING,MISSING,MISSING,MISSING,MISSING,13:25:04,-,-,0,-,-,20261008,MISSING,-,-,-,200,null,False,False,True,selected_result,0,1,25,248ef639ea777795f75262d307ea71aa2ea127a7cbb84226f95511e1565f3950,413.0,FRESH,no_trade_or_incomplete_identity,NO_NESTED_TRADE_ZERO_REPORTED_VOLUME,results/pre_targeted_retry_raw.jsonl,5,0c1134bcaf38056edad5878f09621ec4ba8e54998c4e4f98959e48041108ccfd,"{""@"": ""6242.tw"", ""tv"": ""-"", ""ps"": ""-"", ""pid"": ""20.otc.tw|1393941"", ""pz"": ""-"", ""bp"": ""0"", ""m%"": ""048883"", ""^"": ""20261008"", ""key"": ""otc_6242.tw_20261008"", ""a"": ""34.0000_35.5500_36.8000_36.9000_37.0000_"", ""b"": ""33.8500_33.7500_33.7000_33.6000_33.3000_"", ""c"": ""6242"", ""#"": ""20.otc.tw|1397974"", ""d"": ""20261008"", ""%"": ""13:25:04"", ""ch"": ""6242.tw"", ""tlong"": ""1791437104000"", ""f"": ""1_2_1_1_1_"", ""g"": ""2_1_1_1_1_"", ""ip"": ""0"", ""mt"": ""048883"", ""h"": ""-"", ""i"": ""22"", ""it"": ""12"", ""l"": ""-"", ""n"": ""立康"", ""o"": ""-"", ""p"": ""0"", ""ex"": ""otc"", ""s"": ""-"", ""t"": ""13:25:04"", ""u"": ""37.2000"", ""v"": ""0"", ""w"": ""30.5000"", ""nf"": ""立康生醫事業股份有限公司"", ""y"": ""33.8500"", ""z"": ""-"", ""ts"": ""1""}",37730234383,11530906396,mis-probe-37730234383,1b4caf9efcbb0575771726b356751f177bba37439179cb14bfc9b8a9bc9a88e0,2026-10-08,2026-10-08T13:35:00+08:00,UNCALCULABLE_EVIDENCE_V1,d8fcacd07b965f537a310485ddfbdfef96f5df25,live/replay implementation base; diagnostic file hash identifies this uncommitted report generator,be28204cf9fc4a1a9edb20ce07b6838c503e385bafa0237a6a1b04ee9857f28a,2dd62b249a181d7045c957f0c33501cc574723cd,37742790398,2026-10-08T15:20:18.859+08:00,2026-10-08T17:27:03.597+08:00
6242,立康,TPEx,otc,close_reference_A,2026-10-08T13:32:30.000+08:00,2026-10-08T13:32:33.032+08:00,2026-10-08T13:32:34.485+08:00,13:32:34,20261008,MISSING,MISSING,MISSING,MISSING,MISSING,13:30:00,-,-,0,-,-,20261008,MISSING,-,-,-,200,null,False,False,True,selected_result,0,12,50,950d80dfca412c0768cd6ed69b5dba5861326e268f0e3210def68a1b0dd2402a,485.0,FRESH,no_trade_or_incomplete_identity,NO_NESTED_TRADE_ZERO_REPORTED_VOLUME,results/close_reference_A_raw.jsonl,12,9928f1ca1da82b85228a7bd710d89991be62a777898788eb428067a14a0de471,"{""@"": ""6242.tw"", ""tv"": ""-"", ""ps"": ""-"", ""pid"": ""20.otc.tw|1416470"", ""pz"": ""-"", ""bp"": ""0"", ""m%"": ""000000"", ""^"": ""20261008"", ""key"": ""otc_6242.tw_20261008"", ""a"": ""34.0000_35.5500_36.8000_36.9000_37.0000_"", ""b"": ""33.9000_33.8500_33.7500_33.7000_33.6000_"", ""c"": ""6242"", ""#"": ""20.otc.tw|1417861"", ""d"": ""20261008"", ""%"": ""13:30:00"", ""ch"": ""6242.tw"", ""tlong"": ""1791437400000"", ""f"": ""1_2_1_1_1_"", ""g"": ""1_2_1_1_1_"", ""ip"": ""0"", ""mt"": ""000000"", ""h"": ""-"", ""i"": ""22"", ""it"": ""12"", ""l"": ""-"", ""n"": ""立康"", ""o"": ""-"", ""p"": ""0"", ""ex"": ""otc"", ""s"": ""-"", ""t"": ""13:30:00"", ""u"": ""37.2000"", ""v"": ""0"", ""w"": ""30.5000"", ""nf"": ""立康生醫事業股份有限公司"", ""y"": ""33.8500"", ""z"": ""-"", ""ts"": ""0""}",37730234383,11530906396,mis-probe-37730234383,1b4caf9efcbb0575771726b356751f177bba37439179cb14bfc9b8a9bc9a88e0,2026-10-08,2026-10-08T13:35:00+08:00,UNCALCULABLE_EVIDENCE_V1,d8fcacd07b965f537a310485ddfbdfef96f5df25,live/replay implementation base; diagnostic file hash identifies this uncommitted report generator,be28204cf9fc4a1a9edb20ce07b6838c503e385bafa0237a6a1b04ee9857f28a,2dd62b249a181d7045c957f0c33501cc574723cd,37742790398,2026-10-08T15:20:18.859+08:00,2026-10-08T17:27:03.597+08:00
6242,立康,TPEx,otc,close_reference_B,2026-10-08T13:33:20.000+08:00,2026-10-08T13:33:44.129+08:00,2026-10-08T13:33:46.552+08:00,13:33:45,20261008,MISSING,MISSING,MISSING,MISSING,MISSING,13:30:00,-,-,0,-,-,20261008,MISSING,-,-,-,200,null,False,False,True,selected_result,0,29,50,9c9fd364dd3ea804f994bb3f60abd51108e27772d7919cf81b5d280dd21bdad5,1552.0,FRESH,no_trade_or_incomplete_identity,NO_NESTED_TRADE_ZERO_REPORTED_VOLUME,results/close_reference_B_raw.jsonl,29,754ac96d9c7a7e03cb2a930f36ec624f6cdb2947fafb194f4b2d4c582baf5ec0,"{""@"": ""6242.tw"", ""tv"": ""-"", ""ps"": ""-"", ""pid"": ""20.otc.tw|1419255"", ""pz"": ""-"", ""bp"": ""0"", ""m%"": ""000000"", ""^"": ""20261008"", ""key"": ""otc_6242.tw_20261008"", ""a"": ""34.0000_35.5500_36.8000_36.9000_37.0000_"", ""b"": ""33.9000_33.8500_33.7500_33.7000_33.6000_"", ""c"": ""6242"", ""#"": ""20.otc.tw|1420662"", ""d"": ""20261008"", ""%"": ""13:30:00"", ""ch"": ""6242.tw"", ""tlong"": ""1791437400000"", ""f"": ""1_2_1_1_1_"", ""g"": ""1_2_1_1_1_"", ""ip"": ""0"", ""mt"": ""000000"", ""h"": ""-"", ""i"": ""22"", ""it"": ""12"", ""l"": ""-"", ""n"": ""立康"", ""o"": ""-"", ""p"": ""0"", ""ex"": ""otc"", ""s"": ""-"", ""t"": ""13:30:00"", ""u"": ""37.2000"", ""v"": ""0"", ""w"": ""30.5000"", ""nf"": ""立康生醫事業股份有限公司"", ""y"": ""33.8500"", ""z"": ""-"", ""ts"": ""0""}",37730234383,11530906396,mis-probe-37730234383,1b4caf9efcbb0575771726b356751f177bba37439179cb14bfc9b8a9bc9a88e0,2026-10-08,2026-10-08T13:35:00+08:00,UNCALCULABLE_EVIDENCE_V1,d8fcacd07b965f537a310485ddfbdfef96f5df25,live/replay implementation base; diagnostic file hash identifies this uncommitted report generator,be28204cf9fc4a1a9edb20ce07b6838c503e385bafa0237a6a1b04ee9857f28a,2dd62b249a181d7045c957f0c33501cc574723cd,37742790398,2026-10-08T15:20:18.859+08:00,2026-10-08T17:27:03.597+08:00
6242,立康,TPEx,otc,close_reference_C,2026-10-08T13:34:10.000+08:00,2026-10-08T13:34:10.000+08:00,2026-10-08T13:34:10.842+08:00,13:34:10,20261008,MISSING,MISSING,MISSING,MISSING,MISSING,13:30:00,-,-,0,-,-,20261008,MISSING,-,-,-,200,null,False,False,True,selected_result,0,1,29,6550d2287e85a4df0a8ec64d1c160e0dc59f57f02c6945a778432e2a5dbcb5cc,842.0,FRESH,no_trade_or_incomplete_identity,NO_NESTED_TRADE_ZERO_REPORTED_VOLUME,results/close_reference_C_raw.jsonl,1,776473020c3a315a7830eb9cd7529a970b86db8333a6313c2949d48c5d1d97ce,"{""@"": ""6242.tw"", ""tv"": ""-"", ""ps"": ""-"", ""pid"": ""20.otc.tw|1419255"", ""pz"": ""-"", ""bp"": ""0"", ""m%"": ""000000"", ""^"": ""20261008"", ""key"": ""otc_6242.tw_20261008"", ""a"": ""34.0000_35.5500_36.8000_36.9000_37.0000_"", ""b"": ""33.9000_33.8500_33.7500_33.7000_33.6000_"", ""c"": ""6242"", ""#"": ""20.otc.tw|1420662"", ""d"": ""20261008"", ""%"": ""13:30:00"", ""ch"": ""6242.tw"", ""tlong"": ""1791437400000"", ""f"": ""1_2_1_1_1_"", ""g"": ""1_2_1_1_1_"", ""ip"": ""0"", ""mt"": ""000000"", ""h"": ""-"", ""i"": ""22"", ""it"": ""12"", ""l"": ""-"", ""n"": ""立康"", ""o"": ""-"", ""p"": ""0"", ""ex"": ""otc"", ""s"": ""-"", ""t"": ""13:30:00"", ""u"": ""37.2000"", ""v"": ""0"", ""w"": ""30.5000"", ""nf"": ""立康生醫事業股份有限公司"", ""y"": ""33.8500"", ""z"": ""-"", ""ts"": ""0""}",37730234383,11530906396,mis-probe-37730234383,1b4caf9efcbb0575771726b356751f177bba37439179cb14bfc9b8a9bc9a88e0,2026-10-08,2026-10-08T13:35:00+08:00,UNCALCULABLE_EVIDENCE_V1,d8fcacd07b965f537a310485ddfbdfef96f5df25,live/replay implementation base; diagnostic file hash identifies this uncommitted report generator,be28204cf9fc4a1a9edb20ce07b6838c503e385bafa0237a6a1b04ee9857f28a,2dd62b249a181d7045c957f0c33501cc574723cd,37742790398,2026-10-08T15:20:18.859+08:00,2026-10-08T17:27:03.597+08:00
6242,立康,TPEx,otc,per_second_probe,MISSING,MISSING,MISSING,MISSING,MISSING,MISSING,MISSING,MISSING,MISSING,MISSING,MISSING,MISSING,MISSING,MISSING,MISSING,MISSING,MISSING,MISSING,MISSING,MISSING,MISSING,MISSING,NOT_SAMPLED,MISSING,MISSING,False,coverage_note,MISSING,MISSING,MISSING,MISSING,MISSING,MISSING,MISSING,MISSING,results/probe_raw.jsonl,MISSING,MISSING,MISSING,37730234383,11530906396,mis-probe-37730234383,1b4caf9efcbb0575771726b356751f177bba37439179cb14bfc9b8a9bc9a88e0,2026-10-08,2026-10-08T13:35:00+08:00,UNCALCULABLE_EVIDENCE_V1,d8fcacd07b965f537a310485ddfbdfef96f5df25,live/replay implementation base; diagnostic file hash identifies this uncommitted report generator,be28204cf9fc4a1a9edb20ce07b6838c503e385bafa0237a6a1b04ee9857f28a,2dd62b249a181d7045c957f0c33501cc574723cd,37742790398,2026-10-08T15:20:18.859+08:00,2026-10-08T17:27:03.597+08:00
6661,威健生技,TPEx,otc,preclose,2026-10-08T13:24:50.000+08:00,2026-10-08T13:24:56.108+08:00,2026-10-08T13:24:58.274+08:00,13:24:57,20261008,MISSING,MISSING,MISSING,MISSING,MISSING,13:14:43,-,-,0,-,-,20261008,MISSING,-,-,-,200,null,False,False,True,selected_result,0,13,50,f7a8548e5f9a78ddc569eaa713dd25bd289ff31a2a2fe2cbf7ba774215336823,1274.0,FRESH,stale_cache,NO_NESTED_TRADE_ZERO_REPORTED_VOLUME,results/preclose_raw.jsonl,13,67c03e3f06253ceaf3a43272053a9c7e41d411503454350190c2adf48ddb9c60,"{""@"": ""6661.tw"", ""tv"": ""-"", ""ps"": ""-"", ""pid"": ""20.otc.tw|1356773"", ""pz"": ""-"", ""bp"": ""0"", ""m%"": ""812487"", ""^"": ""20261008"", ""key"": ""otc_6661.tw_20261008"", ""a"": ""17.0500_17.2000_17.2500_17.5000_17.6500_"", ""b"": ""16.5000_16.3000_16.1500_16.1000_16.0500_"", ""c"": ""6661"", ""#"": ""20.otc.tw|1359303"", ""d"": ""20261008"", ""%"": ""13:14:43"", ""ch"": ""6661.tw"", ""tlong"": ""1791436483000"", ""f"": ""1_1_1_1_1_"", ""g"": ""1_1_1_1_2_"", ""ip"": ""0"", ""mt"": ""812487"", ""h"": ""-"", ""i"": ""22"", ""it"": ""12"", ""l"": ""-"", ""n"": ""威健生技"", ""o"": ""-"", ""p"": ""0"", ""ex"": ""otc"", ""s"": ""-"", ""t"": ""13:14:43"", ""u"": ""18.9000"", ""v"": ""0"", ""w"": ""15.5000"", ""nf"": ""威健股份有限公司"", ""y"": ""17.2000"", ""z"": ""-"", ""ts"": ""0""}",37730234383,11530906396,mis-probe-37730234383,1b4caf9efcbb0575771726b356751f177bba37439179cb14bfc9b8a9bc9a88e0,2026-10-08,2026-10-08T13:35:00+08:00,UNCALCULABLE_EVIDENCE_V1,d8fcacd07b965f537a310485ddfbdfef96f5df25,live/replay implementation base; diagnostic file hash identifies this uncommitted report generator,be28204cf9fc4a1a9edb20ce07b6838c503e385bafa0237a6a1b04ee9857f28a,2dd62b249a181d7045c957f0c33501cc574723cd,37742790398,2026-10-08T15:20:18.859+08:00,2026-10-08T17:27:03.597+08:00
6661,威健生技,TPEx,otc,pre_reference_A,2026-10-08T13:27:00.000+08:00,2026-10-08T13:27:05.801+08:00,2026-10-08T13:27:07.487+08:00,13:27:06,20261008,MISSING,MISSING,MISSING,MISSING,MISSING,13:25:08,-,-,0,-,-,20261008,MISSING,-,-,-,200,null,False,False,True,selected_result,0,13,50,f7a8548e5f9a78ddc569eaa713dd25bd289ff31a2a2fe2cbf7ba774215336823,1487.0,FRESH,no_trade_or_incomplete_identity,NO_NESTED_TRADE_ZERO_REPORTED_VOLUME,results/pre_reference_A_raw.jsonl,13,2526c6baffea0d35fc116c61395583bb6e805789a36aeb959e9325b04f460331,"{""@"": ""6661.tw"", ""tv"": ""-"", ""ps"": ""-"", ""pid"": ""20.otc.tw|1367948"", ""pz"": ""-"", ""bp"": ""0"", ""m%"": ""463016"", ""^"": ""20261008"", ""key"": ""otc_6661.tw_20261008"", ""a"": ""17.0500_17.2000_17.2500_17.5000_17.6500_"", ""b"": ""16.5000_16.3000_16.1500_16.1000_16.0500_"", ""c"": ""6661"", ""#"": ""20.otc.tw|1374600"", ""d"": ""20261008"", ""%"": ""13:25:08"", ""ch"": ""6661.tw"", ""tlong"": ""1791437108000"", ""f"": ""1_1_1_1_1_"", ""g"": ""1_1_1_1_2_"", ""ip"": ""0"", ""mt"": ""463016"", ""h"": ""-"", ""i"": ""22"", ""it"": ""12"", ""l"": ""-"", ""n"": ""威健生技"", ""o"": ""-"", ""p"": ""0"", ""ex"": ""otc"", ""s"": ""-"", ""t"": ""13:25:08"", ""u"": ""18.9000"", ""v"": ""0"", ""w"": ""15.5000"", ""nf"": ""威健股份有限公司"", ""y"": ""17.2000"", ""z"": ""-"", ""ts"": ""1""}",37730234383,11530906396,mis-probe-37730234383,1b4caf9efcbb0575771726b356751f177bba37439179cb14bfc9b8a9bc9a88e0,2026-10-08,2026-10-08T13:35:00+08:00,UNCALCULABLE_EVIDENCE_V1,d8fcacd07b965f537a310485ddfbdfef96f5df25,live/replay implementation base; diagnostic file hash identifies this uncommitted report generator,be28204cf9fc4a1a9edb20ce07b6838c503e385bafa0237a6a1b04ee9857f28a,2dd62b249a181d7045c957f0c33501cc574723cd,37742790398,2026-10-08T15:20:18.859+08:00,2026-10-08T17:27:03.597+08:00
6661,威健生技,TPEx,otc,pre_reference_B,2026-10-08T13:28:15.000+08:00,2026-10-08T13:28:22.713+08:00,2026-10-08T13:28:25.212+08:00,13:28:24,20261008,MISSING,MISSING,MISSING,MISSING,MISSING,13:25:08,-,-,0,-,-,20261008,MISSING,-,-,-,200,null,False,False,True,selected_result,0,13,50,f7a8548e5f9a78ddc569eaa713dd25bd289ff31a2a2fe2cbf7ba774215336823,1212.0,FRESH,no_trade_or_incomplete_identity,NO_NESTED_TRADE_ZERO_REPORTED_VOLUME,results/pre_reference_B_raw.jsonl,13,fe0322b7ac6370aed4da021b88ad8ae2cb24fabfdf2d30e3a626e049b8cf128a,"{""@"": ""6661.tw"", ""tv"": ""-"", ""ps"": ""-"", ""pid"": ""20.otc.tw|1386963"", ""pz"": ""-"", ""bp"": ""0"", ""m%"": ""463016"", ""^"": ""20261008"", ""key"": ""otc_6661.tw_20261008"", ""a"": ""17.0500_17.2000_17.2500_17.5000_17.6500_"", ""b"": ""16.5000_16.3000_16.1500_16.1000_16.0500_"", ""c"": ""6661"", ""#"": ""20.otc.tw|1390698"", ""d"": ""20261008"", ""%"": ""13:25:08"", ""ch"": ""6661.tw"", ""tlong"": ""1791437108000"", ""f"": ""1_1_1_1_1_"", ""g"": ""1_1_1_1_2_"", ""ip"": ""0"", ""mt"": ""463016"", ""h"": ""-"", ""i"": ""22"", ""it"": ""12"", ""l"": ""-"", ""n"": ""威健生技"", ""o"": ""-"", ""p"": ""0"", ""ex"": ""otc"", ""s"": ""-"", ""t"": ""13:25:08"", ""u"": ""18.9000"", ""v"": ""0"", ""w"": ""15.5000"", ""nf"": ""威健股份有限公司"", ""y"": ""17.2000"", ""z"": ""-"", ""ts"": ""1""}",37730234383,11530906396,mis-probe-37730234383,1b4caf9efcbb0575771726b356751f177bba37439179cb14bfc9b8a9bc9a88e0,2026-10-08,2026-10-08T13:35:00+08:00,UNCALCULABLE_EVIDENCE_V1,d8fcacd07b965f537a310485ddfbdfef96f5df25,live/replay implementation base; diagnostic file hash identifies this uncommitted report generator,be28204cf9fc4a1a9edb20ce07b6838c503e385bafa0237a6a1b04ee9857f28a,2dd62b249a181d7045c957f0c33501cc574723cd,37742790398,2026-10-08T15:20:18.859+08:00,2026-10-08T17:27:03.597+08:00
6661,威健生技,TPEx,otc,pre_targeted_retry,2026-10-08T13:28:48.457+08:00,2026-10-08T13:28:48.459+08:00,2026-10-08T13:28:50.437+08:00,13:28:49,20261008,MISSING,MISSING,MISSING,MISSING,MISSING,13:25:08,-,-,0,-,-,20261008,MISSING,-,-,-,200,null,False,False,True,selected_result,0,3,39,fcf0d3c316124e6be0f20b6125219739e6f1c2cb9ffa834badf2bb99872a8b08,1437.0,FRESH,no_trade_or_incomplete_identity,NO_NESTED_TRADE_ZERO_REPORTED_VOLUME,results/pre_targeted_retry_raw.jsonl,3,d0c2509fcbc842a18f80fe6ff68c1637f7fa5ac9e78c527b23152de701b62e32,"{""@"": ""6661.tw"", ""tv"": ""-"", ""ps"": ""-"", ""pid"": ""20.otc.tw|1386963"", ""pz"": ""-"", ""bp"": ""0"", ""m%"": ""463016"", ""^"": ""20261008"", ""key"": ""otc_6661.tw_20261008"", ""a"": ""17.0500_17.2000_17.2500_17.5000_17.6500_"", ""b"": ""16.5000_16.3000_16.1500_16.1000_16.0500_"", ""c"": ""6661"", ""#"": ""20.otc.tw|1390698"", ""d"": ""20261008"", ""%"": ""13:25:08"", ""ch"": ""6661.tw"", ""tlong"": ""1791437108000"", ""f"": ""1_1_1_1_1_"", ""g"": ""1_1_1_1_2_"", ""ip"": ""0"", ""mt"": ""463016"", ""h"": ""-"", ""i"": ""22"", ""it"": ""12"", ""l"": ""-"", ""n"": ""威健生技"", ""o"": ""-"", ""p"": ""0"", ""ex"": ""otc"", ""s"": ""-"", ""t"": ""13:25:08"", ""u"": ""18.9000"", ""v"": ""0"", ""w"": ""15.5000"", ""nf"": ""威健股份有限公司"", ""y"": ""17.2000"", ""z"": ""-"", ""ts"": ""1""}",37730234383,11530906396,mis-probe-37730234383,1b4caf9efcbb0575771726b356751f177bba37439179cb14bfc9b8a9bc9a88e0,2026-10-08,2026-10-08T13:35:00+08:00,UNCALCULABLE_EVIDENCE_V1,d8fcacd07b965f537a310485ddfbdfef96f5df25,live/replay implementation base; diagnostic file hash identifies this uncommitted report generator,be28204cf9fc4a1a9edb20ce07b6838c503e385bafa0237a6a1b04ee9857f28a,2dd62b249a181d7045c957f0c33501cc574723cd,37742790398,2026-10-08T15:20:18.859+08:00,2026-10-08T17:27:03.597+08:00
6661,威健生技,TPEx,otc,pre_targeted_retry,2026-10-08T13:28:57.201+08:00,2026-10-08T13:28:57.201+08:00,2026-10-08T13:28:58.004+08:00,MISSING,MISSING,MISSING,MISSING,MISSING,MISSING,MISSING,MISSING,MISSING,MISSING,MISSING,MISSING,MISSING,MISSING,MISSING,MISSING,MISSING,MISSING,null,RESPONSE_AFTER_CAPTURE_DEADLINE:URLError:<urlopen error timed out>,True,False,True,HTTP_attempt,0,1,25,248ef639ea777795f75262d307ea71aa2ea127a7cbb84226f95511e1565f3950,null,NOT_FRESH_OR_UNAVAILABLE,RESPONSE_AFTER_CAPTURE_DEADLINE:URLError:<urlopen error timed out>,NO_RESPONSE_ITEM,results/pre_targeted_retry_raw.jsonl,4,5f26b410f8b93db9844cc880f137cf9653c7a33ef31353cec3dd6d7ac17220b2,MISSING,37730234383,11530906396,mis-probe-37730234383,1b4caf9efcbb0575771726b356751f177bba37439179cb14bfc9b8a9bc9a88e0,2026-10-08,2026-10-08T13:35:00+08:00,UNCALCULABLE_EVIDENCE_V1,d8fcacd07b965f537a310485ddfbdfef96f5df25,live/replay implementation base; diagnostic file hash identifies this uncommitted report generator,be28204cf9fc4a1a9edb20ce07b6838c503e385bafa0237a6a1b04ee9857f28a,2dd62b249a181d7045c957f0c33501cc574723cd,37742790398,2026-10-08T15:20:18.859+08:00,2026-10-08T17:27:03.597+08:00
6661,威健生技,TPEx,otc,pre_targeted_retry,2026-10-08T13:28:57.201+08:00,2026-10-08T13:28:58.505+08:00,2026-10-08T13:28:58.505+08:00,MISSING,MISSING,MISSING,MISSING,MISSING,MISSING,MISSING,MISSING,MISSING,MISSING,MISSING,MISSING,MISSING,MISSING,MISSING,MISSING,MISSING,MISSING,null,CAPTURE_DEADLINE_NO_REQUEST,True,False,False,selected_result,null,1,25,248ef639ea777795f75262d307ea71aa2ea127a7cbb84226f95511e1565f3950,null,NOT_FRESH_OR_UNAVAILABLE,CAPTURE_DEADLINE_NO_REQUEST,NO_RESPONSE_ITEM,results/pre_targeted_retry_raw.jsonl,4,5f26b410f8b93db9844cc880f137cf9653c7a33ef31353cec3dd6d7ac17220b2,MISSING,37730234383,11530906396,mis-probe-37730234383,1b4caf9efcbb0575771726b356751f177bba37439179cb14bfc9b8a9bc9a88e0,2026-10-08,2026-10-08T13:35:00+08:00,UNCALCULABLE_EVIDENCE_V1,d8fcacd07b965f537a310485ddfbdfef96f5df25,live/replay implementation base; diagnostic file hash identifies this uncommitted report generator,be28204cf9fc4a1a9edb20ce07b6838c503e385bafa0237a6a1b04ee9857f28a,2dd62b249a181d7045c957f0c33501cc574723cd,37742790398,2026-10-08T15:20:18.859+08:00,2026-10-08T17:27:03.597+08:00
6661,威健生技,TPEx,otc,pre_reference_C,2026-10-08T13:29:00.000+08:00,2026-10-08T13:29:07.472+08:00,2026-10-08T13:29:10.481+08:00,13:28:24,20261008,44404,MISSING,MISSING,MISSING,MISSING,13:25:08,-,-,0,-,-,20261008,MISSING,-,-,-,200,null,False,False,True,selected_result,0,13,50,f7a8548e5f9a78ddc569eaa713dd25bd289ff31a2a2fe2cbf7ba774215336823,46481.0,NOT_FRESH_OR_UNAVAILABLE,stale_cache,NO_NESTED_TRADE_ZERO_REPORTED_VOLUME,results/pre_reference_C_raw.jsonl,13,09af632c486a0c487d1ae71a3247d52bc83e0aa4647d13e5f7cc00b281b6e3cb,"{""@"": ""6661.tw"", ""tv"": ""-"", ""ps"": ""-"", ""pid"": ""20.otc.tw|1386963"", ""pz"": ""-"", ""bp"": ""0"", ""m%"": ""463016"", ""^"": ""20261008"", ""key"": ""otc_6661.tw_20261008"", ""a"": ""17.0500_17.2000_17.2500_17.5000_17.6500_"", ""b"": ""16.5000_16.3000_16.1500_16.1000_16.0500_"", ""c"": ""6661"", ""#"": ""20.otc.tw|1390698"", ""d"": ""20261008"", ""%"": ""13:25:08"", ""ch"": ""6661.tw"", ""tlong"": ""1791437108000"", ""f"": ""1_1_1_1_1_"", ""g"": ""1_1_1_1_2_"", ""ip"": ""0"", ""mt"": ""463016"", ""h"": ""-"", ""i"": ""22"", ""it"": ""12"", ""l"": ""-"", ""n"": ""威健生技"", ""o"": ""-"", ""p"": ""0"", ""ex"": ""otc"", ""s"": ""-"", ""t"": ""13:25:08"", ""u"": ""18.9000"", ""v"": ""0"", ""w"": ""15.5000"", ""nf"": ""威健股份有限公司"", ""y"": ""17.2000"", ""z"": ""-"", ""ts"": ""1""}",37730234383,11530906396,mis-probe-37730234383,1b4caf9efcbb0575771726b356751f177bba37439179cb14bfc9b8a9bc9a88e0,2026-10-08,2026-10-08T13:35:00+08:00,UNCALCULABLE_EVIDENCE_V1,d8fcacd07b965f537a310485ddfbdfef96f5df25,live/replay implementation base; diagnostic file hash identifies this uncommitted report generator,be28204cf9fc4a1a9edb20ce07b6838c503e385bafa0237a6a1b04ee9857f28a,2dd62b249a181d7045c957f0c33501cc574723cd,37742790398,2026-10-08T15:20:18.859+08:00,2026-10-08T17:27:03.597+08:00
6661,威健生技,TPEx,otc,pre_targeted_retry,2026-10-08T13:29:25.164+08:00,2026-10-08T13:29:25.164+08:00,2026-10-08T13:29:26.413+08:00,13:29:26,20261008,MISSING,MISSING,MISSING,MISSING,MISSING,13:25:08,-,-,0,-,-,20261008,MISSING,-,-,-,200,null,False,False,True,selected_result,0,1,25,248ef639ea777795f75262d307ea71aa2ea127a7cbb84226f95511e1565f3950,413.0,FRESH,no_trade_or_incomplete_identity,NO_NESTED_TRADE_ZERO_REPORTED_VOLUME,results/pre_targeted_retry_raw.jsonl,5,0c1134bcaf38056edad5878f09621ec4ba8e54998c4e4f98959e48041108ccfd,"{""@"": ""6661.tw"", ""tv"": ""-"", ""ps"": ""-"", ""pid"": ""20.otc.tw|1394696"", ""pz"": ""-"", ""bp"": ""0"", ""m%"": ""463016"", ""^"": ""20261008"", ""key"": ""otc_6661.tw_20261008"", ""a"": ""17.0500_17.2000_17.2500_17.5000_17.6500_"", ""b"": ""16.5000_16.3000_16.1500_16.1000_16.0500_"", ""c"": ""6661"", ""#"": ""20.otc.tw|1398657"", ""d"": ""20261008"", ""%"": ""13:25:08"", ""ch"": ""6661.tw"", ""tlong"": ""1791437108000"", ""f"": ""1_1_1_1_1_"", ""g"": ""1_1_1_1_2_"", ""ip"": ""0"", ""mt"": ""463016"", ""h"": ""-"", ""i"": ""22"", ""it"": ""12"", ""l"": ""-"", ""n"": ""威健生技"", ""o"": ""-"", ""p"": ""0"", ""ex"": ""otc"", ""s"": ""-"", ""t"": ""13:25:08"", ""u"": ""18.9000"", ""v"": ""0"", ""w"": ""15.5000"", ""nf"": ""威健股份有限公司"", ""y"": ""17.2000"", ""z"": ""-"", ""ts"": ""1""}",37730234383,11530906396,mis-probe-37730234383,1b4caf9efcbb0575771726b356751f177bba37439179cb14bfc9b8a9bc9a88e0,2026-10-08,2026-10-08T13:35:00+08:00,UNCALCULABLE_EVIDENCE_V1,d8fcacd07b965f537a310485ddfbdfef96f5df25,live/replay implementation base; diagnostic file hash identifies this uncommitted report generator,be28204cf9fc4a1a9edb20ce07b6838c503e385bafa0237a6a1b04ee9857f28a,2dd62b249a181d7045c957f0c33501cc574723cd,37742790398,2026-10-08T15:20:18.859+08:00,2026-10-08T17:27:03.597+08:00
6661,威健生技,TPEx,otc,close_reference_A,2026-10-08T13:32:30.000+08:00,2026-10-08T13:32:33.227+08:00,2026-10-08T13:32:34.890+08:00,13:32:34,20261008,MISSING,MISSING,MISSING,MISSING,MISSING,13:30:00,-,-,0,-,-,20261008,MISSING,-,-,-,200,null,False,False,True,selected_result,0,13,50,f7a8548e5f9a78ddc569eaa713dd25bd289ff31a2a2fe2cbf7ba774215336823,890.0,FRESH,no_trade_or_incomplete_identity,NO_NESTED_TRADE_ZERO_REPORTED_VOLUME,results/close_reference_A_raw.jsonl,13,b37d72cd5237d6b536d367080afc48cf069da2022420fb07a97aad10bf97cdb0,"{""@"": ""6661.tw"", ""tv"": ""-"", ""ps"": ""-"", ""pid"": ""20.otc.tw|1415634"", ""pz"": ""-"", ""bp"": ""0"", ""m%"": ""000000"", ""^"": ""20261008"", ""key"": ""otc_6661.tw_20261008"", ""a"": ""17.0500_17.2000_17.2500_17.5000_17.6500_"", ""b"": ""16.5000_16.3000_16.1500_16.1000_16.0500_"", ""c"": ""6661"", ""#"": ""20.otc.tw|1417030"", ""d"": ""20261008"", ""%"": ""13:30:00"", ""ch"": ""6661.tw"", ""tlong"": ""1791437400000"", ""f"": ""1_1_1_1_1_"", ""g"": ""1_1_1_1_2_"", ""ip"": ""0"", ""mt"": ""000000"", ""h"": ""-"", ""i"": ""22"", ""it"": ""12"", ""l"": ""-"", ""n"": ""威健生技"", ""o"": ""-"", ""p"": ""0"", ""ex"": ""otc"", ""s"": ""-"", ""t"": ""13:30:00"", ""u"": ""18.9000"", ""v"": ""0"", ""w"": ""15.5000"", ""nf"": ""威健股份有限公司"", ""y"": ""17.2000"", ""z"": ""-"", ""ts"": ""0""}",37730234383,11530906396,mis-probe-37730234383,1b4caf9efcbb0575771726b356751f177bba37439179cb14bfc9b8a9bc9a88e0,2026-10-08,2026-10-08T13:35:00+08:00,UNCALCULABLE_EVIDENCE_V1,d8fcacd07b965f537a310485ddfbdfef96f5df25,live/replay implementation base; diagnostic file hash identifies this uncommitted report generator,be28204cf9fc4a1a9edb20ce07b6838c503e385bafa0237a6a1b04ee9857f28a,2dd62b249a181d7045c957f0c33501cc574723cd,37742790398,2026-10-08T15:20:18.859+08:00,2026-10-08T17:27:03.597+08:00
6661,威健生技,TPEx,otc,close_reference_B,2026-10-08T13:33:20.000+08:00,2026-10-08T13:33:42.512+08:00,2026-10-08T13:33:48.125+08:00,13:33:45,20261008,MISSING,MISSING,MISSING,MISSING,MISSING,13:30:00,-,-,0,-,-,20261008,MISSING,-,-,-,200,null,False,False,True,selected_result,0,27,50,015cedb26cab76e0137e7e6f6cff0b00016e5514b32c9acbcd77eb6cae02c256,3125.0,FRESH,no_trade_or_incomplete_identity,NO_NESTED_TRADE_ZERO_REPORTED_VOLUME,results/close_reference_B_raw.jsonl,27,37e3dfd2e08513bcc30882a9b6f78cd4999fb9751f90ba4df7bbb6bc8869e4bc,"{""@"": ""6661.tw"", ""tv"": ""-"", ""ps"": ""-"", ""pid"": ""20.otc.tw|1418425"", ""pz"": ""-"", ""bp"": ""0"", ""m%"": ""000000"", ""^"": ""20261008"", ""key"": ""otc_6661.tw_20261008"", ""a"": ""17.0500_17.2000_17.2500_17.5000_17.6500_"", ""b"": ""16.5000_16.3000_16.1500_16.1000_16.0500_"", ""c"": ""6661"", ""#"": ""20.otc.tw|1419832"", ""d"": ""20261008"", ""%"": ""13:30:00"", ""ch"": ""6661.tw"", ""tlong"": ""1791437400000"", ""f"": ""1_1_1_1_1_"", ""g"": ""1_1_1_1_2_"", ""ip"": ""0"", ""mt"": ""000000"", ""h"": ""-"", ""i"": ""22"", ""it"": ""12"", ""l"": ""-"", ""n"": ""威健生技"", ""o"": ""-"", ""p"": ""0"", ""ex"": ""otc"", ""s"": ""-"", ""t"": ""13:30:00"", ""u"": ""18.9000"", ""v"": ""0"", ""w"": ""15.5000"", ""nf"": ""威健股份有限公司"", ""y"": ""17.2000"", ""z"": ""-"", ""ts"": ""0""}",37730234383,11530906396,mis-probe-37730234383,1b4caf9efcbb0575771726b356751f177bba37439179cb14bfc9b8a9bc9a88e0,2026-10-08,2026-10-08T13:35:00+08:00,UNCALCULABLE_EVIDENCE_V1,d8fcacd07b965f537a310485ddfbdfef96f5df25,live/replay implementation base; diagnostic file hash identifies this uncommitted report generator,be28204cf9fc4a1a9edb20ce07b6838c503e385bafa0237a6a1b04ee9857f28a,2dd62b249a181d7045c957f0c33501cc574723cd,37742790398,2026-10-08T15:20:18.859+08:00,2026-10-08T17:27:03.597+08:00
6661,威健生技,TPEx,otc,close_reference_C,2026-10-08T13:34:10.000+08:00,2026-10-08T13:34:10.000+08:00,2026-10-08T13:34:10.842+08:00,13:34:10,20261008,MISSING,MISSING,MISSING,MISSING,MISSING,13:30:00,-,-,0,-,-,20261008,MISSING,-,-,-,200,null,False,False,True,selected_result,0,1,29,6550d2287e85a4df0a8ec64d1c160e0dc59f57f02c6945a778432e2a5dbcb5cc,842.0,FRESH,no_trade_or_incomplete_identity,NO_NESTED_TRADE_ZERO_REPORTED_VOLUME,results/close_reference_C_raw.jsonl,1,776473020c3a315a7830eb9cd7529a970b86db8333a6313c2949d48c5d1d97ce,"{""@"": ""6661.tw"", ""tv"": ""-"", ""ps"": ""-"", ""pid"": ""20.otc.tw|1418425"", ""pz"": ""-"", ""bp"": ""0"", ""m%"": ""000000"", ""^"": ""20261008"", ""key"": ""otc_6661.tw_20261008"", ""a"": ""17.0500_17.2000_17.2500_17.5000_17.6500_"", ""b"": ""16.5000_16.3000_16.1500_16.1000_16.0500_"", ""c"": ""6661"", ""#"": ""20.otc.tw|1419832"", ""d"": ""20261008"", ""%"": ""13:30:00"", ""ch"": ""6661.tw"", ""tlong"": ""1791437400000"", ""f"": ""1_1_1_1_1_"", ""g"": ""1_1_1_1_2_"", ""ip"": ""0"", ""mt"": ""000000"", ""h"": ""-"", ""i"": ""22"", ""it"": ""12"", ""l"": ""-"", ""n"": ""威健生技"", ""o"": ""-"", ""p"": ""0"", ""ex"": ""otc"", ""s"": ""-"", ""t"": ""13:30:00"", ""u"": ""18.9000"", ""v"": ""0"", ""w"": ""15.5000"", ""nf"": ""威健股份有限公司"", ""y"": ""17.2000"", ""z"": ""-"", ""ts"": ""0""}",37730234383,11530906396,mis-probe-37730234383,1b4caf9efcbb0575771726b356751f177bba37439179cb14bfc9b8a9bc9a88e0,2026-10-08,2026-10-08T13:35:00+08:00,UNCALCULABLE_EVIDENCE_V1,d8fcacd07b965f537a310485ddfbdfef96f5df25,live/replay implementation base; diagnostic file hash identifies this uncommitted report generator,be28204cf9fc4a1a9edb20ce07b6838c503e385bafa0237a6a1b04ee9857f28a,2dd62b249a181d7045c957f0c33501cc574723cd,37742790398,2026-10-08T15:20:18.859+08:00,2026-10-08T17:27:03.597+08:00
6661,威健生技,TPEx,otc,per_second_probe,MISSING,MISSING,MISSING,MISSING,MISSING,MISSING,MISSING,MISSING,MISSING,MISSING,MISSING,MISSING,MISSING,MISSING,MISSING,MISSING,MISSING,MISSING,MISSING,MISSING,MISSING,MISSING,NOT_SAMPLED,MISSING,MISSING,False,coverage_note,MISSING,MISSING,MISSING,MISSING,MISSING,MISSING,MISSING,MISSING,results/probe_raw.jsonl,MISSING,MISSING,MISSING,37730234383,11530906396,mis-probe-37730234383,1b4caf9efcbb0575771726b356751f177bba37439179cb14bfc9b8a9bc9a88e0,2026-10-08,2026-10-08T13:35:00+08:00,UNCALCULABLE_EVIDENCE_V1,d8fcacd07b965f537a310485ddfbdfef96f5df25,live/replay implementation base; diagnostic file hash identifies this uncommitted report generator,be28204cf9fc4a1a9edb20ce07b6838c503e385bafa0237a6a1b04ee9857f28a,2dd62b249a181d7045c957f0c33501cc574723cd,37742790398,2026-10-08T15:20:18.859+08:00,2026-10-08T17:27:03.597+08:00
6662,樂斯科,TPEx,otc,preclose,2026-10-08T13:24:50.000+08:00,2026-10-08T13:24:56.108+08:00,2026-10-08T13:24:58.274+08:00,13:24:57,20261008,MISSING,MISSING,MISSING,MISSING,MISSING,11:59:10,-,-,0,-,-,20261008,MISSING,-,-,-,200,null,False,False,True,selected_result,0,13,50,f7a8548e5f9a78ddc569eaa713dd25bd289ff31a2a2fe2cbf7ba774215336823,1274.0,FRESH,stale_cache,NO_NESTED_TRADE_ZERO_REPORTED_VOLUME,results/preclose_raw.jsonl,13,67c03e3f06253ceaf3a43272053a9c7e41d411503454350190c2adf48ddb9c60,"{""@"": ""6662.tw"", ""tv"": ""-"", ""ps"": ""-"", ""pid"": ""20.otc.tw|1358902"", ""pz"": ""-"", ""bp"": ""0"", ""m%"": ""047164"", ""^"": ""20261008"", ""key"": ""otc_6662.tw_20261008"", ""a"": ""28.3500_28.4000_28.4500_28.5000_28.6000_"", ""b"": ""27.9500_27.5000_27.1000_27.0000_26.4500_"", ""c"": ""6662"", ""#"": ""20.otc.tw|1361498"", ""d"": ""20261008"", ""%"": ""11:59:10"", ""ch"": ""6662.tw"", ""tlong"": ""1791431950000"", ""f"": ""2_2_3_4_1_"", ""g"": ""1_2_1_3_3_"", ""ip"": ""0"", ""mt"": ""047164"", ""h"": ""-"", ""i"": ""22"", ""it"": ""12"", ""l"": ""-"", ""n"": ""樂斯科"", ""o"": ""-"", ""p"": ""0"", ""ex"": ""otc"", ""s"": ""-"", ""t"": ""11:59:10"", ""u"": ""31.2500"", ""v"": ""0"", ""w"": ""25.6500"", ""nf"": ""樂斯科生物科技股份有限公司"", ""y"": ""28.4500"", ""z"": ""-"", ""ts"": ""0""}",37730234383,11530906396,mis-probe-37730234383,1b4caf9efcbb0575771726b356751f177bba37439179cb14bfc9b8a9bc9a88e0,2026-10-08,2026-10-08T13:35:00+08:00,UNCALCULABLE_EVIDENCE_V1,d8fcacd07b965f537a310485ddfbdfef96f5df25,live/replay implementation base; diagnostic file hash identifies this uncommitted report generator,be28204cf9fc4a1a9edb20ce07b6838c503e385bafa0237a6a1b04ee9857f28a,2dd62b249a181d7045c957f0c33501cc574723cd,37742790398,2026-10-08T15:20:18.859+08:00,2026-10-08T17:27:03.597+08:00
6662,樂斯科,TPEx,otc,pre_reference_A,2026-10-08T13:27:00.000+08:00,2026-10-08T13:27:05.801+08:00,2026-10-08T13:27:07.487+08:00,13:27:06,20261008,MISSING,MISSING,MISSING,MISSING,MISSING,13:25:08,-,-,0,-,-,20261008,MISSING,-,-,-,200,null,False,False,True,selected_result,0,13,50,f7a8548e5f9a78ddc569eaa713dd25bd289ff31a2a2fe2cbf7ba774215336823,1487.0,FRESH,no_trade_or_incomplete_identity,NO_NESTED_TRADE_ZERO_REPORTED_VOLUME,results/pre_reference_A_raw.jsonl,13,2526c6baffea0d35fc116c61395583bb6e805789a36aeb959e9325b04f460331,"{""@"": ""6662.tw"", ""tv"": ""-"", ""ps"": ""-"", ""pid"": ""20.otc.tw|1379141"", ""pz"": ""-"", ""bp"": ""0"", ""m%"": ""262307"", ""^"": ""20261008"", ""key"": ""otc_6662.tw_20261008"", ""a"": ""28.3500_28.4000_28.4500_28.5000_28.6000_"", ""b"": ""27.9500_27.5000_27.1000_27.0000_26.4500_"", ""c"": ""6662"", ""#"": ""20.otc.tw|1383191"", ""d"": ""20261008"", ""%"": ""13:25:08"", ""ch"": ""6662.tw"", ""tlong"": ""1791437108000"", ""f"": ""2_2_3_4_1_"", ""g"": ""1_2_1_3_3_"", ""ip"": ""0"", ""mt"": ""262307"", ""h"": ""-"", ""i"": ""22"", ""it"": ""12"", ""l"": ""-"", ""n"": ""樂斯科"", ""o"": ""-"", ""p"": ""0"", ""ex"": ""otc"", ""s"": ""-"", ""t"": ""13:25:08"", ""u"": ""31.2500"", ""v"": ""0"", ""w"": ""25.6500"", ""nf"": ""樂斯科生物科技股份有限公司"", ""y"": ""28.4500"", ""z"": ""-"", ""ts"": ""1""}",37730234383,11530906396,mis-probe-37730234383,1b4caf9efcbb0575771726b356751f177bba37439179cb14bfc9b8a9bc9a88e0,2026-10-08,2026-10-08T13:35:00+08:00,UNCALCULABLE_EVIDENCE_V1,d8fcacd07b965f537a310485ddfbdfef96f5df25,live/replay implementation base; diagnostic file hash identifies this uncommitted report generator,be28204cf9fc4a1a9edb20ce07b6838c503e385bafa0237a6a1b04ee9857f28a,2dd62b249a181d7045c957f0c33501cc574723cd,37742790398,2026-10-08T15:20:18.859+08:00,2026-10-08T17:27:03.597+08:00
6662,樂斯科,TPEx,otc,pre_reference_B,2026-10-08T13:28:15.000+08:00,2026-10-08T13:28:22.713+08:00,2026-10-08T13:28:25.212+08:00,13:28:24,20261008,MISSING,MISSING,MISSING,MISSING,MISSING,13:25:08,-,-,0,-,-,20261008,MISSING,-,-,-,200,null,False,False,True,selected_result,0,13,50,f7a8548e5f9a78ddc569eaa713dd25bd289ff31a2a2fe2cbf7ba774215336823,1212.0,FRESH,no_trade_or_incomplete_identity,NO_NESTED_TRADE_ZERO_REPORTED_VOLUME,results/pre_reference_B_raw.jsonl,13,fe0322b7ac6370aed4da021b88ad8ae2cb24fabfdf2d30e3a626e049b8cf128a,"{""@"": ""6662.tw"", ""tv"": ""-"", ""ps"": ""-"", ""pid"": ""20.otc.tw|1386964"", ""pz"": ""-"", ""bp"": ""0"", ""m%"": ""262307"", ""^"": ""20261008"", ""key"": ""otc_6662.tw_20261008"", ""a"": ""28.3500_28.4000_28.4500_28.5000_28.6000_"", ""b"": ""27.9500_27.5000_27.1000_27.0000_26.4500_"", ""c"": ""6662"", ""#"": ""20.otc.tw|1390699"", ""d"": ""20261008"", ""%"": ""13:25:08"", ""ch"": ""6662.tw"", ""tlong"": ""1791437108000"", ""f"": ""2_2_3_4_1_"", ""g"": ""1_2_1_3_3_"", ""ip"": ""0"", ""mt"": ""262307"", ""h"": ""-"", ""i"": ""22"", ""it"": ""12"", ""l"": ""-"", ""n"": ""樂斯科"", ""o"": ""-"", ""p"": ""0"", ""ex"": ""otc"", ""s"": ""-"", ""t"": ""13:25:08"", ""u"": ""31.2500"", ""v"": ""0"", ""w"": ""25.6500"", ""nf"": ""樂斯科生物科技股份有限公司"", ""y"": ""28.4500"", ""z"": ""-"", ""ts"": ""1""}",37730234383,11530906396,mis-probe-37730234383,1b4caf9efcbb0575771726b356751f177bba37439179cb14bfc9b8a9bc9a88e0,2026-10-08,2026-10-08T13:35:00+08:00,UNCALCULABLE_EVIDENCE_V1,d8fcacd07b965f537a310485ddfbdfef96f5df25,live/replay implementation base; diagnostic file hash identifies this uncommitted report generator,be28204cf9fc4a1a9edb20ce07b6838c503e385bafa0237a6a1b04ee9857f28a,2dd62b249a181d7045c957f0c33501cc574723cd,37742790398,2026-10-08T15:20:18.859+08:00,2026-10-08T17:27:03.597+08:00
6662,樂斯科,TPEx,otc,pre_targeted_retry,2026-10-08T13:28:48.457+08:00,2026-10-08T13:28:48.459+08:00,2026-10-08T13:28:50.437+08:00,13:28:49,20261008,MISSING,MISSING,MISSING,MISSING,MISSING,13:25:08,-,-,0,-,-,20261008,MISSING,-,-,-,200,null,False,False,True,selected_result,0,3,39,fcf0d3c316124e6be0f20b6125219739e6f1c2cb9ffa834badf2bb99872a8b08,1437.0,FRESH,no_trade_or_incomplete_identity,NO_NESTED_TRADE_ZERO_REPORTED_VOLUME,results/pre_targeted_retry_raw.jsonl,3,d0c2509fcbc842a18f80fe6ff68c1637f7fa5ac9e78c527b23152de701b62e32,"{""@"": ""6662.tw"", ""tv"": ""-"", ""ps"": ""-"", ""pid"": ""20.otc.tw|1394697"", ""pz"": ""-"", ""bp"": ""0"", ""m%"": ""262307"", ""^"": ""20261008"", ""key"": ""otc_6662.tw_20261008"", ""a"": ""28.3500_28.4000_28.4500_28.5000_28.6000_"", ""b"": ""27.9500_27.5000_27.1000_27.0000_26.4500_"", ""c"": ""6662"", ""#"": ""20.otc.tw|1398658"", ""d"": ""20261008"", ""%"": ""13:25:08"", ""ch"": ""6662.tw"", ""tlong"": ""1791437108000"", ""f"": ""2_2_3_4_1_"", ""g"": ""1_2_1_3_3_"", ""ip"": ""0"", ""mt"": ""262307"", ""h"": ""-"", ""i"": ""22"", ""it"": ""12"", ""l"": ""-"", ""n"": ""樂斯科"", ""o"": ""-"", ""p"": ""0"", ""ex"": ""otc"", ""s"": ""-"", ""t"": ""13:25:08"", ""u"": ""31.2500"", ""v"": ""0"", ""w"": ""25.6500"", ""nf"": ""樂斯科生物科技股份有限公司"", ""y"": ""28.4500"", ""z"": ""-"", ""ts"": ""1""}",37730234383,11530906396,mis-probe-37730234383,1b4caf9efcbb0575771726b356751f177bba37439179cb14bfc9b8a9bc9a88e0,2026-10-08,2026-10-08T13:35:00+08:00,UNCALCULABLE_EVIDENCE_V1,d8fcacd07b965f537a310485ddfbdfef96f5df25,live/replay implementation base; diagnostic file hash identifies this uncommitted report generator,be28204cf9fc4a1a9edb20ce07b6838c503e385bafa0237a6a1b04ee9857f28a,2dd62b249a181d7045c957f0c33501cc574723cd,37742790398,2026-10-08T15:20:18.859+08:00,2026-10-08T17:27:03.597+08:00
6662,樂斯科,TPEx,otc,pre_targeted_retry,2026-10-08T13:28:57.201+08:00,2026-10-08T13:28:57.201+08:00,2026-10-08T13:28:58.004+08:00,MISSING,MISSING,MISSING,MISSING,MISSING,MISSING,MISSING,MISSING,MISSING,MISSING,MISSING,MISSING,MISSING,MISSING,MISSING,MISSING,MISSING,MISSING,null,RESPONSE_AFTER_CAPTURE_DEADLINE:URLError:<urlopen error timed out>,True,False,True,HTTP_attempt,0,1,25,248ef639ea777795f75262d307ea71aa2ea127a7cbb84226f95511e1565f3950,null,NOT_FRESH_OR_UNAVAILABLE,RESPONSE_AFTER_CAPTURE_DEADLINE:URLError:<urlopen error timed out>,NO_RESPONSE_ITEM,results/pre_targeted_retry_raw.jsonl,4,5f26b410f8b93db9844cc880f137cf9653c7a33ef31353cec3dd6d7ac17220b2,MISSING,37730234383,11530906396,mis-probe-37730234383,1b4caf9efcbb0575771726b356751f177bba37439179cb14bfc9b8a9bc9a88e0,2026-10-08,2026-10-08T13:35:00+08:00,UNCALCULABLE_EVIDENCE_V1,d8fcacd07b965f537a310485ddfbdfef96f5df25,live/replay implementation base; diagnostic file hash identifies this uncommitted report generator,be28204cf9fc4a1a9edb20ce07b6838c503e385bafa0237a6a1b04ee9857f28a,2dd62b249a181d7045c957f0c33501cc574723cd,37742790398,2026-10-08T15:20:18.859+08:00,2026-10-08T17:27:03.597+08:00
6662,樂斯科,TPEx,otc,pre_targeted_retry,2026-10-08T13:28:57.201+08:00,2026-10-08T13:28:58.505+08:00,2026-10-08T13:28:58.505+08:00,MISSING,MISSING,MISSING,MISSING,MISSING,MISSING,MISSING,MISSING,MISSING,MISSING,MISSING,MISSING,MISSING,MISSING,MISSING,MISSING,MISSING,MISSING,null,CAPTURE_DEADLINE_NO_REQUEST,True,False,False,selected_result,null,1,25,248ef639ea777795f75262d307ea71aa2ea127a7cbb84226f95511e1565f3950,null,NOT_FRESH_OR_UNAVAILABLE,CAPTURE_DEADLINE_NO_REQUEST,NO_RESPONSE_ITEM,results/pre_targeted_retry_raw.jsonl,4,5f26b410f8b93db9844cc880f137cf9653c7a33ef31353cec3dd6d7ac17220b2,MISSING,37730234383,11530906396,mis-probe-37730234383,1b4caf9efcbb0575771726b356751f177bba37439179cb14bfc9b8a9bc9a88e0,2026-10-08,2026-10-08T13:35:00+08:00,UNCALCULABLE_EVIDENCE_V1,d8fcacd07b965f537a310485ddfbdfef96f5df25,live/replay implementation base; diagnostic file hash identifies this uncommitted report generator,be28204cf9fc4a1a9edb20ce07b6838c503e385bafa0237a6a1b04ee9857f28a,2dd62b249a181d7045c957f0c33501cc574723cd,37742790398,2026-10-08T15:20:18.859+08:00,2026-10-08T17:27:03.597+08:00
6662,樂斯科,TPEx,otc,pre_reference_C,2026-10-08T13:29:00.000+08:00,2026-10-08T13:29:07.472+08:00,2026-10-08T13:29:10.481+08:00,13:28:24,20261008,44404,MISSING,MISSING,MISSING,MISSING,13:25:08,-,-,0,-,-,20261008,MISSING,-,-,-,200,null,False,False,True,selected_result,0,13,50,f7a8548e5f9a78ddc569eaa713dd25bd289ff31a2a2fe2cbf7ba774215336823,46481.0,NOT_FRESH_OR_UNAVAILABLE,stale_cache,NO_NESTED_TRADE_ZERO_REPORTED_VOLUME,results/pre_reference_C_raw.jsonl,13,09af632c486a0c487d1ae71a3247d52bc83e0aa4647d13e5f7cc00b281b6e3cb,"{""@"": ""6662.tw"", ""tv"": ""-"", ""ps"": ""-"", ""pid"": ""20.otc.tw|1386964"", ""pz"": ""-"", ""bp"": ""0"", ""m%"": ""262307"", ""^"": ""20261008"", ""key"": ""otc_6662.tw_20261008"", ""a"": ""28.3500_28.4000_28.4500_28.5000_28.6000_"", ""b"": ""27.9500_27.5000_27.1000_27.0000_26.4500_"", ""c"": ""6662"", ""#"": ""20.otc.tw|1390699"", ""d"": ""20261008"", ""%"": ""13:25:08"", ""ch"": ""6662.tw"", ""tlong"": ""1791437108000"", ""f"": ""2_2_3_4_1_"", ""g"": ""1_2_1_3_3_"", ""ip"": ""0"", ""mt"": ""262307"", ""h"": ""-"", ""i"": ""22"", ""it"": ""12"", ""l"": ""-"", ""n"": ""樂斯科"", ""o"": ""-"", ""p"": ""0"", ""ex"": ""otc"", ""s"": ""-"", ""t"": ""13:25:08"", ""u"": ""31.2500"", ""v"": ""0"", ""w"": ""25.6500"", ""nf"": ""樂斯科生物科技股份有限公司"", ""y"": ""28.4500"", ""z"": ""-"", ""ts"": ""1""}",37730234383,11530906396,mis-probe-37730234383,1b4caf9efcbb0575771726b356751f177bba37439179cb14bfc9b8a9bc9a88e0,2026-10-08,2026-10-08T13:35:00+08:00,UNCALCULABLE_EVIDENCE_V1,d8fcacd07b965f537a310485ddfbdfef96f5df25,live/replay implementation base; diagnostic file hash identifies this uncommitted report generator,be28204cf9fc4a1a9edb20ce07b6838c503e385bafa0237a6a1b04ee9857f28a,2dd62b249a181d7045c957f0c33501cc574723cd,37742790398,2026-10-08T15:20:18.859+08:00,2026-10-08T17:27:03.597+08:00
6662,樂斯科,TPEx,otc,pre_targeted_retry,2026-10-08T13:29:25.164+08:00,2026-10-08T13:29:25.164+08:00,2026-10-08T13:29:26.413+08:00,13:29:26,20261008,MISSING,MISSING,MISSING,MISSING,MISSING,13:25:08,-,-,0,-,-,20261008,MISSING,-,-,-,200,null,False,False,True,selected_result,0,1,25,248ef639ea777795f75262d307ea71aa2ea127a7cbb84226f95511e1565f3950,413.0,FRESH,no_trade_or_incomplete_identity,NO_NESTED_TRADE_ZERO_REPORTED_VOLUME,results/pre_targeted_retry_raw.jsonl,5,0c1134bcaf38056edad5878f09621ec4ba8e54998c4e4f98959e48041108ccfd,"{""@"": ""6662.tw"", ""tv"": ""-"", ""ps"": ""-"", ""pid"": ""20.otc.tw|1394697"", ""pz"": ""-"", ""bp"": ""0"", ""m%"": ""262307"", ""^"": ""20261008"", ""key"": ""otc_6662.tw_20261008"", ""a"": ""28.3500_28.4000_28.4500_28.5000_28.6000_"", ""b"": ""27.9500_27.5000_27.1000_27.0000_26.4500_"", ""c"": ""6662"", ""#"": ""20.otc.tw|1398658"", ""d"": ""20261008"", ""%"": ""13:25:08"", ""ch"": ""6662.tw"", ""tlong"": ""1791437108000"", ""f"": ""2_2_3_4_1_"", ""g"": ""1_2_1_3_3_"", ""ip"": ""0"", ""mt"": ""262307"", ""h"": ""-"", ""i"": ""22"", ""it"": ""12"", ""l"": ""-"", ""n"": ""樂斯科"", ""o"": ""-"", ""p"": ""0"", ""ex"": ""otc"", ""s"": ""-"", ""t"": ""13:25:08"", ""u"": ""31.2500"", ""v"": ""0"", ""w"": ""25.6500"", ""nf"": ""樂斯科生物科技股份有限公司"", ""y"": ""28.4500"", ""z"": ""-"", ""ts"": ""1""}",37730234383,11530906396,mis-probe-37730234383,1b4caf9efcbb0575771726b356751f177bba37439179cb14bfc9b8a9bc9a88e0,2026-10-08,2026-10-08T13:35:00+08:00,UNCALCULABLE_EVIDENCE_V1,d8fcacd07b965f537a310485ddfbdfef96f5df25,live/replay implementation base; diagnostic file hash identifies this uncommitted report generator,be28204cf9fc4a1a9edb20ce07b6838c503e385bafa0237a6a1b04ee9857f28a,2dd62b249a181d7045c957f0c33501cc574723cd,37742790398,2026-10-08T15:20:18.859+08:00,2026-10-08T17:27:03.597+08:00
6662,樂斯科,TPEx,otc,close_reference_A,2026-10-08T13:32:30.000+08:00,2026-10-08T13:32:33.227+08:00,2026-10-08T13:32:34.890+08:00,13:32:34,20261008,MISSING,MISSING,MISSING,MISSING,MISSING,13:30:00,-,-,0,-,-,20261008,MISSING,-,-,-,200,null,False,False,True,selected_result,0,13,50,f7a8548e5f9a78ddc569eaa713dd25bd289ff31a2a2fe2cbf7ba774215336823,890.0,FRESH,no_trade_or_incomplete_identity,NO_NESTED_TRADE_ZERO_REPORTED_VOLUME,results/close_reference_A_raw.jsonl,13,b37d72cd5237d6b536d367080afc48cf069da2022420fb07a97aad10bf97cdb0,"{""@"": ""6662.tw"", ""tv"": ""-"", ""ps"": ""-"", ""pid"": ""20.otc.tw|1415635"", ""pz"": ""-"", ""bp"": ""0"", ""m%"": ""000000"", ""^"": ""20261008"", ""key"": ""otc_6662.tw_20261008"", ""a"": ""28.3500_28.4000_28.4500_28.5000_28.6000_"", ""b"": ""27.9500_27.5000_27.1000_27.0000_26.4500_"", ""c"": ""6662"", ""#"": ""20.otc.tw|1417031"", ""d"": ""20261008"", ""%"": ""13:30:00"", ""ch"": ""6662.tw"", ""tlong"": ""1791437400000"", ""f"": ""2_2_3_4_1_"", ""g"": ""1_2_1_3_3_"", ""ip"": ""0"", ""mt"": ""000000"", ""h"": ""-"", ""i"": ""22"", ""it"": ""12"", ""l"": ""-"", ""n"": ""樂斯科"", ""o"": ""-"", ""p"": ""0"", ""ex"": ""otc"", ""s"": ""-"", ""t"": ""13:30:00"", ""u"": ""31.2500"", ""v"": ""0"", ""w"": ""25.6500"", ""nf"": ""樂斯科生物科技股份有限公司"", ""y"": ""28.4500"", ""z"": ""-"", ""ts"": ""0""}",37730234383,11530906396,mis-probe-37730234383,1b4caf9efcbb0575771726b356751f177bba37439179cb14bfc9b8a9bc9a88e0,2026-10-08,2026-10-08T13:35:00+08:00,UNCALCULABLE_EVIDENCE_V1,d8fcacd07b965f537a310485ddfbdfef96f5df25,live/replay implementation base; diagnostic file hash identifies this uncommitted report generator,be28204cf9fc4a1a9edb20ce07b6838c503e385bafa0237a6a1b04ee9857f28a,2dd62b249a181d7045c957f0c33501cc574723cd,37742790398,2026-10-08T15:20:18.859+08:00,2026-10-08T17:27:03.597+08:00
6662,樂斯科,TPEx,otc,close_reference_B,2026-10-08T13:33:20.000+08:00,2026-10-08T13:33:42.512+08:00,2026-10-08T13:33:48.125+08:00,13:33:45,20261008,MISSING,MISSING,MISSING,MISSING,MISSING,13:30:00,-,-,0,-,-,20261008,MISSING,-,-,-,200,null,False,False,True,selected_result,0,27,50,015cedb26cab76e0137e7e6f6cff0b00016e5514b32c9acbcd77eb6cae02c256,3125.0,FRESH,no_trade_or_incomplete_identity,NO_NESTED_TRADE_ZERO_REPORTED_VOLUME,results/close_reference_B_raw.jsonl,27,37e3dfd2e08513bcc30882a9b6f78cd4999fb9751f90ba4df7bbb6bc8869e4bc,"{""@"": ""6662.tw"", ""tv"": ""-"", ""ps"": ""-"", ""pid"": ""20.otc.tw|1418426"", ""pz"": ""-"", ""bp"": ""0"", ""m%"": ""000000"", ""^"": ""20261008"", ""key"": ""otc_6662.tw_20261008"", ""a"": ""28.3500_28.4000_28.4500_28.5000_28.6000_"", ""b"": ""27.9500_27.5000_27.1000_27.0000_26.4500_"", ""c"": ""6662"", ""#"": ""20.otc.tw|1419833"", ""d"": ""20261008"", ""%"": ""13:30:00"", ""ch"": ""6662.tw"", ""tlong"": ""1791437400000"", ""f"": ""2_2_3_4_1_"", ""g"": ""1_2_1_3_3_"", ""ip"": ""0"", ""mt"": ""000000"", ""h"": ""-"", ""i"": ""22"", ""it"": ""12"", ""l"": ""-"", ""n"": ""樂斯科"", ""o"": ""-"", ""p"": ""0"", ""ex"": ""otc"", ""s"": ""-"", ""t"": ""13:30:00"", ""u"": ""31.2500"", ""v"": ""0"", ""w"": ""25.6500"", ""nf"": ""樂斯科生物科技股份有限公司"", ""y"": ""28.4500"", ""z"": ""-"", ""ts"": ""0""}",37730234383,11530906396,mis-probe-37730234383,1b4caf9efcbb0575771726b356751f177bba37439179cb14bfc9b8a9bc9a88e0,2026-10-08,2026-10-08T13:35:00+08:00,UNCALCULABLE_EVIDENCE_V1,d8fcacd07b965f537a310485ddfbdfef96f5df25,live/replay implementation base; diagnostic file hash identifies this uncommitted report generator,be28204cf9fc4a1a9edb20ce07b6838c503e385bafa0237a6a1b04ee9857f28a,2dd62b249a181d7045c957f0c33501cc574723cd,37742790398,2026-10-08T15:20:18.859+08:00,2026-10-08T17:27:03.597+08:00
6662,樂斯科,TPEx,otc,close_reference_C,2026-10-08T13:34:10.000+08:00,2026-10-08T13:34:10.000+08:00,2026-10-08T13:34:10.842+08:00,13:34:10,20261008,MISSING,MISSING,MISSING,MISSING,MISSING,13:30:00,-,-,0,-,-,20261008,MISSING,-,-,-,200,null,False,False,True,selected_result,0,1,29,6550d2287e85a4df0a8ec64d1c160e0dc59f57f02c6945a778432e2a5dbcb5cc,842.0,FRESH,no_trade_or_incomplete_identity,NO_NESTED_TRADE_ZERO_REPORTED_VOLUME,results/close_reference_C_raw.jsonl,1,776473020c3a315a7830eb9cd7529a970b86db8333a6313c2949d48c5d1d97ce,"{""@"": ""6662.tw"", ""tv"": ""-"", ""ps"": ""-"", ""pid"": ""20.otc.tw|1418426"", ""pz"": ""-"", ""bp"": ""0"", ""m%"": ""000000"", ""^"": ""20261008"", ""key"": ""otc_6662.tw_20261008"", ""a"": ""28.3500_28.4000_28.4500_28.5000_28.6000_"", ""b"": ""27.9500_27.5000_27.1000_27.0000_26.4500_"", ""c"": ""6662"", ""#"": ""20.otc.tw|1419833"", ""d"": ""20261008"", ""%"": ""13:30:00"", ""ch"": ""6662.tw"", ""tlong"": ""1791437400000"", ""f"": ""2_2_3_4_1_"", ""g"": ""1_2_1_3_3_"", ""ip"": ""0"", ""mt"": ""000000"", ""h"": ""-"", ""i"": ""22"", ""it"": ""12"", ""l"": ""-"", ""n"": ""樂斯科"", ""o"": ""-"", ""p"": ""0"", ""ex"": ""otc"", ""s"": ""-"", ""t"": ""13:30:00"", ""u"": ""31.2500"", ""v"": ""0"", ""w"": ""25.6500"", ""nf"": ""樂斯科生物科技股份有限公司"", ""y"": ""28.4500"", ""z"": ""-"", ""ts"": ""0""}",37730234383,11530906396,mis-probe-37730234383,1b4caf9efcbb0575771726b356751f177bba37439179cb14bfc9b8a9bc9a88e0,2026-10-08,2026-10-08T13:35:00+08:00,UNCALCULABLE_EVIDENCE_V1,d8fcacd07b965f537a310485ddfbdfef96f5df25,live/replay implementation base; diagnostic file hash identifies this uncommitted report generator,be28204cf9fc4a1a9edb20ce07b6838c503e385bafa0237a6a1b04ee9857f28a,2dd62b249a181d7045c957f0c33501cc574723cd,37742790398,2026-10-08T15:20:18.859+08:00,2026-10-08T17:27:03.597+08:00
6662,樂斯科,TPEx,otc,per_second_probe,MISSING,MISSING,MISSING,MISSING,MISSING,MISSING,MISSING,MISSING,MISSING,MISSING,MISSING,MISSING,MISSING,MISSING,MISSING,MISSING,MISSING,MISSING,MISSING,MISSING,MISSING,MISSING,NOT_SAMPLED,MISSING,MISSING,False,coverage_note,MISSING,MISSING,MISSING,MISSING,MISSING,MISSING,MISSING,MISSING,results/probe_raw.jsonl,MISSING,MISSING,MISSING,37730234383,11530906396,mis-probe-37730234383,1b4caf9efcbb0575771726b356751f177bba37439179cb14bfc9b8a9bc9a88e0,2026-10-08,2026-10-08T13:35:00+08:00,UNCALCULABLE_EVIDENCE_V1,d8fcacd07b965f537a310485ddfbdfef96f5df25,live/replay implementation base; diagnostic file hash identifies this uncommitted report generator,be28204cf9fc4a1a9edb20ce07b6838c503e385bafa0237a6a1b04ee9857f28a,2dd62b249a181d7045c957f0c33501cc574723cd,37742790398,2026-10-08T15:20:18.859+08:00,2026-10-08T17:27:03.597+08:00
6680,鑫創電子,TPEx,otc,preclose,2026-10-08T13:24:50.000+08:00,2026-10-08T13:24:56.268+08:00,2026-10-08T13:24:58.416+08:00,13:24:58,20261008,MISSING,MISSING,MISSING,MISSING,MISSING,13:10:36,-,-,0,-,-,20261008,MISSING,-,-,-,200,null,False,False,True,selected_result,0,14,50,7d1b35d5cb71dfa128b79b87c9b88e719f3767f61f15670856d6d7044585d621,416.0,FRESH,stale_cache,NO_NESTED_TRADE_ZERO_REPORTED_VOLUME,results/preclose_raw.jsonl,14,c10adc9cbedd02879c53c6673fb1ac32255d8be3b2fd5199ca55b4fc9d78b6ef,"{""@"": ""6680.tw"", ""tv"": ""-"", ""ps"": ""-"", ""pid"": ""20.otc.tw|1358467"", ""pz"": ""-"", ""bp"": ""0"", ""m%"": ""259558"", ""^"": ""20261008"", ""key"": ""otc_6680.tw_20261008"", ""a"": ""54.5000_54.8000_54.9000_55.0000_"", ""b"": ""50.1000_50.0000_49.1500_47.5500_45.3000_"", ""c"": ""6680"", ""#"": ""20.otc.tw|1361076"", ""d"": ""20261008"", ""%"": ""13:10:36"", ""ch"": ""6680.tw"", ""tlong"": ""1791436236000"", ""f"": ""2_1_1_3_"", ""g"": ""3_1_1_1_1_"", ""ip"": ""0"", ""mt"": ""259558"", ""h"": ""-"", ""i"": ""25"", ""it"": ""12"", ""l"": ""-"", ""n"": ""鑫創電子"", ""o"": ""-"", ""p"": ""0"", ""ex"": ""otc"", ""s"": ""-"", ""t"": ""13:10:36"", ""u"": ""55.1000"", ""v"": ""0"", ""w"": ""45.1000"", ""nf"": ""鑫創電子股份有限公司"", ""y"": ""50.1000"", ""z"": ""-"", ""ts"": ""0""}",37730234383,11530906396,mis-probe-37730234383,1b4caf9efcbb0575771726b356751f177bba37439179cb14bfc9b8a9bc9a88e0,2026-10-08,2026-10-08T13:35:00+08:00,UNCALCULABLE_EVIDENCE_V1,d8fcacd07b965f537a310485ddfbdfef96f5df25,live/replay implementation base; diagnostic file hash identifies this uncommitted report generator,be28204cf9fc4a1a9edb20ce07b6838c503e385bafa0237a6a1b04ee9857f28a,2dd62b249a181d7045c957f0c33501cc574723cd,37742790398,2026-10-08T15:20:18.859+08:00,2026-10-08T17:27:03.597+08:00
6680,鑫創電子,TPEx,otc,pre_reference_A,2026-10-08T13:27:00.000+08:00,2026-10-08T13:27:06.313+08:00,2026-10-08T13:27:12.637+08:00,13:27:08,20261008,MISSING,MISSING,MISSING,MISSING,MISSING,13:25:12,-,-,0,-,-,20261008,MISSING,-,-,-,200,null,False,False,True,selected_result,0,14,50,7d1b35d5cb71dfa128b79b87c9b88e719f3767f61f15670856d6d7044585d621,4637.0,FRESH,no_trade_or_incomplete_identity,NO_NESTED_TRADE_ZERO_REPORTED_VOLUME,results/pre_reference_A_raw.jsonl,14,4a6097a6d66b5c0215b13da649592e0306ab87a26d1fb0d47af307603dddc56a,"{""@"": ""6680.tw"", ""tv"": ""-"", ""ps"": ""-"", ""pid"": ""20.otc.tw|1374605"", ""pz"": ""-"", ""bp"": ""0"", ""m%"": ""078840"", ""^"": ""20261008"", ""key"": ""otc_6680.tw_20261008"", ""a"": ""52.3000_54.5000_54.8000_54.9000_55.0000_"", ""b"": ""50.1000_50.0000_49.1500_47.5500_45.3000_"", ""c"": ""6680"", ""#"": ""20.otc.tw|1379144"", ""d"": ""20261008"", ""%"": ""13:25:12"", ""ch"": ""6680.tw"", ""tlong"": ""1791437112000"", ""f"": ""1_2_1_1_3_"", ""g"": ""3_1_1_1_1_"", ""ip"": ""0"", ""mt"": ""078840"", ""h"": ""-"", ""i"": ""25"", ""it"": ""12"", ""l"": ""-"", ""n"": ""鑫創電子"", ""o"": ""-"", ""p"": ""0"", ""ex"": ""otc"", ""s"": ""-"", ""t"": ""13:25:12"", ""u"": ""55.1000"", ""v"": ""0"", ""w"": ""45.1000"", ""nf"": ""鑫創電子股份有限公司"", ""y"": ""50.1000"", ""z"": ""-"", ""ts"": ""1""}",37730234383,11530906396,mis-probe-37730234383,1b4caf9efcbb0575771726b356751f177bba37439179cb14bfc9b8a9bc9a88e0,2026-10-08,2026-10-08T13:35:00+08:00,UNCALCULABLE_EVIDENCE_V1,d8fcacd07b965f537a310485ddfbdfef96f5df25,live/replay implementation base; diagnostic file hash identifies this uncommitted report generator,be28204cf9fc4a1a9edb20ce07b6838c503e385bafa0237a6a1b04ee9857f28a,2dd62b249a181d7045c957f0c33501cc574723cd,37742790398,2026-10-08T15:20:18.859+08:00,2026-10-08T17:27:03.597+08:00
6680,鑫創電子,TPEx,otc,pre_reference_B,2026-10-08T13:28:15.000+08:00,2026-10-08T13:28:24.120+08:00,2026-10-08T13:28:33.957+08:00,13:28:29,20261008,MISSING,MISSING,MISSING,MISSING,MISSING,13:25:12,-,-,0,-,-,20261008,MISSING,-,-,-,200,null,False,False,True,selected_result,0,14,50,7d1b35d5cb71dfa128b79b87c9b88e719f3767f61f15670856d6d7044585d621,4957.0,FRESH,no_trade_or_incomplete_identity,NO_NESTED_TRADE_ZERO_REPORTED_VOLUME,results/pre_reference_B_raw.jsonl,14,7c2e372c14f0522b9f4d79f39d106be4d9a45c55fe132879e610b477287811fd,"{""@"": ""6680.tw"", ""tv"": ""-"", ""ps"": ""-"", ""pid"": ""20.otc.tw|1390702"", ""pz"": ""-"", ""bp"": ""0"", ""m%"": ""078840"", ""^"": ""20261008"", ""key"": ""otc_6680.tw_20261008"", ""a"": ""52.3000_54.5000_54.8000_54.9000_55.0000_"", ""b"": ""50.1000_50.0000_49.1500_47.5500_45.3000_"", ""c"": ""6680"", ""#"": ""20.otc.tw|1394702"", ""d"": ""20261008"", ""%"": ""13:25:12"", ""ch"": ""6680.tw"", ""tlong"": ""1791437112000"", ""f"": ""1_2_1_1_3_"", ""g"": ""3_1_1_1_1_"", ""ip"": ""0"", ""mt"": ""078840"", ""h"": ""-"", ""i"": ""25"", ""it"": ""12"", ""l"": ""-"", ""n"": ""鑫創電子"", ""o"": ""-"", ""p"": ""0"", ""ex"": ""otc"", ""s"": ""-"", ""t"": ""13:25:12"", ""u"": ""55.1000"", ""v"": ""0"", ""w"": ""45.1000"", ""nf"": ""鑫創電子股份有限公司"", ""y"": ""50.1000"", ""z"": ""-"", ""ts"": ""1""}",37730234383,11530906396,mis-probe-37730234383,1b4caf9efcbb0575771726b356751f177bba37439179cb14bfc9b8a9bc9a88e0,2026-10-08,2026-10-08T13:35:00+08:00,UNCALCULABLE_EVIDENCE_V1,d8fcacd07b965f537a310485ddfbdfef96f5df25,live/replay implementation base; diagnostic file hash identifies this uncommitted report generator,be28204cf9fc4a1a9edb20ce07b6838c503e385bafa0237a6a1b04ee9857f28a,2dd62b249a181d7045c957f0c33501cc574723cd,37742790398,2026-10-08T15:20:18.859+08:00,2026-10-08T17:27:03.597+08:00
6680,鑫創電子,TPEx,otc,pre_targeted_retry,2026-10-08T13:28:48.457+08:00,2026-10-08T13:28:48.459+08:00,2026-10-08T13:28:50.437+08:00,13:28:49,20261008,MISSING,MISSING,MISSING,MISSING,MISSING,13:25:12,-,-,0,-,-,20261008,MISSING,-,-,-,200,null,False,False,True,selected_result,0,3,39,fcf0d3c316124e6be0f20b6125219739e6f1c2cb9ffa834badf2bb99872a8b08,1437.0,FRESH,no_trade_or_incomplete_identity,NO_NESTED_TRADE_ZERO_REPORTED_VOLUME,results/pre_targeted_retry_raw.jsonl,3,d0c2509fcbc842a18f80fe6ff68c1637f7fa5ac9e78c527b23152de701b62e32,"{""@"": ""6680.tw"", ""tv"": ""-"", ""ps"": ""-"", ""pid"": ""20.otc.tw|1390702"", ""pz"": ""-"", ""bp"": ""0"", ""m%"": ""078840"", ""^"": ""20261008"", ""key"": ""otc_6680.tw_20261008"", ""a"": ""52.3000_54.5000_54.8000_54.9000_55.0000_"", ""b"": ""50.1000_50.0000_49.1500_47.5500_45.3000_"", ""c"": ""6680"", ""#"": ""20.otc.tw|1394702"", ""d"": ""20261008"", ""%"": ""13:25:12"", ""ch"": ""6680.tw"", ""tlong"": ""1791437112000"", ""f"": ""1_2_1_1_3_"", ""g"": ""3_1_1_1_1_"", ""ip"": ""0"", ""mt"": ""078840"", ""h"": ""-"", ""i"": ""25"", ""it"": ""12"", ""l"": ""-"", ""n"": ""鑫創電子"", ""o"": ""-"", ""p"": ""0"", ""ex"": ""otc"", ""s"": ""-"", ""t"": ""13:25:12"", ""u"": ""55.1000"", ""v"": ""0"", ""w"": ""45.1000"", ""nf"": ""鑫創電子股份有限公司"", ""y"": ""50.1000"", ""z"": ""-"", ""ts"": ""1""}",37730234383,11530906396,mis-probe-37730234383,1b4caf9efcbb0575771726b356751f177bba37439179cb14bfc9b8a9bc9a88e0,2026-10-08,2026-10-08T13:35:00+08:00,UNCALCULABLE_EVIDENCE_V1,d8fcacd07b965f537a310485ddfbdfef96f5df25,live/replay implementation base; diagnostic file hash identifies this uncommitted report generator,be28204cf9fc4a1a9edb20ce07b6838c503e385bafa0237a6a1b04ee9857f28a,2dd62b249a181d7045c957f0c33501cc574723cd,37742790398,2026-10-08T15:20:18.859+08:00,2026-10-08T17:27:03.597+08:00
6680,鑫創電子,TPEx,otc,pre_targeted_retry,2026-10-08T13:28:57.201+08:00,2026-10-08T13:28:57.201+08:00,2026-10-08T13:28:58.004+08:00,MISSING,MISSING,MISSING,MISSING,MISSING,MISSING,MISSING,MISSING,MISSING,MISSING,MISSING,MISSING,MISSING,MISSING,MISSING,MISSING,MISSING,MISSING,null,RESPONSE_AFTER_CAPTURE_DEADLINE:URLError:<urlopen error timed out>,True,False,True,HTTP_attempt,0,1,25,248ef639ea777795f75262d307ea71aa2ea127a7cbb84226f95511e1565f3950,null,NOT_FRESH_OR_UNAVAILABLE,RESPONSE_AFTER_CAPTURE_DEADLINE:URLError:<urlopen error timed out>,NO_RESPONSE_ITEM,results/pre_targeted_retry_raw.jsonl,4,5f26b410f8b93db9844cc880f137cf9653c7a33ef31353cec3dd6d7ac17220b2,MISSING,37730234383,11530906396,mis-probe-37730234383,1b4caf9efcbb0575771726b356751f177bba37439179cb14bfc9b8a9bc9a88e0,2026-10-08,2026-10-08T13:35:00+08:00,UNCALCULABLE_EVIDENCE_V1,d8fcacd07b965f537a310485ddfbdfef96f5df25,live/replay implementation base; diagnostic file hash identifies this uncommitted report generator,be28204cf9fc4a1a9edb20ce07b6838c503e385bafa0237a6a1b04ee9857f28a,2dd62b249a181d7045c957f0c33501cc574723cd,37742790398,2026-10-08T15:20:18.859+08:00,2026-10-08T17:27:03.597+08:00
6680,鑫創電子,TPEx,otc,pre_targeted_retry,2026-10-08T13:28:57.201+08:00,2026-10-08T13:28:58.505+08:00,2026-10-08T13:28:58.505+08:00,MISSING,MISSING,MISSING,MISSING,MISSING,MISSING,MISSING,MISSING,MISSING,MISSING,MISSING,MISSING,MISSING,MISSING,MISSING,MISSING,MISSING,MISSING,null,CAPTURE_DEADLINE_NO_REQUEST,True,False,False,selected_result,null,1,25,248ef639ea777795f75262d307ea71aa2ea127a7cbb84226f95511e1565f3950,null,NOT_FRESH_OR_UNAVAILABLE,CAPTURE_DEADLINE_NO_REQUEST,NO_RESPONSE_ITEM,results/pre_targeted_retry_raw.jsonl,4,5f26b410f8b93db9844cc880f137cf9653c7a33ef31353cec3dd6d7ac17220b2,MISSING,37730234383,11530906396,mis-probe-37730234383,1b4caf9efcbb0575771726b356751f177bba37439179cb14bfc9b8a9bc9a88e0,2026-10-08,2026-10-08T13:35:00+08:00,UNCALCULABLE_EVIDENCE_V1,d8fcacd07b965f537a310485ddfbdfef96f5df25,live/replay implementation base; diagnostic file hash identifies this uncommitted report generator,be28204cf9fc4a1a9edb20ce07b6838c503e385bafa0237a6a1b04ee9857f28a,2dd62b249a181d7045c957f0c33501cc574723cd,37742790398,2026-10-08T15:20:18.859+08:00,2026-10-08T17:27:03.597+08:00
6680,鑫創電子,TPEx,otc,pre_reference_C,2026-10-08T13:29:00.000+08:00,2026-10-08T13:29:07.590+08:00,2026-10-08T13:29:10.418+08:00,13:28:29,20261008,39390,MISSING,MISSING,MISSING,MISSING,13:25:12,-,-,0,-,-,20261008,MISSING,-,-,-,200,null,False,False,True,selected_result,0,14,50,7d1b35d5cb71dfa128b79b87c9b88e719f3767f61f15670856d6d7044585d621,41418.0,NOT_FRESH_OR_UNAVAILABLE,stale_cache,NO_NESTED_TRADE_ZERO_REPORTED_VOLUME,results/pre_reference_C_raw.jsonl,14,397424b6c125d826a0ab4be4dcd4160c51cf6eccf5f130616fdfbb47147e10b3,"{""@"": ""6680.tw"", ""tv"": ""-"", ""ps"": ""-"", ""pid"": ""20.otc.tw|1390702"", ""pz"": ""-"", ""bp"": ""0"", ""m%"": ""078840"", ""^"": ""20261008"", ""key"": ""otc_6680.tw_20261008"", ""a"": ""52.3000_54.5000_54.8000_54.9000_55.0000_"", ""b"": ""50.1000_50.0000_49.1500_47.5500_45.3000_"", ""c"": ""6680"", ""#"": ""20.otc.tw|1394702"", ""d"": ""20261008"", ""%"": ""13:25:12"", ""ch"": ""6680.tw"", ""tlong"": ""1791437112000"", ""f"": ""1_2_1_1_3_"", ""g"": ""3_1_1_1_1_"", ""ip"": ""0"", ""mt"": ""078840"", ""h"": ""-"", ""i"": ""25"", ""it"": ""12"", ""l"": ""-"", ""n"": ""鑫創電子"", ""o"": ""-"", ""p"": ""0"", ""ex"": ""otc"", ""s"": ""-"", ""t"": ""13:25:12"", ""u"": ""55.1000"", ""v"": ""0"", ""w"": ""45.1000"", ""nf"": ""鑫創電子股份有限公司"", ""y"": ""50.1000"", ""z"": ""-"", ""ts"": ""1""}",37730234383,11530906396,mis-probe-37730234383,1b4caf9efcbb0575771726b356751f177bba37439179cb14bfc9b8a9bc9a88e0,2026-10-08,2026-10-08T13:35:00+08:00,UNCALCULABLE_EVIDENCE_V1,d8fcacd07b965f537a310485ddfbdfef96f5df25,live/replay implementation base; diagnostic file hash identifies this uncommitted report generator,be28204cf9fc4a1a9edb20ce07b6838c503e385bafa0237a6a1b04ee9857f28a,2dd62b249a181d7045c957f0c33501cc574723cd,37742790398,2026-10-08T15:20:18.859+08:00,2026-10-08T17:27:03.597+08:00
6680,鑫創電子,TPEx,otc,pre_targeted_retry,2026-10-08T13:29:25.164+08:00,2026-10-08T13:29:25.164+08:00,2026-10-08T13:29:26.413+08:00,13:29:26,20261008,MISSING,MISSING,MISSING,MISSING,MISSING,13:25:12,-,-,0,-,-,20261008,MISSING,-,-,-,200,null,False,False,True,selected_result,0,1,25,248ef639ea777795f75262d307ea71aa2ea127a7cbb84226f95511e1565f3950,413.0,FRESH,no_trade_or_incomplete_identity,NO_NESTED_TRADE_ZERO_REPORTED_VOLUME,results/pre_targeted_retry_raw.jsonl,5,0c1134bcaf38056edad5878f09621ec4ba8e54998c4e4f98959e48041108ccfd,"{""@"": ""6680.tw"", ""tv"": ""-"", ""ps"": ""-"", ""pid"": ""20.otc.tw|1394702"", ""pz"": ""-"", ""bp"": ""0"", ""m%"": ""078840"", ""^"": ""20261008"", ""key"": ""otc_6680.tw_20261008"", ""a"": ""52.3000_54.5000_54.8000_54.9000_55.0000_"", ""b"": ""50.1000_50.0000_49.1500_47.5500_45.3000_"", ""c"": ""6680"", ""#"": ""20.otc.tw|1398662"", ""d"": ""20261008"", ""%"": ""13:25:12"", ""ch"": ""6680.tw"", ""tlong"": ""1791437112000"", ""f"": ""1_2_1_1_3_"", ""g"": ""3_1_1_1_1_"", ""ip"": ""0"", ""mt"": ""078840"", ""h"": ""-"", ""i"": ""25"", ""it"": ""12"", ""l"": ""-"", ""n"": ""鑫創電子"", ""o"": ""-"", ""p"": ""0"", ""ex"": ""otc"", ""s"": ""-"", ""t"": ""13:25:12"", ""u"": ""55.1000"", ""v"": ""0"", ""w"": ""45.1000"", ""nf"": ""鑫創電子股份有限公司"", ""y"": ""50.1000"", ""z"": ""-"", ""ts"": ""1""}",37730234383,11530906396,mis-probe-37730234383,1b4caf9efcbb0575771726b356751f177bba37439179cb14bfc9b8a9bc9a88e0,2026-10-08,2026-10-08T13:35:00+08:00,UNCALCULABLE_EVIDENCE_V1,d8fcacd07b965f537a310485ddfbdfef96f5df25,live/replay implementation base; diagnostic file hash identifies this uncommitted report generator,be28204cf9fc4a1a9edb20ce07b6838c503e385bafa0237a6a1b04ee9857f28a,2dd62b249a181d7045c957f0c33501cc574723cd,37742790398,2026-10-08T15:20:18.859+08:00,2026-10-08T17:27:03.597+08:00
6680,鑫創電子,TPEx,otc,close_reference_A,2026-10-08T13:32:30.000+08:00,2026-10-08T13:32:33.395+08:00,2026-10-08T13:32:34.830+08:00,13:32:34,20261008,MISSING,MISSING,MISSING,MISSING,MISSING,13:30:00,-,-,0,-,-,20261008,MISSING,-,-,-,200,null,False,False,True,selected_result,0,14,50,7d1b35d5cb71dfa128b79b87c9b88e719f3767f61f15670856d6d7044585d621,830.0,FRESH,no_trade_or_incomplete_identity,NO_NESTED_TRADE_ZERO_REPORTED_VOLUME,results/close_reference_A_raw.jsonl,14,e05d82f25eb1d8d5c16bed3e1207ffe136730a56fd6e715c46ba2f7023847f49,"{""@"": ""6680.tw"", ""tv"": ""-"", ""ps"": ""-"", ""pid"": ""20.otc.tw|1415641"", ""pz"": ""-"", ""bp"": ""0"", ""m%"": ""000000"", ""^"": ""20261008"", ""key"": ""otc_6680.tw_20261008"", ""a"": ""52.3000_54.5000_54.8000_54.9000_55.0000_"", ""b"": ""50.1000_50.0000_49.1500_47.5500_45.3000_"", ""c"": ""6680"", ""#"": ""20.otc.tw|1417037"", ""d"": ""20261008"", ""%"": ""13:30:00"", ""ch"": ""6680.tw"", ""tlong"": ""1791437400000"", ""f"": ""1_2_1_1_3_"", ""g"": ""3_1_1_1_1_"", ""ip"": ""0"", ""mt"": ""000000"", ""h"": ""-"", ""i"": ""25"", ""it"": ""12"", ""l"": ""-"", ""n"": ""鑫創電子"", ""o"": ""-"", ""p"": ""0"", ""ex"": ""otc"", ""s"": ""-"", ""t"": ""13:30:00"", ""u"": ""55.1000"", ""v"": ""0"", ""w"": ""45.1000"", ""nf"": ""鑫創電子股份有限公司"", ""y"": ""50.1000"", ""z"": ""-"", ""ts"": ""0""}",37730234383,11530906396,mis-probe-37730234383,1b4caf9efcbb0575771726b356751f177bba37439179cb14bfc9b8a9bc9a88e0,2026-10-08,2026-10-08T13:35:00+08:00,UNCALCULABLE_EVIDENCE_V1,d8fcacd07b965f537a310485ddfbdfef96f5df25,live/replay implementation base; diagnostic file hash identifies this uncommitted report generator,be28204cf9fc4a1a9edb20ce07b6838c503e385bafa0237a6a1b04ee9857f28a,2dd62b249a181d7045c957f0c33501cc574723cd,37742790398,2026-10-08T15:20:18.859+08:00,2026-10-08T17:27:03.597+08:00
6680,鑫創電子,TPEx,otc,close_reference_B,2026-10-08T13:33:20.000+08:00,2026-10-08T13:33:42.512+08:00,2026-10-08T13:33:48.125+08:00,13:33:45,20261008,MISSING,MISSING,MISSING,MISSING,MISSING,13:30:00,-,-,0,-,-,20261008,MISSING,-,-,-,200,null,False,False,True,selected_result,0,27,50,015cedb26cab76e0137e7e6f6cff0b00016e5514b32c9acbcd77eb6cae02c256,3125.0,FRESH,no_trade_or_incomplete_identity,NO_NESTED_TRADE_ZERO_REPORTED_VOLUME,results/close_reference_B_raw.jsonl,27,37e3dfd2e08513bcc30882a9b6f78cd4999fb9751f90ba4df7bbb6bc8869e4bc,"{""@"": ""6680.tw"", ""tv"": ""-"", ""ps"": ""-"", ""pid"": ""20.otc.tw|1418432"", ""pz"": ""-"", ""bp"": ""0"", ""m%"": ""000000"", ""^"": ""20261008"", ""key"": ""otc_6680.tw_20261008"", ""a"": ""52.3000_54.5000_54.8000_54.9000_55.0000_"", ""b"": ""50.1000_50.0000_49.1500_47.5500_45.3000_"", ""c"": ""6680"", ""#"": ""20.otc.tw|1419839"", ""d"": ""20261008"", ""%"": ""13:30:00"", ""ch"": ""6680.tw"", ""tlong"": ""1791437400000"", ""f"": ""1_2_1_1_3_"", ""g"": ""3_1_1_1_1_"", ""ip"": ""0"", ""mt"": ""000000"", ""h"": ""-"", ""i"": ""25"", ""it"": ""12"", ""l"": ""-"", ""n"": ""鑫創電子"", ""o"": ""-"", ""p"": ""0"", ""ex"": ""otc"", ""s"": ""-"", ""t"": ""13:30:00"", ""u"": ""55.1000"", ""v"": ""0"", ""w"": ""45.1000"", ""nf"": ""鑫創電子股份有限公司"", ""y"": ""50.1000"", ""z"": ""-"", ""ts"": ""0""}",37730234383,11530906396,mis-probe-37730234383,1b4caf9efcbb0575771726b356751f177bba37439179cb14bfc9b8a9bc9a88e0,2026-10-08,2026-10-08T13:35:00+08:00,UNCALCULABLE_EVIDENCE_V1,d8fcacd07b965f537a310485ddfbdfef96f5df25,live/replay implementation base; diagnostic file hash identifies this uncommitted report generator,be28204cf9fc4a1a9edb20ce07b6838c503e385bafa0237a6a1b04ee9857f28a,2dd62b249a181d7045c957f0c33501cc574723cd,37742790398,2026-10-08T15:20:18.859+08:00,2026-10-08T17:27:03.597+08:00
6680,鑫創電子,TPEx,otc,close_reference_C,2026-10-08T13:34:10.000+08:00,2026-10-08T13:34:10.000+08:00,2026-10-08T13:34:10.842+08:00,13:34:10,20261008,MISSING,MISSING,MISSING,MISSING,MISSING,13:30:00,-,-,0,-,-,20261008,MISSING,-,-,-,200,null,False,False,True,selected_result,0,1,29,6550d2287e85a4df0a8ec64d1c160e0dc59f57f02c6945a778432e2a5dbcb5cc,842.0,FRESH,no_trade_or_incomplete_identity,NO_NESTED_TRADE_ZERO_REPORTED_VOLUME,results/close_reference_C_raw.jsonl,1,776473020c3a315a7830eb9cd7529a970b86db8333a6313c2949d48c5d1d97ce,"{""@"": ""6680.tw"", ""tv"": ""-"", ""ps"": ""-"", ""pid"": ""20.otc.tw|1418432"", ""pz"": ""-"", ""bp"": ""0"", ""m%"": ""000000"", ""^"": ""20261008"", ""key"": ""otc_6680.tw_20261008"", ""a"": ""52.3000_54.5000_54.8000_54.9000_55.0000_"", ""b"": ""50.1000_50.0000_49.1500_47.5500_45.3000_"", ""c"": ""6680"", ""#"": ""20.otc.tw|1419839"", ""d"": ""20261008"", ""%"": ""13:30:00"", ""ch"": ""6680.tw"", ""tlong"": ""1791437400000"", ""f"": ""1_2_1_1_3_"", ""g"": ""3_1_1_1_1_"", ""ip"": ""0"", ""mt"": ""000000"", ""h"": ""-"", ""i"": ""25"", ""it"": ""12"", ""l"": ""-"", ""n"": ""鑫創電子"", ""o"": ""-"", ""p"": ""0"", ""ex"": ""otc"", ""s"": ""-"", ""t"": ""13:30:00"", ""u"": ""55.1000"", ""v"": ""0"", ""w"": ""45.1000"", ""nf"": ""鑫創電子股份有限公司"", ""y"": ""50.1000"", ""z"": ""-"", ""ts"": ""0""}",37730234383,11530906396,mis-probe-37730234383,1b4caf9efcbb0575771726b356751f177bba37439179cb14bfc9b8a9bc9a88e0,2026-10-08,2026-10-08T13:35:00+08:00,UNCALCULABLE_EVIDENCE_V1,d8fcacd07b965f537a310485ddfbdfef96f5df25,live/replay implementation base; diagnostic file hash identifies this uncommitted report generator,be28204cf9fc4a1a9edb20ce07b6838c503e385bafa0237a6a1b04ee9857f28a,2dd62b249a181d7045c957f0c33501cc574723cd,37742790398,2026-10-08T15:20:18.859+08:00,2026-10-08T17:27:03.597+08:00
6680,鑫創電子,TPEx,otc,per_second_probe,MISSING,MISSING,MISSING,MISSING,MISSING,MISSING,MISSING,MISSING,MISSING,MISSING,MISSING,MISSING,MISSING,MISSING,MISSING,MISSING,MISSING,MISSING,MISSING,MISSING,MISSING,MISSING,NOT_SAMPLED,MISSING,MISSING,False,coverage_note,MISSING,MISSING,MISSING,MISSING,MISSING,MISSING,MISSING,MISSING,results/probe_raw.jsonl,MISSING,MISSING,MISSING,37730234383,11530906396,mis-probe-37730234383,1b4caf9efcbb0575771726b356751f177bba37439179cb14bfc9b8a9bc9a88e0,2026-10-08,2026-10-08T13:35:00+08:00,UNCALCULABLE_EVIDENCE_V1,d8fcacd07b965f537a310485ddfbdfef96f5df25,live/replay implementation base; diagnostic file hash identifies this uncommitted report generator,be28204cf9fc4a1a9edb20ce07b6838c503e385bafa0237a6a1b04ee9857f28a,2dd62b249a181d7045c957f0c33501cc574723cd,37742790398,2026-10-08T15:20:18.859+08:00,2026-10-08T17:27:03.597+08:00
6762,達亞,TPEx,otc,preclose,2026-10-08T13:24:50.000+08:00,2026-10-08T13:24:56.268+08:00,2026-10-08T13:24:58.416+08:00,13:24:58,20261008,MISSING,MISSING,MISSING,MISSING,MISSING,12:12:16,-,-,0,-,-,20261008,MISSING,-,-,-,200,null,False,False,True,selected_result,0,14,50,7d1b35d5cb71dfa128b79b87c9b88e719f3767f61f15670856d6d7044585d621,416.0,FRESH,stale_cache,NO_NESTED_TRADE_ZERO_REPORTED_VOLUME,results/preclose_raw.jsonl,14,c10adc9cbedd02879c53c6673fb1ac32255d8be3b2fd5199ca55b4fc9d78b6ef,"{""@"": ""6762.tw"", ""tv"": ""-"", ""ps"": ""-"", ""pid"": ""20.otc.tw|1359313"", ""pz"": ""-"", ""bp"": ""0"", ""m%"": ""488486"", ""^"": ""20261008"", ""key"": ""otc_6762.tw_20261008"", ""a"": ""158.0000_159.0000_160.0000_161.0000_162.0000_"", ""b"": ""153.0000_145.0000_142.5000_142.0000_141.5000_"", ""c"": ""6762"", ""#"": ""20.otc.tw|1361963"", ""d"": ""20261008"", ""%"": ""12:12:16"", ""ch"": ""6762.tw"", ""tlong"": ""1791432736000"", ""f"": ""1_1_1_1_1_"", ""g"": ""3_1_1_2_1_"", ""ip"": ""0"", ""mt"": ""488486"", ""h"": ""-"", ""i"": ""22"", ""it"": ""12"", ""l"": ""-"", ""n"": ""達亞"", ""o"": ""-"", ""p"": ""0"", ""ex"": ""otc"", ""s"": ""-"", ""t"": ""12:12:16"", ""u"": ""172.5000"", ""v"": ""0"", ""w"": ""141.5000"", ""nf"": ""達亞國際股份有限公司"", ""y"": ""157.0000"", ""z"": ""-"", ""ts"": ""0""}",37730234383,11530906396,mis-probe-37730234383,1b4caf9efcbb0575771726b356751f177bba37439179cb14bfc9b8a9bc9a88e0,2026-10-08,2026-10-08T13:35:00+08:00,UNCALCULABLE_EVIDENCE_V1,d8fcacd07b965f537a310485ddfbdfef96f5df25,live/replay implementation base; diagnostic file hash identifies this uncommitted report generator,be28204cf9fc4a1a9edb20ce07b6838c503e385bafa0237a6a1b04ee9857f28a,2dd62b249a181d7045c957f0c33501cc574723cd,37742790398,2026-10-08T15:20:18.859+08:00,2026-10-08T17:27:03.597+08:00
6762,達亞,TPEx,otc,pre_reference_A,2026-10-08T13:27:00.000+08:00,2026-10-08T13:27:06.313+08:00,2026-10-08T13:27:12.637+08:00,13:27:08,20261008,MISSING,MISSING,MISSING,MISSING,MISSING,13:25:01,-,-,0,-,-,20261008,MISSING,-,-,-,200,null,False,False,True,selected_result,0,14,50,7d1b35d5cb71dfa128b79b87c9b88e719f3767f61f15670856d6d7044585d621,4637.0,FRESH,no_trade_or_incomplete_identity,NO_NESTED_TRADE_ZERO_REPORTED_VOLUME,results/pre_reference_A_raw.jsonl,14,4a6097a6d66b5c0215b13da649592e0306ab87a26d1fb0d47af307603dddc56a,"{""@"": ""6762.tw"", ""tv"": ""-"", ""ps"": ""-"", ""pid"": ""20.otc.tw|1372791"", ""pz"": ""-"", ""bp"": ""0"", ""m%"": ""040444"", ""^"": ""20261008"", ""key"": ""otc_6762.tw_20261008"", ""a"": ""158.0000_159.0000_160.0000_161.0000_162.0000_"", ""b"": ""153.0000_145.0000_142.5000_142.0000_141.5000_"", ""c"": ""6762"", ""#"": ""20.otc.tw|1377694"", ""d"": ""20261008"", ""%"": ""13:25:01"", ""ch"": ""6762.tw"", ""tlong"": ""1791437101000"", ""f"": ""1_1_1_1_1_"", ""g"": ""3_1_1_2_1_"", ""ip"": ""0"", ""mt"": ""040444"", ""h"": ""-"", ""i"": ""22"", ""it"": ""12"", ""l"": ""-"", ""n"": ""達亞"", ""o"": ""-"", ""p"": ""0"", ""ex"": ""otc"", ""s"": ""-"", ""t"": ""13:25:01"", ""u"": ""172.5000"", ""v"": ""0"", ""w"": ""141.5000"", ""nf"": ""達亞國際股份有限公司"", ""y"": ""157.0000"", ""z"": ""-"", ""ts"": ""1""}",37730234383,11530906396,mis-probe-37730234383,1b4caf9efcbb0575771726b356751f177bba37439179cb14bfc9b8a9bc9a88e0,2026-10-08,2026-10-08T13:35:00+08:00,UNCALCULABLE_EVIDENCE_V1,d8fcacd07b965f537a310485ddfbdfef96f5df25,live/replay implementation base; diagnostic file hash identifies this uncommitted report generator,be28204cf9fc4a1a9edb20ce07b6838c503e385bafa0237a6a1b04ee9857f28a,2dd62b249a181d7045c957f0c33501cc574723cd,37742790398,2026-10-08T15:20:18.859+08:00,2026-10-08T17:27:03.597+08:00
6762,達亞,TPEx,otc,pre_reference_B,2026-10-08T13:28:15.000+08:00,2026-10-08T13:28:24.120+08:00,2026-10-08T13:28:33.957+08:00,13:28:29,20261008,MISSING,MISSING,MISSING,MISSING,MISSING,13:25:01,-,-,0,-,-,20261008,MISSING,-,-,-,200,null,False,False,True,selected_result,0,14,50,7d1b35d5cb71dfa128b79b87c9b88e719f3767f61f15670856d6d7044585d621,4957.0,FRESH,no_trade_or_incomplete_identity,NO_NESTED_TRADE_ZERO_REPORTED_VOLUME,results/pre_reference_B_raw.jsonl,14,7c2e372c14f0522b9f4d79f39d106be4d9a45c55fe132879e610b477287811fd,"{""@"": ""6762.tw"", ""tv"": ""-"", ""ps"": ""-"", ""pid"": ""20.otc.tw|1389421"", ""pz"": ""-"", ""bp"": ""0"", ""m%"": ""040444"", ""^"": ""20261008"", ""key"": ""otc_6762.tw_20261008"", ""a"": ""158.0000_159.0000_160.0000_161.0000_162.0000_"", ""b"": ""153.0000_145.0000_142.5000_142.0000_141.5000_"", ""c"": ""6762"", ""#"": ""20.otc.tw|1393203"", ""d"": ""20261008"", ""%"": ""13:25:01"", ""ch"": ""6762.tw"", ""tlong"": ""1791437101000"", ""f"": ""1_1_1_1_1_"", ""g"": ""3_1_1_2_1_"", ""ip"": ""0"", ""mt"": ""040444"", ""h"": ""-"", ""i"": ""22"", ""it"": ""12"", ""l"": ""-"", ""n"": ""達亞"", ""o"": ""-"", ""p"": ""0"", ""ex"": ""otc"", ""s"": ""-"", ""t"": ""13:25:01"", ""u"": ""172.5000"", ""v"": ""0"", ""w"": ""141.5000"", ""nf"": ""達亞國際股份有限公司"", ""y"": ""157.0000"", ""z"": ""-"", ""ts"": ""1""}",37730234383,11530906396,mis-probe-37730234383,1b4caf9efcbb0575771726b356751f177bba37439179cb14bfc9b8a9bc9a88e0,2026-10-08,2026-10-08T13:35:00+08:00,UNCALCULABLE_EVIDENCE_V1,d8fcacd07b965f537a310485ddfbdfef96f5df25,live/replay implementation base; diagnostic file hash identifies this uncommitted report generator,be28204cf9fc4a1a9edb20ce07b6838c503e385bafa0237a6a1b04ee9857f28a,2dd62b249a181d7045c957f0c33501cc574723cd,37742790398,2026-10-08T15:20:18.859+08:00,2026-10-08T17:27:03.597+08:00
6762,達亞,TPEx,otc,pre_targeted_retry,2026-10-08T13:28:48.457+08:00,2026-10-08T13:28:48.459+08:00,2026-10-08T13:28:50.437+08:00,13:28:49,20261008,MISSING,MISSING,MISSING,MISSING,MISSING,13:25:01,-,-,0,-,-,20261008,MISSING,-,-,-,200,null,False,False,True,selected_result,0,3,39,fcf0d3c316124e6be0f20b6125219739e6f1c2cb9ffa834badf2bb99872a8b08,1437.0,FRESH,no_trade_or_incomplete_identity,NO_NESTED_TRADE_ZERO_REPORTED_VOLUME,results/pre_targeted_retry_raw.jsonl,3,d0c2509fcbc842a18f80fe6ff68c1637f7fa5ac9e78c527b23152de701b62e32,"{""@"": ""6762.tw"", ""tv"": ""-"", ""ps"": ""-"", ""pid"": ""20.otc.tw|1393203"", ""pz"": ""-"", ""bp"": ""0"", ""m%"": ""040444"", ""^"": ""20261008"", ""key"": ""otc_6762.tw_20261008"", ""a"": ""158.0000_159.0000_160.0000_161.0000_162.0000_"", ""b"": ""153.0000_145.0000_142.5000_142.0000_141.5000_"", ""c"": ""6762"", ""#"": ""20.otc.tw|1397391"", ""d"": ""20261008"", ""%"": ""13:25:01"", ""ch"": ""6762.tw"", ""tlong"": ""1791437101000"", ""f"": ""1_1_1_1_1_"", ""g"": ""3_1_1_2_1_"", ""ip"": ""0"", ""mt"": ""040444"", ""h"": ""-"", ""i"": ""22"", ""it"": ""12"", ""l"": ""-"", ""n"": ""達亞"", ""o"": ""-"", ""p"": ""0"", ""ex"": ""otc"", ""s"": ""-"", ""t"": ""13:25:01"", ""u"": ""172.5000"", ""v"": ""0"", ""w"": ""141.5000"", ""nf"": ""達亞國際股份有限公司"", ""y"": ""157.0000"", ""z"": ""-"", ""ts"": ""1""}",37730234383,11530906396,mis-probe-37730234383,1b4caf9efcbb0575771726b356751f177bba37439179cb14bfc9b8a9bc9a88e0,2026-10-08,2026-10-08T13:35:00+08:00,UNCALCULABLE_EVIDENCE_V1,d8fcacd07b965f537a310485ddfbdfef96f5df25,live/replay implementation base; diagnostic file hash identifies this uncommitted report generator,be28204cf9fc4a1a9edb20ce07b6838c503e385bafa0237a6a1b04ee9857f28a,2dd62b249a181d7045c957f0c33501cc574723cd,37742790398,2026-10-08T15:20:18.859+08:00,2026-10-08T17:27:03.597+08:00
6762,達亞,TPEx,otc,pre_targeted_retry,2026-10-08T13:28:57.201+08:00,2026-10-08T13:28:57.201+08:00,2026-10-08T13:28:58.004+08:00,MISSING,MISSING,MISSING,MISSING,MISSING,MISSING,MISSING,MISSING,MISSING,MISSING,MISSING,MISSING,MISSING,MISSING,MISSING,MISSING,MISSING,MISSING,null,RESPONSE_AFTER_CAPTURE_DEADLINE:URLError:<urlopen error timed out>,True,False,True,HTTP_attempt,0,1,25,248ef639ea777795f75262d307ea71aa2ea127a7cbb84226f95511e1565f3950,null,NOT_FRESH_OR_UNAVAILABLE,RESPONSE_AFTER_CAPTURE_DEADLINE:URLError:<urlopen error timed out>,NO_RESPONSE_ITEM,results/pre_targeted_retry_raw.jsonl,4,5f26b410f8b93db9844cc880f137cf9653c7a33ef31353cec3dd6d7ac17220b2,MISSING,37730234383,11530906396,mis-probe-37730234383,1b4caf9efcbb0575771726b356751f177bba37439179cb14bfc9b8a9bc9a88e0,2026-10-08,2026-10-08T13:35:00+08:00,UNCALCULABLE_EVIDENCE_V1,d8fcacd07b965f537a310485ddfbdfef96f5df25,live/replay implementation base; diagnostic file hash identifies this uncommitted report generator,be28204cf9fc4a1a9edb20ce07b6838c503e385bafa0237a6a1b04ee9857f28a,2dd62b249a181d7045c957f0c33501cc574723cd,37742790398,2026-10-08T15:20:18.859+08:00,2026-10-08T17:27:03.597+08:00
6762,達亞,TPEx,otc,pre_targeted_retry,2026-10-08T13:28:57.201+08:00,2026-10-08T13:28:58.505+08:00,2026-10-08T13:28:58.505+08:00,MISSING,MISSING,MISSING,MISSING,MISSING,MISSING,MISSING,MISSING,MISSING,MISSING,MISSING,MISSING,MISSING,MISSING,MISSING,MISSING,MISSING,MISSING,null,CAPTURE_DEADLINE_NO_REQUEST,True,False,False,selected_result,null,1,25,248ef639ea777795f75262d307ea71aa2ea127a7cbb84226f95511e1565f3950,null,NOT_FRESH_OR_UNAVAILABLE,CAPTURE_DEADLINE_NO_REQUEST,NO_RESPONSE_ITEM,results/pre_targeted_retry_raw.jsonl,4,5f26b410f8b93db9844cc880f137cf9653c7a33ef31353cec3dd6d7ac17220b2,MISSING,37730234383,11530906396,mis-probe-37730234383,1b4caf9efcbb0575771726b356751f177bba37439179cb14bfc9b8a9bc9a88e0,2026-10-08,2026-10-08T13:35:00+08:00,UNCALCULABLE_EVIDENCE_V1,d8fcacd07b965f537a310485ddfbdfef96f5df25,live/replay implementation base; diagnostic file hash identifies this uncommitted report generator,be28204cf9fc4a1a9edb20ce07b6838c503e385bafa0237a6a1b04ee9857f28a,2dd62b249a181d7045c957f0c33501cc574723cd,37742790398,2026-10-08T15:20:18.859+08:00,2026-10-08T17:27:03.597+08:00
6762,達亞,TPEx,otc,pre_reference_C,2026-10-08T13:29:00.000+08:00,2026-10-08T13:29:07.590+08:00,2026-10-08T13:29:10.418+08:00,13:28:29,20261008,39390,MISSING,MISSING,MISSING,MISSING,13:25:01,-,-,0,-,-,20261008,MISSING,-,-,-,200,null,False,False,True,selected_result,0,14,50,7d1b35d5cb71dfa128b79b87c9b88e719f3767f61f15670856d6d7044585d621,41418.0,NOT_FRESH_OR_UNAVAILABLE,stale_cache,NO_NESTED_TRADE_ZERO_REPORTED_VOLUME,results/pre_reference_C_raw.jsonl,14,397424b6c125d826a0ab4be4dcd4160c51cf6eccf5f130616fdfbb47147e10b3,"{""@"": ""6762.tw"", ""tv"": ""-"", ""ps"": ""-"", ""pid"": ""20.otc.tw|1389421"", ""pz"": ""-"", ""bp"": ""0"", ""m%"": ""040444"", ""^"": ""20261008"", ""key"": ""otc_6762.tw_20261008"", ""a"": ""158.0000_159.0000_160.0000_161.0000_162.0000_"", ""b"": ""153.0000_145.0000_142.5000_142.0000_141.5000_"", ""c"": ""6762"", ""#"": ""20.otc.tw|1393203"", ""d"": ""20261008"", ""%"": ""13:25:01"", ""ch"": ""6762.tw"", ""tlong"": ""1791437101000"", ""f"": ""1_1_1_1_1_"", ""g"": ""3_1_1_2_1_"", ""ip"": ""0"", ""mt"": ""040444"", ""h"": ""-"", ""i"": ""22"", ""it"": ""12"", ""l"": ""-"", ""n"": ""達亞"", ""o"": ""-"", ""p"": ""0"", ""ex"": ""otc"", ""s"": ""-"", ""t"": ""13:25:01"", ""u"": ""172.5000"", ""v"": ""0"", ""w"": ""141.5000"", ""nf"": ""達亞國際股份有限公司"", ""y"": ""157.0000"", ""z"": ""-"", ""ts"": ""1""}",37730234383,11530906396,mis-probe-37730234383,1b4caf9efcbb0575771726b356751f177bba37439179cb14bfc9b8a9bc9a88e0,2026-10-08,2026-10-08T13:35:00+08:00,UNCALCULABLE_EVIDENCE_V1,d8fcacd07b965f537a310485ddfbdfef96f5df25,live/replay implementation base; diagnostic file hash identifies this uncommitted report generator,be28204cf9fc4a1a9edb20ce07b6838c503e385bafa0237a6a1b04ee9857f28a,2dd62b249a181d7045c957f0c33501cc574723cd,37742790398,2026-10-08T15:20:18.859+08:00,2026-10-08T17:27:03.597+08:00
6762,達亞,TPEx,otc,pre_targeted_retry,2026-10-08T13:29:25.164+08:00,2026-10-08T13:29:25.164+08:00,2026-10-08T13:29:26.413+08:00,13:29:26,20261008,MISSING,MISSING,MISSING,MISSING,MISSING,13:25:01,-,-,0,-,-,20261008,MISSING,-,-,-,200,null,False,False,True,selected_result,0,1,25,248ef639ea777795f75262d307ea71aa2ea127a7cbb84226f95511e1565f3950,413.0,FRESH,no_trade_or_incomplete_identity,NO_NESTED_TRADE_ZERO_REPORTED_VOLUME,results/pre_targeted_retry_raw.jsonl,5,0c1134bcaf38056edad5878f09621ec4ba8e54998c4e4f98959e48041108ccfd,"{""@"": ""6762.tw"", ""tv"": ""-"", ""ps"": ""-"", ""pid"": ""20.otc.tw|1397391"", ""pz"": ""-"", ""bp"": ""0"", ""m%"": ""040444"", ""^"": ""20261008"", ""key"": ""otc_6762.tw_20261008"", ""a"": ""158.0000_159.0000_160.0000_161.0000_162.0000_"", ""b"": ""153.0000_145.0000_142.5000_142.0000_141.5000_"", ""c"": ""6762"", ""#"": ""20.otc.tw|1401305"", ""d"": ""20261008"", ""%"": ""13:25:01"", ""ch"": ""6762.tw"", ""tlong"": ""1791437101000"", ""f"": ""1_1_1_1_1_"", ""g"": ""3_1_1_2_1_"", ""ip"": ""0"", ""mt"": ""040444"", ""h"": ""-"", ""i"": ""22"", ""it"": ""12"", ""l"": ""-"", ""n"": ""達亞"", ""o"": ""-"", ""p"": ""0"", ""ex"": ""otc"", ""s"": ""-"", ""t"": ""13:25:01"", ""u"": ""172.5000"", ""v"": ""0"", ""w"": ""141.5000"", ""nf"": ""達亞國際股份有限公司"", ""y"": ""157.0000"", ""z"": ""-"", ""ts"": ""1""}",37730234383,11530906396,mis-probe-37730234383,1b4caf9efcbb0575771726b356751f177bba37439179cb14bfc9b8a9bc9a88e0,2026-10-08,2026-10-08T13:35:00+08:00,UNCALCULABLE_EVIDENCE_V1,d8fcacd07b965f537a310485ddfbdfef96f5df25,live/replay implementation base; diagnostic file hash identifies this uncommitted report generator,be28204cf9fc4a1a9edb20ce07b6838c503e385bafa0237a6a1b04ee9857f28a,2dd62b249a181d7045c957f0c33501cc574723cd,37742790398,2026-10-08T15:20:18.859+08:00,2026-10-08T17:27:03.597+08:00
6762,達亞,TPEx,otc,close_reference_A,2026-10-08T13:32:30.000+08:00,2026-10-08T13:32:33.395+08:00,2026-10-08T13:32:34.830+08:00,13:32:34,20261008,MISSING,MISSING,MISSING,MISSING,MISSING,13:30:00,-,-,0,-,-,20261008,MISSING,-,-,-,200,null,False,False,True,selected_result,0,14,50,7d1b35d5cb71dfa128b79b87c9b88e719f3767f61f15670856d6d7044585d621,830.0,FRESH,no_trade_or_incomplete_identity,NO_NESTED_TRADE_ZERO_REPORTED_VOLUME,results/close_reference_A_raw.jsonl,14,e05d82f25eb1d8d5c16bed3e1207ffe136730a56fd6e715c46ba2f7023847f49,"{""@"": ""6762.tw"", ""tv"": ""-"", ""ps"": ""-"", ""pid"": ""20.otc.tw|1416655"", ""pz"": ""-"", ""bp"": ""0"", ""m%"": ""000000"", ""^"": ""20261008"", ""key"": ""otc_6762.tw_20261008"", ""a"": ""158.0000_159.0000_160.0000_161.0000_162.0000_"", ""b"": ""153.0000_145.0000_142.5000_142.0000_141.5000_"", ""c"": ""6762"", ""#"": ""20.otc.tw|1418048"", ""d"": ""20261008"", ""%"": ""13:30:00"", ""ch"": ""6762.tw"", ""tlong"": ""1791437400000"", ""f"": ""1_1_1_1_1_"", ""g"": ""3_1_1_2_1_"", ""ip"": ""0"", ""mt"": ""000000"", ""h"": ""-"", ""i"": ""22"", ""it"": ""12"", ""l"": ""-"", ""n"": ""達亞"", ""o"": ""-"", ""p"": ""0"", ""ex"": ""otc"", ""s"": ""-"", ""t"": ""13:30:00"", ""u"": ""172.5000"", ""v"": ""0"", ""w"": ""141.5000"", ""nf"": ""達亞國際股份有限公司"", ""y"": ""157.0000"", ""z"": ""-"", ""ts"": ""0""}",37730234383,11530906396,mis-probe-37730234383,1b4caf9efcbb0575771726b356751f177bba37439179cb14bfc9b8a9bc9a88e0,2026-10-08,2026-10-08T13:35:00+08:00,UNCALCULABLE_EVIDENCE_V1,d8fcacd07b965f537a310485ddfbdfef96f5df25,live/replay implementation base; diagnostic file hash identifies this uncommitted report generator,be28204cf9fc4a1a9edb20ce07b6838c503e385bafa0237a6a1b04ee9857f28a,2dd62b249a181d7045c957f0c33501cc574723cd,37742790398,2026-10-08T15:20:18.859+08:00,2026-10-08T17:27:03.597+08:00
6762,達亞,TPEx,otc,close_reference_B,2026-10-08T13:33:20.000+08:00,2026-10-08T13:33:41.865+08:00,2026-10-08T13:33:44.605+08:00,13:33:43,20261008,MISSING,MISSING,MISSING,MISSING,MISSING,13:30:00,-,-,0,-,-,20261008,MISSING,-,-,-,200,null,False,False,True,selected_result,0,26,50,f5a917c9fa1d40e5f55ee93550958acf2c13198d5ca5571cdf629857cb860c6d,1605.0,FRESH,no_trade_or_incomplete_identity,NO_NESTED_TRADE_ZERO_REPORTED_VOLUME,results/close_reference_B_raw.jsonl,26,226cc1db29f5db5ed8820b56b867f0550b6d76ac02b799fa1f2d74154c405685,"{""@"": ""6762.tw"", ""tv"": ""-"", ""ps"": ""-"", ""pid"": ""20.otc.tw|1418048"", ""pz"": ""-"", ""bp"": ""0"", ""m%"": ""000000"", ""^"": ""20261008"", ""key"": ""otc_6762.tw_20261008"", ""a"": ""158.0000_159.0000_160.0000_161.0000_162.0000_"", ""b"": ""153.0000_145.0000_142.5000_142.0000_141.5000_"", ""c"": ""6762"", ""#"": ""20.otc.tw|1419443"", ""d"": ""20261008"", ""%"": ""13:30:00"", ""ch"": ""6762.tw"", ""tlong"": ""1791437400000"", ""f"": ""1_1_1_1_1_"", ""g"": ""3_1_1_2_1_"", ""ip"": ""0"", ""mt"": ""000000"", ""h"": ""-"", ""i"": ""22"", ""it"": ""12"", ""l"": ""-"", ""n"": ""達亞"", ""o"": ""-"", ""p"": ""0"", ""ex"": ""otc"", ""s"": ""-"", ""t"": ""13:30:00"", ""u"": ""172.5000"", ""v"": ""0"", ""w"": ""141.5000"", ""nf"": ""達亞國際股份有限公司"", ""y"": ""157.0000"", ""z"": ""-"", ""ts"": ""0""}",37730234383,11530906396,mis-probe-37730234383,1b4caf9efcbb0575771726b356751f177bba37439179cb14bfc9b8a9bc9a88e0,2026-10-08,2026-10-08T13:35:00+08:00,UNCALCULABLE_EVIDENCE_V1,d8fcacd07b965f537a310485ddfbdfef96f5df25,live/replay implementation base; diagnostic file hash identifies this uncommitted report generator,be28204cf9fc4a1a9edb20ce07b6838c503e385bafa0237a6a1b04ee9857f28a,2dd62b249a181d7045c957f0c33501cc574723cd,37742790398,2026-10-08T15:20:18.859+08:00,2026-10-08T17:27:03.597+08:00
6762,達亞,TPEx,otc,close_reference_C,2026-10-08T13:34:10.000+08:00,2026-10-08T13:34:10.000+08:00,2026-10-08T13:34:10.842+08:00,13:34:10,20261008,MISSING,MISSING,MISSING,MISSING,MISSING,13:30:00,-,-,0,-,-,20261008,MISSING,-,-,-,200,null,False,False,True,selected_result,0,1,29,6550d2287e85a4df0a8ec64d1c160e0dc59f57f02c6945a778432e2a5dbcb5cc,842.0,FRESH,no_trade_or_incomplete_identity,NO_NESTED_TRADE_ZERO_REPORTED_VOLUME,results/close_reference_C_raw.jsonl,1,776473020c3a315a7830eb9cd7529a970b86db8333a6313c2949d48c5d1d97ce,"{""@"": ""6762.tw"", ""tv"": ""-"", ""ps"": ""-"", ""pid"": ""20.otc.tw|1419443"", ""pz"": ""-"", ""bp"": ""0"", ""m%"": ""000000"", ""^"": ""20261008"", ""key"": ""otc_6762.tw_20261008"", ""a"": ""158.0000_159.0000_160.0000_161.0000_162.0000_"", ""b"": ""153.0000_145.0000_142.5000_142.0000_141.5000_"", ""c"": ""6762"", ""#"": ""20.otc.tw|1420845"", ""d"": ""20261008"", ""%"": ""13:30:00"", ""ch"": ""6762.tw"", ""tlong"": ""1791437400000"", ""f"": ""1_1_1_1_1_"", ""g"": ""3_1_1_2_1_"", ""ip"": ""0"", ""mt"": ""000000"", ""h"": ""-"", ""i"": ""22"", ""it"": ""12"", ""l"": ""-"", ""n"": ""達亞"", ""o"": ""-"", ""p"": ""0"", ""ex"": ""otc"", ""s"": ""-"", ""t"": ""13:30:00"", ""u"": ""172.5000"", ""v"": ""0"", ""w"": ""141.5000"", ""nf"": ""達亞國際股份有限公司"", ""y"": ""157.0000"", ""z"": ""-"", ""ts"": ""0""}",37730234383,11530906396,mis-probe-37730234383,1b4caf9efcbb0575771726b356751f177bba37439179cb14bfc9b8a9bc9a88e0,2026-10-08,2026-10-08T13:35:00+08:00,UNCALCULABLE_EVIDENCE_V1,d8fcacd07b965f537a310485ddfbdfef96f5df25,live/replay implementation base; diagnostic file hash identifies this uncommitted report generator,be28204cf9fc4a1a9edb20ce07b6838c503e385bafa0237a6a1b04ee9857f28a,2dd62b249a181d7045c957f0c33501cc574723cd,37742790398,2026-10-08T15:20:18.859+08:00,2026-10-08T17:27:03.597+08:00
6762,達亞,TPEx,otc,per_second_probe,MISSING,MISSING,MISSING,MISSING,MISSING,MISSING,MISSING,MISSING,MISSING,MISSING,MISSING,MISSING,MISSING,MISSING,MISSING,MISSING,MISSING,MISSING,MISSING,MISSING,MISSING,MISSING,NOT_SAMPLED,MISSING,MISSING,False,coverage_note,MISSING,MISSING,MISSING,MISSING,MISSING,MISSING,MISSING,MISSING,results/probe_raw.jsonl,MISSING,MISSING,MISSING,37730234383,11530906396,mis-probe-37730234383,1b4caf9efcbb0575771726b356751f177bba37439179cb14bfc9b8a9bc9a88e0,2026-10-08,2026-10-08T13:35:00+08:00,UNCALCULABLE_EVIDENCE_V1,d8fcacd07b965f537a310485ddfbdfef96f5df25,live/replay implementation base; diagnostic file hash identifies this uncommitted report generator,be28204cf9fc4a1a9edb20ce07b6838c503e385bafa0237a6a1b04ee9857f28a,2dd62b249a181d7045c957f0c33501cc574723cd,37742790398,2026-10-08T15:20:18.859+08:00,2026-10-08T17:27:03.597+08:00
6904,伯鑫,TPEx,otc,preclose,2026-10-08T13:24:50.000+08:00,2026-10-08T13:24:56.672+08:00,2026-10-08T13:24:58.277+08:00,13:24:57,20261008,MISSING,MISSING,MISSING,MISSING,MISSING,10:36:46,-,-,0,-,-,20261008,MISSING,-,-,-,200,null,False,False,True,selected_result,0,15,50,4b8a354b7dbcaebf94aa56abe54fa8105df1e8deca6bfbf6107dbe50bec34b1b,1277.0,FRESH,stale_cache,NO_NESTED_TRADE_ZERO_REPORTED_VOLUME,results/preclose_raw.jsonl,15,cc5ce38c5504e6fa3f93b4a2590a696fd49ccf657489b06d3e81c08a7cd30b22,"{""@"": ""6904.tw"", ""tv"": ""-"", ""ps"": ""-"", ""pid"": ""20.otc.tw|1356794"", ""pz"": ""-"", ""bp"": ""0"", ""m%"": ""503451"", ""^"": ""20261008"", ""key"": ""otc_6904.tw_20261008"", ""a"": ""123.0000_123.5000_124.0000_124.5000_125.0000_"", ""b"": ""119.0000_113.0000_"", ""c"": ""6904"", ""#"": ""20.otc.tw|1359325"", ""d"": ""20261008"", ""%"": ""10:36:46"", ""ch"": ""6904.tw"", ""tlong"": ""1791427006000"", ""f"": ""2_1_1_1_1_"", ""g"": ""2_1_"", ""ip"": ""0"", ""mt"": ""503451"", ""h"": ""-"", ""i"": ""20"", ""it"": ""12"", ""l"": ""-"", ""n"": ""伯鑫"", ""o"": ""-"", ""p"": ""0"", ""ex"": ""otc"", ""s"": ""-"", ""t"": ""10:36:46"", ""u"": ""135.0000"", ""v"": ""0"", ""w"": ""111.0000"", ""nf"": ""伯鑫工具股份有限公司"", ""y"": ""123.0000"", ""z"": ""-"", ""ts"": ""0""}",37730234383,11530906396,mis-probe-37730234383,1b4caf9efcbb0575771726b356751f177bba37439179cb14bfc9b8a9bc9a88e0,2026-10-08,2026-10-08T13:35:00+08:00,UNCALCULABLE_EVIDENCE_V1,d8fcacd07b965f537a310485ddfbdfef96f5df25,live/replay implementation base; diagnostic file hash identifies this uncommitted report generator,be28204cf9fc4a1a9edb20ce07b6838c503e385bafa0237a6a1b04ee9857f28a,2dd62b249a181d7045c957f0c33501cc574723cd,37742790398,2026-10-08T15:20:18.859+08:00,2026-10-08T17:27:03.597+08:00
6904,伯鑫,TPEx,otc,pre_reference_A,2026-10-08T13:27:00.000+08:00,2026-10-08T13:27:06.434+08:00,2026-10-08T13:27:10.937+08:00,13:27:08,20261008,MISSING,MISSING,MISSING,MISSING,MISSING,13:26:05,-,-,0,-,-,20261008,MISSING,-,-,-,200,null,False,False,True,selected_result,0,15,50,4b8a354b7dbcaebf94aa56abe54fa8105df1e8deca6bfbf6107dbe50bec34b1b,2937.0,FRESH,no_trade_or_incomplete_identity,NO_NESTED_TRADE_ZERO_REPORTED_VOLUME,results/pre_reference_A_raw.jsonl,15,14d7d9f36edf4cee48999f0be9bcfd53efa55a8cd1533340b80ab148edbcfdcf,"{""@"": ""6904.tw"", ""tv"": ""-"", ""ps"": ""-"", ""pid"": ""20.otc.tw|1378565"", ""pz"": ""-"", ""bp"": ""0"", ""m%"": ""037992"", ""^"": ""20261008"", ""key"": ""otc_6904.tw_20261008"", ""a"": ""123.0000_123.5000_124.0000_124.5000_125.0000_"", ""b"": ""121.0000_119.0000_"", ""c"": ""6904"", ""#"": ""20.otc.tw|1382627"", ""d"": ""20261008"", ""%"": ""13:26:05"", ""ch"": ""6904.tw"", ""tlong"": ""1791437165000"", ""f"": ""2_1_1_1_1_"", ""g"": ""1_2_"", ""ip"": ""0"", ""mt"": ""037992"", ""h"": ""-"", ""i"": ""20"", ""it"": ""12"", ""l"": ""-"", ""n"": ""伯鑫"", ""o"": ""-"", ""p"": ""0"", ""ex"": ""otc"", ""s"": ""-"", ""t"": ""13:26:05"", ""u"": ""135.0000"", ""v"": ""0"", ""w"": ""111.0000"", ""nf"": ""伯鑫工具股份有限公司"", ""y"": ""123.0000"", ""z"": ""-"", ""ts"": ""1""}",37730234383,11530906396,mis-probe-37730234383,1b4caf9efcbb0575771726b356751f177bba37439179cb14bfc9b8a9bc9a88e0,2026-10-08,2026-10-08T13:35:00+08:00,UNCALCULABLE_EVIDENCE_V1,d8fcacd07b965f537a310485ddfbdfef96f5df25,live/replay implementation base; diagnostic file hash identifies this uncommitted report generator,be28204cf9fc4a1a9edb20ce07b6838c503e385bafa0237a6a1b04ee9857f28a,2dd62b249a181d7045c957f0c33501cc574723cd,37742790398,2026-10-08T15:20:18.859+08:00,2026-10-08T17:27:03.597+08:00
6904,伯鑫,TPEx,otc,pre_reference_B,2026-10-08T13:28:15.000+08:00,2026-10-08T13:28:24.260+08:00,2026-10-08T13:28:28.923+08:00,13:28:27,20261008,MISSING,MISSING,MISSING,MISSING,MISSING,13:26:50,-,-,0,-,-,20261008,MISSING,-,-,-,200,null,False,False,True,selected_result,0,15,50,4b8a354b7dbcaebf94aa56abe54fa8105df1e8deca6bfbf6107dbe50bec34b1b,1923.0,FRESH,no_trade_or_incomplete_identity,NO_NESTED_TRADE_ZERO_REPORTED_VOLUME,results/pre_reference_B_raw.jsonl,15,add32bbbfe4edd78d495a5f106e9e1743d7007398a03e79141ccd888b25d603b,"{""@"": ""6904.tw"", ""tv"": ""-"", ""ps"": ""-"", ""pid"": ""20.otc.tw|1388247"", ""pz"": ""-"", ""bp"": ""0"", ""m%"": ""182991"", ""^"": ""20261008"", ""key"": ""otc_6904.tw_20261008"", ""a"": ""123.0000_123.5000_124.0000_124.5000_125.0000_"", ""b"": ""121.0000_119.0000_"", ""c"": ""6904"", ""#"": ""20.otc.tw|1391998"", ""d"": ""20261008"", ""%"": ""13:26:50"", ""ch"": ""6904.tw"", ""tlong"": ""1791437210000"", ""f"": ""2_1_1_1_1_"", ""g"": ""1_1_"", ""ip"": ""0"", ""mt"": ""182991"", ""h"": ""-"", ""i"": ""20"", ""it"": ""12"", ""l"": ""-"", ""n"": ""伯鑫"", ""o"": ""-"", ""p"": ""0"", ""ex"": ""otc"", ""s"": ""-"", ""t"": ""13:26:50"", ""u"": ""135.0000"", ""v"": ""0"", ""w"": ""111.0000"", ""nf"": ""伯鑫工具股份有限公司"", ""y"": ""123.0000"", ""z"": ""-"", ""ts"": ""1""}",37730234383,11530906396,mis-probe-37730234383,1b4caf9efcbb0575771726b356751f177bba37439179cb14bfc9b8a9bc9a88e0,2026-10-08,2026-10-08T13:35:00+08:00,UNCALCULABLE_EVIDENCE_V1,d8fcacd07b965f537a310485ddfbdfef96f5df25,live/replay implementation base; diagnostic file hash identifies this uncommitted report generator,be28204cf9fc4a1a9edb20ce07b6838c503e385bafa0237a6a1b04ee9857f28a,2dd62b249a181d7045c957f0c33501cc574723cd,37742790398,2026-10-08T15:20:18.859+08:00,2026-10-08T17:27:03.597+08:00
6904,伯鑫,TPEx,otc,pre_targeted_retry,2026-10-08T13:28:48.457+08:00,2026-10-08T13:28:48.459+08:00,2026-10-08T13:28:50.437+08:00,13:28:49,20261008,MISSING,MISSING,MISSING,MISSING,MISSING,13:26:50,-,-,0,-,-,20261008,MISSING,-,-,-,200,null,False,False,True,selected_result,0,3,39,fcf0d3c316124e6be0f20b6125219739e6f1c2cb9ffa834badf2bb99872a8b08,1437.0,FRESH,no_trade_or_incomplete_identity,NO_NESTED_TRADE_ZERO_REPORTED_VOLUME,results/pre_targeted_retry_raw.jsonl,3,d0c2509fcbc842a18f80fe6ff68c1637f7fa5ac9e78c527b23152de701b62e32,"{""@"": ""6904.tw"", ""tv"": ""-"", ""ps"": ""-"", ""pid"": ""20.otc.tw|1391998"", ""pz"": ""-"", ""bp"": ""0"", ""m%"": ""182991"", ""^"": ""20261008"", ""key"": ""otc_6904.tw_20261008"", ""a"": ""123.0000_123.5000_124.0000_124.5000_125.0000_"", ""b"": ""121.0000_119.0000_"", ""c"": ""6904"", ""#"": ""20.otc.tw|1396109"", ""d"": ""20261008"", ""%"": ""13:26:50"", ""ch"": ""6904.tw"", ""tlong"": ""1791437210000"", ""f"": ""2_1_1_1_1_"", ""g"": ""1_1_"", ""ip"": ""0"", ""mt"": ""182991"", ""h"": ""-"", ""i"": ""20"", ""it"": ""12"", ""l"": ""-"", ""n"": ""伯鑫"", ""o"": ""-"", ""p"": ""0"", ""ex"": ""otc"", ""s"": ""-"", ""t"": ""13:26:50"", ""u"": ""135.0000"", ""v"": ""0"", ""w"": ""111.0000"", ""nf"": ""伯鑫工具股份有限公司"", ""y"": ""123.0000"", ""z"": ""-"", ""ts"": ""1""}",37730234383,11530906396,mis-probe-37730234383,1b4caf9efcbb0575771726b356751f177bba37439179cb14bfc9b8a9bc9a88e0,2026-10-08,2026-10-08T13:35:00+08:00,UNCALCULABLE_EVIDENCE_V1,d8fcacd07b965f537a310485ddfbdfef96f5df25,live/replay implementation base; diagnostic file hash identifies this uncommitted report generator,be28204cf9fc4a1a9edb20ce07b6838c503e385bafa0237a6a1b04ee9857f28a,2dd62b249a181d7045c957f0c33501cc574723cd,37742790398,2026-10-08T15:20:18.859+08:00,2026-10-08T17:27:03.597+08:00
6904,伯鑫,TPEx,otc,pre_targeted_retry,2026-10-08T13:28:57.201+08:00,2026-10-08T13:28:57.201+08:00,2026-10-08T13:28:58.004+08:00,MISSING,MISSING,MISSING,MISSING,MISSING,MISSING,MISSING,MISSING,MISSING,MISSING,MISSING,MISSING,MISSING,MISSING,MISSING,MISSING,MISSING,MISSING,null,RESPONSE_AFTER_CAPTURE_DEADLINE:URLError:<urlopen error timed out>,True,False,True,HTTP_attempt,0,1,25,248ef639ea777795f75262d307ea71aa2ea127a7cbb84226f95511e1565f3950,null,NOT_FRESH_OR_UNAVAILABLE,RESPONSE_AFTER_CAPTURE_DEADLINE:URLError:<urlopen error timed out>,NO_RESPONSE_ITEM,results/pre_targeted_retry_raw.jsonl,4,5f26b410f8b93db9844cc880f137cf9653c7a33ef31353cec3dd6d7ac17220b2,MISSING,37730234383,11530906396,mis-probe-37730234383,1b4caf9efcbb0575771726b356751f177bba37439179cb14bfc9b8a9bc9a88e0,2026-10-08,2026-10-08T13:35:00+08:00,UNCALCULABLE_EVIDENCE_V1,d8fcacd07b965f537a310485ddfbdfef96f5df25,live/replay implementation base; diagnostic file hash identifies this uncommitted report generator,be28204cf9fc4a1a9edb20ce07b6838c503e385bafa0237a6a1b04ee9857f28a,2dd62b249a181d7045c957f0c33501cc574723cd,37742790398,2026-10-08T15:20:18.859+08:00,2026-10-08T17:27:03.597+08:00
6904,伯鑫,TPEx,otc,pre_targeted_retry,2026-10-08T13:28:57.201+08:00,2026-10-08T13:28:58.505+08:00,2026-10-08T13:28:58.505+08:00,MISSING,MISSING,MISSING,MISSING,MISSING,MISSING,MISSING,MISSING,MISSING,MISSING,MISSING,MISSING,MISSING,MISSING,MISSING,MISSING,MISSING,MISSING,null,CAPTURE_DEADLINE_NO_REQUEST,True,False,False,selected_result,null,1,25,248ef639ea777795f75262d307ea71aa2ea127a7cbb84226f95511e1565f3950,null,NOT_FRESH_OR_UNAVAILABLE,CAPTURE_DEADLINE_NO_REQUEST,NO_RESPONSE_ITEM,results/pre_targeted_retry_raw.jsonl,4,5f26b410f8b93db9844cc880f137cf9653c7a33ef31353cec3dd6d7ac17220b2,MISSING,37730234383,11530906396,mis-probe-37730234383,1b4caf9efcbb0575771726b356751f177bba37439179cb14bfc9b8a9bc9a88e0,2026-10-08,2026-10-08T13:35:00+08:00,UNCALCULABLE_EVIDENCE_V1,d8fcacd07b965f537a310485ddfbdfef96f5df25,live/replay implementation base; diagnostic file hash identifies this uncommitted report generator,be28204cf9fc4a1a9edb20ce07b6838c503e385bafa0237a6a1b04ee9857f28a,2dd62b249a181d7045c957f0c33501cc574723cd,37742790398,2026-10-08T15:20:18.859+08:00,2026-10-08T17:27:03.597+08:00
6904,伯鑫,TPEx,otc,pre_reference_C,2026-10-08T13:29:00.000+08:00,2026-10-08T13:29:07.790+08:00,2026-10-08T13:29:09.742+08:00,13:28:27,20261008,41095,MISSING,MISSING,MISSING,MISSING,13:26:50,-,-,0,-,-,20261008,MISSING,-,-,-,200,null,False,False,True,selected_result,0,15,50,4b8a354b7dbcaebf94aa56abe54fa8105df1e8deca6bfbf6107dbe50bec34b1b,42742.0,NOT_FRESH_OR_UNAVAILABLE,stale_cache,NO_NESTED_TRADE_ZERO_REPORTED_VOLUME,results/pre_reference_C_raw.jsonl,15,37e08954ddde982014f3040d8435b2fe501135712d29f974767b1a2b433e061a,"{""@"": ""6904.tw"", ""tv"": ""-"", ""ps"": ""-"", ""pid"": ""20.otc.tw|1388247"", ""pz"": ""-"", ""bp"": ""0"", ""m%"": ""182991"", ""^"": ""20261008"", ""key"": ""otc_6904.tw_20261008"", ""a"": ""123.0000_123.5000_124.0000_124.5000_125.0000_"", ""b"": ""121.0000_119.0000_"", ""c"": ""6904"", ""#"": ""20.otc.tw|1391998"", ""d"": ""20261008"", ""%"": ""13:26:50"", ""ch"": ""6904.tw"", ""tlong"": ""1791437210000"", ""f"": ""2_1_1_1_1_"", ""g"": ""1_1_"", ""ip"": ""0"", ""mt"": ""182991"", ""h"": ""-"", ""i"": ""20"", ""it"": ""12"", ""l"": ""-"", ""n"": ""伯鑫"", ""o"": ""-"", ""p"": ""0"", ""ex"": ""otc"", ""s"": ""-"", ""t"": ""13:26:50"", ""u"": ""135.0000"", ""v"": ""0"", ""w"": ""111.0000"", ""nf"": ""伯鑫工具股份有限公司"", ""y"": ""123.0000"", ""z"": ""-"", ""ts"": ""1""}",37730234383,11530906396,mis-probe-37730234383,1b4caf9efcbb0575771726b356751f177bba37439179cb14bfc9b8a9bc9a88e0,2026-10-08,2026-10-08T13:35:00+08:00,UNCALCULABLE_EVIDENCE_V1,d8fcacd07b965f537a310485ddfbdfef96f5df25,live/replay implementation base; diagnostic file hash identifies this uncommitted report generator,be28204cf9fc4a1a9edb20ce07b6838c503e385bafa0237a6a1b04ee9857f28a,2dd62b249a181d7045c957f0c33501cc574723cd,37742790398,2026-10-08T15:20:18.859+08:00,2026-10-08T17:27:03.597+08:00
6904,伯鑫,TPEx,otc,pre_targeted_retry,2026-10-08T13:29:25.164+08:00,2026-10-08T13:29:25.164+08:00,2026-10-08T13:29:26.413+08:00,13:29:26,20261008,MISSING,MISSING,MISSING,MISSING,MISSING,13:26:50,-,-,0,-,-,20261008,MISSING,-,-,-,200,null,False,False,True,selected_result,0,1,25,248ef639ea777795f75262d307ea71aa2ea127a7cbb84226f95511e1565f3950,413.0,FRESH,no_trade_or_incomplete_identity,NO_NESTED_TRADE_ZERO_REPORTED_VOLUME,results/pre_targeted_retry_raw.jsonl,5,0c1134bcaf38056edad5878f09621ec4ba8e54998c4e4f98959e48041108ccfd,"{""@"": ""6904.tw"", ""tv"": ""-"", ""ps"": ""-"", ""pid"": ""20.otc.tw|1391998"", ""pz"": ""-"", ""bp"": ""0"", ""m%"": ""182991"", ""^"": ""20261008"", ""key"": ""otc_6904.tw_20261008"", ""a"": ""123.0000_123.5000_124.0000_124.5000_125.0000_"", ""b"": ""121.0000_119.0000_"", ""c"": ""6904"", ""#"": ""20.otc.tw|1396109"", ""d"": ""20261008"", ""%"": ""13:26:50"", ""ch"": ""6904.tw"", ""tlong"": ""1791437210000"", ""f"": ""2_1_1_1_1_"", ""g"": ""1_1_"", ""ip"": ""0"", ""mt"": ""182991"", ""h"": ""-"", ""i"": ""20"", ""it"": ""12"", ""l"": ""-"", ""n"": ""伯鑫"", ""o"": ""-"", ""p"": ""0"", ""ex"": ""otc"", ""s"": ""-"", ""t"": ""13:26:50"", ""u"": ""135.0000"", ""v"": ""0"", ""w"": ""111.0000"", ""nf"": ""伯鑫工具股份有限公司"", ""y"": ""123.0000"", ""z"": ""-"", ""ts"": ""1""}",37730234383,11530906396,mis-probe-37730234383,1b4caf9efcbb0575771726b356751f177bba37439179cb14bfc9b8a9bc9a88e0,2026-10-08,2026-10-08T13:35:00+08:00,UNCALCULABLE_EVIDENCE_V1,d8fcacd07b965f537a310485ddfbdfef96f5df25,live/replay implementation base; diagnostic file hash identifies this uncommitted report generator,be28204cf9fc4a1a9edb20ce07b6838c503e385bafa0237a6a1b04ee9857f28a,2dd62b249a181d7045c957f0c33501cc574723cd,37742790398,2026-10-08T15:20:18.859+08:00,2026-10-08T17:27:03.597+08:00
6904,伯鑫,TPEx,otc,close_reference_A,2026-10-08T13:32:30.000+08:00,2026-10-08T13:32:34.280+08:00,2026-10-08T13:32:37.936+08:00,13:32:37,20261008,MISSING,MISSING,MISSING,MISSING,MISSING,13:30:00,-,-,0,-,-,20261008,MISSING,-,-,-,200,null,False,False,True,selected_result,0,15,50,4b8a354b7dbcaebf94aa56abe54fa8105df1e8deca6bfbf6107dbe50bec34b1b,936.0,FRESH,no_trade_or_incomplete_identity,NO_NESTED_TRADE_ZERO_REPORTED_VOLUME,results/close_reference_A_raw.jsonl,15,806f1bd6df05b32518012904e6b3afde22f452b3113966634c3dbe455e76685b,"{""@"": ""6904.tw"", ""tv"": ""-"", ""ps"": ""-"", ""pid"": ""20.otc.tw|1416305"", ""pz"": ""-"", ""bp"": ""0"", ""m%"": ""000000"", ""^"": ""20261008"", ""key"": ""otc_6904.tw_20261008"", ""a"": ""123.0000_123.5000_124.0000_124.5000_125.0000_"", ""b"": ""121.0000_119.0000_"", ""c"": ""6904"", ""#"": ""20.otc.tw|1417696"", ""d"": ""20261008"", ""%"": ""13:30:00"", ""ch"": ""6904.tw"", ""tlong"": ""1791437400000"", ""f"": ""2_1_1_1_1_"", ""g"": ""1_1_"", ""ip"": ""0"", ""mt"": ""000000"", ""h"": ""-"", ""i"": ""20"", ""it"": ""12"", ""l"": ""-"", ""n"": ""伯鑫"", ""o"": ""-"", ""p"": ""0"", ""ex"": ""otc"", ""s"": ""-"", ""t"": ""13:30:00"", ""u"": ""135.0000"", ""v"": ""0"", ""w"": ""111.0000"", ""nf"": ""伯鑫工具股份有限公司"", ""y"": ""123.0000"", ""z"": ""-"", ""ts"": ""0""}",37730234383,11530906396,mis-probe-37730234383,1b4caf9efcbb0575771726b356751f177bba37439179cb14bfc9b8a9bc9a88e0,2026-10-08,2026-10-08T13:35:00+08:00,UNCALCULABLE_EVIDENCE_V1,d8fcacd07b965f537a310485ddfbdfef96f5df25,live/replay implementation base; diagnostic file hash identifies this uncommitted report generator,be28204cf9fc4a1a9edb20ce07b6838c503e385bafa0237a6a1b04ee9857f28a,2dd62b249a181d7045c957f0c33501cc574723cd,37742790398,2026-10-08T15:20:18.859+08:00,2026-10-08T17:27:03.597+08:00
6904,伯鑫,TPEx,otc,close_reference_B,2026-10-08T13:33:20.000+08:00,2026-10-08T13:33:41.865+08:00,2026-10-08T13:33:44.605+08:00,13:33:43,20261008,MISSING,MISSING,MISSING,MISSING,MISSING,13:30:00,-,-,0,-,-,20261008,MISSING,-,-,-,200,null,False,False,True,selected_result,0,26,50,f5a917c9fa1d40e5f55ee93550958acf2c13198d5ca5571cdf629857cb860c6d,1605.0,FRESH,no_trade_or_incomplete_identity,NO_NESTED_TRADE_ZERO_REPORTED_VOLUME,results/close_reference_B_raw.jsonl,26,226cc1db29f5db5ed8820b56b867f0550b6d76ac02b799fa1f2d74154c405685,"{""@"": ""6904.tw"", ""tv"": ""-"", ""ps"": ""-"", ""pid"": ""20.otc.tw|1419090"", ""pz"": ""-"", ""bp"": ""0"", ""m%"": ""000000"", ""^"": ""20261008"", ""key"": ""otc_6904.tw_20261008"", ""a"": ""123.0000_123.5000_124.0000_124.5000_125.0000_"", ""b"": ""121.0000_119.0000_"", ""c"": ""6904"", ""#"": ""20.otc.tw|1420499"", ""d"": ""20261008"", ""%"": ""13:30:00"", ""ch"": ""6904.tw"", ""tlong"": ""1791437400000"", ""f"": ""2_1_1_1_1_"", ""g"": ""1_1_"", ""ip"": ""0"", ""mt"": ""000000"", ""h"": ""-"", ""i"": ""20"", ""it"": ""12"", ""l"": ""-"", ""n"": ""伯鑫"", ""o"": ""-"", ""p"": ""0"", ""ex"": ""otc"", ""s"": ""-"", ""t"": ""13:30:00"", ""u"": ""135.0000"", ""v"": ""0"", ""w"": ""111.0000"", ""nf"": ""伯鑫工具股份有限公司"", ""y"": ""123.0000"", ""z"": ""-"", ""ts"": ""0""}",37730234383,11530906396,mis-probe-37730234383,1b4caf9efcbb0575771726b356751f177bba37439179cb14bfc9b8a9bc9a88e0,2026-10-08,2026-10-08T13:35:00+08:00,UNCALCULABLE_EVIDENCE_V1,d8fcacd07b965f537a310485ddfbdfef96f5df25,live/replay implementation base; diagnostic file hash identifies this uncommitted report generator,be28204cf9fc4a1a9edb20ce07b6838c503e385bafa0237a6a1b04ee9857f28a,2dd62b249a181d7045c957f0c33501cc574723cd,37742790398,2026-10-08T15:20:18.859+08:00,2026-10-08T17:27:03.597+08:00
6904,伯鑫,TPEx,otc,close_reference_C,2026-10-08T13:34:10.000+08:00,2026-10-08T13:34:10.000+08:00,2026-10-08T13:34:10.842+08:00,13:34:10,20261008,MISSING,MISSING,MISSING,MISSING,MISSING,13:30:00,-,-,0,-,-,20261008,MISSING,-,-,-,200,null,False,False,True,selected_result,0,1,29,6550d2287e85a4df0a8ec64d1c160e0dc59f57f02c6945a778432e2a5dbcb5cc,842.0,FRESH,no_trade_or_incomplete_identity,NO_NESTED_TRADE_ZERO_REPORTED_VOLUME,results/close_reference_C_raw.jsonl,1,776473020c3a315a7830eb9cd7529a970b86db8333a6313c2949d48c5d1d97ce,"{""@"": ""6904.tw"", ""tv"": ""-"", ""ps"": ""-"", ""pid"": ""20.otc.tw|1419090"", ""pz"": ""-"", ""bp"": ""0"", ""m%"": ""000000"", ""^"": ""20261008"", ""key"": ""otc_6904.tw_20261008"", ""a"": ""123.0000_123.5000_124.0000_124.5000_125.0000_"", ""b"": ""121.0000_119.0000_"", ""c"": ""6904"", ""#"": ""20.otc.tw|1420499"", ""d"": ""20261008"", ""%"": ""13:30:00"", ""ch"": ""6904.tw"", ""tlong"": ""1791437400000"", ""f"": ""2_1_1_1_1_"", ""g"": ""1_1_"", ""ip"": ""0"", ""mt"": ""000000"", ""h"": ""-"", ""i"": ""20"", ""it"": ""12"", ""l"": ""-"", ""n"": ""伯鑫"", ""o"": ""-"", ""p"": ""0"", ""ex"": ""otc"", ""s"": ""-"", ""t"": ""13:30:00"", ""u"": ""135.0000"", ""v"": ""0"", ""w"": ""111.0000"", ""nf"": ""伯鑫工具股份有限公司"", ""y"": ""123.0000"", ""z"": ""-"", ""ts"": ""0""}",37730234383,11530906396,mis-probe-37730234383,1b4caf9efcbb0575771726b356751f177bba37439179cb14bfc9b8a9bc9a88e0,2026-10-08,2026-10-08T13:35:00+08:00,UNCALCULABLE_EVIDENCE_V1,d8fcacd07b965f537a310485ddfbdfef96f5df25,live/replay implementation base; diagnostic file hash identifies this uncommitted report generator,be28204cf9fc4a1a9edb20ce07b6838c503e385bafa0237a6a1b04ee9857f28a,2dd62b249a181d7045c957f0c33501cc574723cd,37742790398,2026-10-08T15:20:18.859+08:00,2026-10-08T17:27:03.597+08:00
6904,伯鑫,TPEx,otc,per_second_probe,MISSING,MISSING,MISSING,MISSING,MISSING,MISSING,MISSING,MISSING,MISSING,MISSING,MISSING,MISSING,MISSING,MISSING,MISSING,MISSING,MISSING,MISSING,MISSING,MISSING,MISSING,MISSING,NOT_SAMPLED,MISSING,MISSING,False,coverage_note,MISSING,MISSING,MISSING,MISSING,MISSING,MISSING,MISSING,MISSING,results/probe_raw.jsonl,MISSING,MISSING,MISSING,37730234383,11530906396,mis-probe-37730234383,1b4caf9efcbb0575771726b356751f177bba37439179cb14bfc9b8a9bc9a88e0,2026-10-08,2026-10-08T13:35:00+08:00,UNCALCULABLE_EVIDENCE_V1,d8fcacd07b965f537a310485ddfbdfef96f5df25,live/replay implementation base; diagnostic file hash identifies this uncommitted report generator,be28204cf9fc4a1a9edb20ce07b6838c503e385bafa0237a6a1b04ee9857f28a,2dd62b249a181d7045c957f0c33501cc574723cd,37742790398,2026-10-08T15:20:18.859+08:00,2026-10-08T17:27:03.597+08:00
7820,立盈,TPEx,otc,preclose,2026-10-08T13:24:50.000+08:00,2026-10-08T13:24:57.258+08:00,2026-10-08T13:24:59.942+08:00,13:24:59,20261008,MISSING,MISSING,MISSING,MISSING,MISSING,11:56:51,-,-,0,-,-,20261008,MISSING,-,-,-,200,null,False,False,True,selected_result,0,16,50,7af5a8bd1793070ca8274bdbe2dbb80c949a831d8181b0253032c5fa692b41d9,942.0,FRESH,stale_cache,NO_NESTED_TRADE_ZERO_REPORTED_VOLUME,results/preclose_raw.jsonl,16,492731dea7230f3348551a46e022ef2e47bfbc648d00facf6340645d1651d40c,"{""@"": ""7820.tw"", ""tv"": ""-"", ""ps"": ""-"", ""pid"": ""20.otc.tw|1362429"", ""pz"": ""-"", ""bp"": ""0"", ""m%"": ""061322"", ""^"": ""20261008"", ""key"": ""otc_7820.tw_20261008"", ""a"": ""110.5000_112.5000_113.0000_115.0000_118.0000_"", ""b"": ""106.5000_106.0000_105.5000_105.0000_104.5000_"", ""c"": ""7820"", ""#"": ""20.otc.tw|1365159"", ""d"": ""20261008"", ""%"": ""11:56:51"", ""ch"": ""7820.tw"", ""tlong"": ""1791431811000"", ""f"": ""1_1_6_1_3_"", ""g"": ""1_2_1_1_1_"", ""ip"": ""0"", ""mt"": ""061322"", ""h"": ""-"", ""i"": ""35"", ""it"": ""12"", ""l"": ""-"", ""n"": ""立盈"", ""o"": ""-"", ""p"": ""0"", ""ex"": ""otc"", ""s"": ""-"", ""t"": ""11:56:51"", ""u"": ""121.5000"", ""v"": ""0"", ""w"": ""99.5000"", ""nf"": ""立盈環保科技股份有限公司"", ""y"": ""110.5000"", ""z"": ""-"", ""ts"": ""0""}",37730234383,11530906396,mis-probe-37730234383,1b4caf9efcbb0575771726b356751f177bba37439179cb14bfc9b8a9bc9a88e0,2026-10-08,2026-10-08T13:35:00+08:00,UNCALCULABLE_EVIDENCE_V1,d8fcacd07b965f537a310485ddfbdfef96f5df25,live/replay implementation base; diagnostic file hash identifies this uncommitted report generator,be28204cf9fc4a1a9edb20ce07b6838c503e385bafa0237a6a1b04ee9857f28a,2dd62b249a181d7045c957f0c33501cc574723cd,37742790398,2026-10-08T15:20:18.859+08:00,2026-10-08T17:27:03.597+08:00
7820,立盈,TPEx,otc,pre_reference_A,2026-10-08T13:27:00.000+08:00,2026-10-08T13:27:07.488+08:00,2026-10-08T13:27:09.398+08:00,13:27:08,20261008,MISSING,MISSING,MISSING,MISSING,MISSING,13:25:06,-,-,0,-,-,20261008,MISSING,-,-,-,200,null,False,False,True,selected_result,0,16,50,7af5a8bd1793070ca8274bdbe2dbb80c949a831d8181b0253032c5fa692b41d9,1398.0,FRESH,no_trade_or_incomplete_identity,NO_NESTED_TRADE_ZERO_REPORTED_VOLUME,results/pre_reference_A_raw.jsonl,16,f3868277338464bf9111f41b89f776be84f7b781ece1db87471c4a9aae8afbad,"{""@"": ""7820.tw"", ""tv"": ""-"", ""ps"": ""-"", ""pid"": ""20.otc.tw|1378584"", ""pz"": ""-"", ""bp"": ""0"", ""m%"": ""255233"", ""^"": ""20261008"", ""key"": ""otc_7820.tw_20261008"", ""a"": ""110.5000_112.5000_113.0000_115.0000_118.0000_"", ""b"": ""106.5000_106.0000_105.5000_105.0000_104.5000_"", ""c"": ""7820"", ""#"": ""20.otc.tw|1382649"", ""d"": ""20261008"", ""%"": ""13:25:06"", ""ch"": ""7820.tw"", ""tlong"": ""1791437106000"", ""f"": ""1_1_6_1_3_"", ""g"": ""1_2_1_1_1_"", ""ip"": ""0"", ""mt"": ""255233"", ""h"": ""-"", ""i"": ""35"", ""it"": ""12"", ""l"": ""-"", ""n"": ""立盈"", ""o"": ""-"", ""p"": ""0"", ""ex"": ""otc"", ""s"": ""-"", ""t"": ""13:25:06"", ""u"": ""121.5000"", ""v"": ""0"", ""w"": ""99.5000"", ""nf"": ""立盈環保科技股份有限公司"", ""y"": ""110.5000"", ""z"": ""-"", ""ts"": ""1""}",37730234383,11530906396,mis-probe-37730234383,1b4caf9efcbb0575771726b356751f177bba37439179cb14bfc9b8a9bc9a88e0,2026-10-08,2026-10-08T13:35:00+08:00,UNCALCULABLE_EVIDENCE_V1,d8fcacd07b965f537a310485ddfbdfef96f5df25,live/replay implementation base; diagnostic file hash identifies this uncommitted report generator,be28204cf9fc4a1a9edb20ce07b6838c503e385bafa0237a6a1b04ee9857f28a,2dd62b249a181d7045c957f0c33501cc574723cd,37742790398,2026-10-08T15:20:18.859+08:00,2026-10-08T17:27:03.597+08:00
7820,立盈,TPEx,otc,pre_reference_B,2026-10-08T13:28:15.000+08:00,2026-10-08T13:28:25.213+08:00,2026-10-08T13:28:28.580+08:00,13:28:27,20261008,MISSING,MISSING,MISSING,MISSING,MISSING,13:25:06,-,-,0,-,-,20261008,MISSING,-,-,-,200,null,False,False,True,selected_result,0,16,50,7af5a8bd1793070ca8274bdbe2dbb80c949a831d8181b0253032c5fa692b41d9,1580.0,FRESH,no_trade_or_incomplete_identity,NO_NESTED_TRADE_ZERO_REPORTED_VOLUME,results/pre_reference_B_raw.jsonl,16,b8ecaf8e13dedaa7c1a6caaa6c662a110e354f9e59a5ad4d85923bae96401746,"{""@"": ""7820.tw"", ""tv"": ""-"", ""ps"": ""-"", ""pid"": ""20.otc.tw|1386448"", ""pz"": ""-"", ""bp"": ""0"", ""m%"": ""255233"", ""^"": ""20261008"", ""key"": ""otc_7820.tw_20261008"", ""a"": ""110.5000_112.5000_113.0000_115.0000_118.0000_"", ""b"": ""106.5000_106.0000_105.5000_105.0000_104.5000_"", ""c"": ""7820"", ""#"": ""20.otc.tw|1390154"", ""d"": ""20261008"", ""%"": ""13:25:06"", ""ch"": ""7820.tw"", ""tlong"": ""1791437106000"", ""f"": ""1_1_6_1_3_"", ""g"": ""1_2_1_1_1_"", ""ip"": ""0"", ""mt"": ""255233"", ""h"": ""-"", ""i"": ""35"", ""it"": ""12"", ""l"": ""-"", ""n"": ""立盈"", ""o"": ""-"", ""p"": ""0"", ""ex"": ""otc"", ""s"": ""-"", ""t"": ""13:25:06"", ""u"": ""121.5000"", ""v"": ""0"", ""w"": ""99.5000"", ""nf"": ""立盈環保科技股份有限公司"", ""y"": ""110.5000"", ""z"": ""-"", ""ts"": ""1""}",37730234383,11530906396,mis-probe-37730234383,1b4caf9efcbb0575771726b356751f177bba37439179cb14bfc9b8a9bc9a88e0,2026-10-08,2026-10-08T13:35:00+08:00,UNCALCULABLE_EVIDENCE_V1,d8fcacd07b965f537a310485ddfbdfef96f5df25,live/replay implementation base; diagnostic file hash identifies this uncommitted report generator,be28204cf9fc4a1a9edb20ce07b6838c503e385bafa0237a6a1b04ee9857f28a,2dd62b249a181d7045c957f0c33501cc574723cd,37742790398,2026-10-08T15:20:18.859+08:00,2026-10-08T17:27:03.597+08:00
7820,立盈,TPEx,otc,pre_targeted_retry,2026-10-08T13:28:48.457+08:00,2026-10-08T13:28:48.459+08:00,2026-10-08T13:28:50.437+08:00,13:28:49,20261008,MISSING,MISSING,MISSING,MISSING,MISSING,13:25:06,-,-,0,-,-,20261008,MISSING,-,-,-,200,null,False,False,True,selected_result,0,3,39,fcf0d3c316124e6be0f20b6125219739e6f1c2cb9ffa834badf2bb99872a8b08,1437.0,FRESH,no_trade_or_incomplete_identity,NO_NESTED_TRADE_ZERO_REPORTED_VOLUME,results/pre_targeted_retry_raw.jsonl,3,d0c2509fcbc842a18f80fe6ff68c1637f7fa5ac9e78c527b23152de701b62e32,"{""@"": ""7820.tw"", ""tv"": ""-"", ""ps"": ""-"", ""pid"": ""20.otc.tw|1394089"", ""pz"": ""-"", ""bp"": ""0"", ""m%"": ""255233"", ""^"": ""20261008"", ""key"": ""otc_7820.tw_20261008"", ""a"": ""110.5000_112.5000_113.0000_115.0000_118.0000_"", ""b"": ""106.5000_106.0000_105.5000_105.0000_104.5000_"", ""c"": ""7820"", ""#"": ""20.otc.tw|1398105"", ""d"": ""20261008"", ""%"": ""13:25:06"", ""ch"": ""7820.tw"", ""tlong"": ""1791437106000"", ""f"": ""1_1_6_1_3_"", ""g"": ""1_2_1_1_1_"", ""ip"": ""0"", ""mt"": ""255233"", ""h"": ""-"", ""i"": ""35"", ""it"": ""12"", ""l"": ""-"", ""n"": ""立盈"", ""o"": ""-"", ""p"": ""0"", ""ex"": ""otc"", ""s"": ""-"", ""t"": ""13:25:06"", ""u"": ""121.5000"", ""v"": ""0"", ""w"": ""99.5000"", ""nf"": ""立盈環保科技股份有限公司"", ""y"": ""110.5000"", ""z"": ""-"", ""ts"": ""1""}",37730234383,11530906396,mis-probe-37730234383,1b4caf9efcbb0575771726b356751f177bba37439179cb14bfc9b8a9bc9a88e0,2026-10-08,2026-10-08T13:35:00+08:00,UNCALCULABLE_EVIDENCE_V1,d8fcacd07b965f537a310485ddfbdfef96f5df25,live/replay implementation base; diagnostic file hash identifies this uncommitted report generator,be28204cf9fc4a1a9edb20ce07b6838c503e385bafa0237a6a1b04ee9857f28a,2dd62b249a181d7045c957f0c33501cc574723cd,37742790398,2026-10-08T15:20:18.859+08:00,2026-10-08T17:27:03.597+08:00
7820,立盈,TPEx,otc,pre_targeted_retry,2026-10-08T13:28:57.201+08:00,2026-10-08T13:28:57.201+08:00,2026-10-08T13:28:58.004+08:00,MISSING,MISSING,MISSING,MISSING,MISSING,MISSING,MISSING,MISSING,MISSING,MISSING,MISSING,MISSING,MISSING,MISSING,MISSING,MISSING,MISSING,MISSING,null,RESPONSE_AFTER_CAPTURE_DEADLINE:URLError:<urlopen error timed out>,True,False,True,HTTP_attempt,0,1,25,248ef639ea777795f75262d307ea71aa2ea127a7cbb84226f95511e1565f3950,null,NOT_FRESH_OR_UNAVAILABLE,RESPONSE_AFTER_CAPTURE_DEADLINE:URLError:<urlopen error timed out>,NO_RESPONSE_ITEM,results/pre_targeted_retry_raw.jsonl,4,5f26b410f8b93db9844cc880f137cf9653c7a33ef31353cec3dd6d7ac17220b2,MISSING,37730234383,11530906396,mis-probe-37730234383,1b4caf9efcbb0575771726b356751f177bba37439179cb14bfc9b8a9bc9a88e0,2026-10-08,2026-10-08T13:35:00+08:00,UNCALCULABLE_EVIDENCE_V1,d8fcacd07b965f537a310485ddfbdfef96f5df25,live/replay implementation base; diagnostic file hash identifies this uncommitted report generator,be28204cf9fc4a1a9edb20ce07b6838c503e385bafa0237a6a1b04ee9857f28a,2dd62b249a181d7045c957f0c33501cc574723cd,37742790398,2026-10-08T15:20:18.859+08:00,2026-10-08T17:27:03.597+08:00
7820,立盈,TPEx,otc,pre_targeted_retry,2026-10-08T13:28:57.201+08:00,2026-10-08T13:28:58.505+08:00,2026-10-08T13:28:58.505+08:00,MISSING,MISSING,MISSING,MISSING,MISSING,MISSING,MISSING,MISSING,MISSING,MISSING,MISSING,MISSING,MISSING,MISSING,MISSING,MISSING,MISSING,MISSING,null,CAPTURE_DEADLINE_NO_REQUEST,True,False,False,selected_result,null,1,25,248ef639ea777795f75262d307ea71aa2ea127a7cbb84226f95511e1565f3950,null,NOT_FRESH_OR_UNAVAILABLE,CAPTURE_DEADLINE_NO_REQUEST,NO_RESPONSE_ITEM,results/pre_targeted_retry_raw.jsonl,4,5f26b410f8b93db9844cc880f137cf9653c7a33ef31353cec3dd6d7ac17220b2,MISSING,37730234383,11530906396,mis-probe-37730234383,1b4caf9efcbb0575771726b356751f177bba37439179cb14bfc9b8a9bc9a88e0,2026-10-08,2026-10-08T13:35:00+08:00,UNCALCULABLE_EVIDENCE_V1,d8fcacd07b965f537a310485ddfbdfef96f5df25,live/replay implementation base; diagnostic file hash identifies this uncommitted report generator,be28204cf9fc4a1a9edb20ce07b6838c503e385bafa0237a6a1b04ee9857f28a,2dd62b249a181d7045c957f0c33501cc574723cd,37742790398,2026-10-08T15:20:18.859+08:00,2026-10-08T17:27:03.597+08:00
7820,立盈,TPEx,otc,pre_reference_C,2026-10-08T13:29:00.000+08:00,2026-10-08T13:29:09.743+08:00,2026-10-08T13:29:15.641+08:00,13:28:27,20261008,44321,MISSING,MISSING,MISSING,MISSING,13:25:06,-,-,0,-,-,20261008,MISSING,-,-,-,200,null,False,False,True,selected_result,0,16,50,7af5a8bd1793070ca8274bdbe2dbb80c949a831d8181b0253032c5fa692b41d9,48641.0,NOT_FRESH_OR_UNAVAILABLE,stale_cache,NO_NESTED_TRADE_ZERO_REPORTED_VOLUME,results/pre_reference_C_raw.jsonl,16,598f99c8b44f6bbe493ec8e132a01164a93176189a3acbefaeedb784473ad2a8,"{""@"": ""7820.tw"", ""tv"": ""-"", ""ps"": ""-"", ""pid"": ""20.otc.tw|1386448"", ""pz"": ""-"", ""bp"": ""0"", ""m%"": ""255233"", ""^"": ""20261008"", ""key"": ""otc_7820.tw_20261008"", ""a"": ""110.5000_112.5000_113.0000_115.0000_118.0000_"", ""b"": ""106.5000_106.0000_105.5000_105.0000_104.5000_"", ""c"": ""7820"", ""#"": ""20.otc.tw|1390154"", ""d"": ""20261008"", ""%"": ""13:25:06"", ""ch"": ""7820.tw"", ""tlong"": ""1791437106000"", ""f"": ""1_1_6_1_3_"", ""g"": ""1_2_1_1_1_"", ""ip"": ""0"", ""mt"": ""255233"", ""h"": ""-"", ""i"": ""35"", ""it"": ""12"", ""l"": ""-"", ""n"": ""立盈"", ""o"": ""-"", ""p"": ""0"", ""ex"": ""otc"", ""s"": ""-"", ""t"": ""13:25:06"", ""u"": ""121.5000"", ""v"": ""0"", ""w"": ""99.5000"", ""nf"": ""立盈環保科技股份有限公司"", ""y"": ""110.5000"", ""z"": ""-"", ""ts"": ""1""}",37730234383,11530906396,mis-probe-37730234383,1b4caf9efcbb0575771726b356751f177bba37439179cb14bfc9b8a9bc9a88e0,2026-10-08,2026-10-08T13:35:00+08:00,UNCALCULABLE_EVIDENCE_V1,d8fcacd07b965f537a310485ddfbdfef96f5df25,live/replay implementation base; diagnostic file hash identifies this uncommitted report generator,be28204cf9fc4a1a9edb20ce07b6838c503e385bafa0237a6a1b04ee9857f28a,2dd62b249a181d7045c957f0c33501cc574723cd,37742790398,2026-10-08T15:20:18.859+08:00,2026-10-08T17:27:03.597+08:00
7820,立盈,TPEx,otc,pre_targeted_retry,2026-10-08T13:29:25.164+08:00,2026-10-08T13:29:25.164+08:00,2026-10-08T13:29:26.413+08:00,13:29:26,20261008,MISSING,MISSING,MISSING,MISSING,MISSING,13:25:06,-,-,0,-,-,20261008,MISSING,-,-,-,200,null,False,False,True,selected_result,0,1,25,248ef639ea777795f75262d307ea71aa2ea127a7cbb84226f95511e1565f3950,413.0,FRESH,no_trade_or_incomplete_identity,NO_NESTED_TRADE_ZERO_REPORTED_VOLUME,results/pre_targeted_retry_raw.jsonl,5,0c1134bcaf38056edad5878f09621ec4ba8e54998c4e4f98959e48041108ccfd,"{""@"": ""7820.tw"", ""tv"": ""-"", ""ps"": ""-"", ""pid"": ""20.otc.tw|1394089"", ""pz"": ""-"", ""bp"": ""0"", ""m%"": ""255233"", ""^"": ""20261008"", ""key"": ""otc_7820.tw_20261008"", ""a"": ""110.5000_112.5000_113.0000_115.0000_118.0000_"", ""b"": ""106.5000_106.0000_105.5000_105.0000_104.5000_"", ""c"": ""7820"", ""#"": ""20.otc.tw|1398105"", ""d"": ""20261008"", ""%"": ""13:25:06"", ""ch"": ""7820.tw"", ""tlong"": ""1791437106000"", ""f"": ""1_1_6_1_3_"", ""g"": ""1_2_1_1_1_"", ""ip"": ""0"", ""mt"": ""255233"", ""h"": ""-"", ""i"": ""35"", ""it"": ""12"", ""l"": ""-"", ""n"": ""立盈"", ""o"": ""-"", ""p"": ""0"", ""ex"": ""otc"", ""s"": ""-"", ""t"": ""13:25:06"", ""u"": ""121.5000"", ""v"": ""0"", ""w"": ""99.5000"", ""nf"": ""立盈環保科技股份有限公司"", ""y"": ""110.5000"", ""z"": ""-"", ""ts"": ""1""}",37730234383,11530906396,mis-probe-37730234383,1b4caf9efcbb0575771726b356751f177bba37439179cb14bfc9b8a9bc9a88e0,2026-10-08,2026-10-08T13:35:00+08:00,UNCALCULABLE_EVIDENCE_V1,d8fcacd07b965f537a310485ddfbdfef96f5df25,live/replay implementation base; diagnostic file hash identifies this uncommitted report generator,be28204cf9fc4a1a9edb20ce07b6838c503e385bafa0237a6a1b04ee9857f28a,2dd62b249a181d7045c957f0c33501cc574723cd,37742790398,2026-10-08T15:20:18.859+08:00,2026-10-08T17:27:03.597+08:00
7820,立盈,TPEx,otc,close_reference_A,2026-10-08T13:32:30.000+08:00,2026-10-08T13:32:34.486+08:00,2026-10-08T13:32:36.997+08:00,13:32:35,20261008,MISSING,MISSING,MISSING,MISSING,MISSING,13:30:00,-,-,0,-,-,20261008,MISSING,-,-,-,200,null,False,False,True,selected_result,0,16,50,7af5a8bd1793070ca8274bdbe2dbb80c949a831d8181b0253032c5fa692b41d9,1997.0,FRESH,no_trade_or_incomplete_identity,NO_NESTED_TRADE_ZERO_REPORTED_VOLUME,results/close_reference_A_raw.jsonl,16,ce0eff8357847ad8e671e413e561a292877a1b39146c9c57cf94950e8d72e7b4,"{""@"": ""7820.tw"", ""tv"": ""-"", ""ps"": ""-"", ""pid"": ""20.otc.tw|1416002"", ""pz"": ""-"", ""bp"": ""0"", ""m%"": ""000000"", ""^"": ""20261008"", ""key"": ""otc_7820.tw_20261008"", ""a"": ""110.5000_112.5000_113.0000_115.0000_118.0000_"", ""b"": ""106.5000_106.0000_105.5000_105.0000_104.5000_"", ""c"": ""7820"", ""#"": ""20.otc.tw|1417395"", ""d"": ""20261008"", ""%"": ""13:30:00"", ""ch"": ""7820.tw"", ""tlong"": ""1791437400000"", ""f"": ""1_1_6_1_3_"", ""g"": ""1_2_1_1_1_"", ""ip"": ""0"", ""mt"": ""000000"", ""h"": ""-"", ""i"": ""35"", ""it"": ""12"", ""l"": ""-"", ""n"": ""立盈"", ""o"": ""-"", ""p"": ""0"", ""ex"": ""otc"", ""s"": ""-"", ""t"": ""13:30:00"", ""u"": ""121.5000"", ""v"": ""0"", ""w"": ""99.5000"", ""nf"": ""立盈環保科技股份有限公司"", ""y"": ""110.5000"", ""z"": ""-"", ""ts"": ""0""}",37730234383,11530906396,mis-probe-37730234383,1b4caf9efcbb0575771726b356751f177bba37439179cb14bfc9b8a9bc9a88e0,2026-10-08,2026-10-08T13:35:00+08:00,UNCALCULABLE_EVIDENCE_V1,d8fcacd07b965f537a310485ddfbdfef96f5df25,live/replay implementation base; diagnostic file hash identifies this uncommitted report generator,be28204cf9fc4a1a9edb20ce07b6838c503e385bafa0237a6a1b04ee9857f28a,2dd62b249a181d7045c957f0c33501cc574723cd,37742790398,2026-10-08T15:20:18.859+08:00,2026-10-08T17:27:03.597+08:00
7820,立盈,TPEx,otc,close_reference_B,2026-10-08T13:33:20.000+08:00,2026-10-08T13:33:40.979+08:00,2026-10-08T13:34:02.909+08:00,MISSING,MISSING,MISSING,MISSING,MISSING,MISSING,MISSING,MISSING,MISSING,MISSING,MISSING,MISSING,MISSING,MISSING,MISSING,MISSING,MISSING,MISSING,null,TimeoutError:The read operation timed out,True,False,True,HTTP_attempt,0,25,50,f5af7bace61628d44fb3f6a77bc81fa8f00ffc87e25cd47e6105516cac3e102c,null,NOT_FRESH_OR_UNAVAILABLE,TimeoutError:The read operation timed out,NO_RESPONSE_ITEM,results/close_reference_B_raw.jsonl,25,f0d7775a29353461b04fdfacf3afc070e97cb9d0899c701410cf6c4c18fb49ec,MISSING,37730234383,11530906396,mis-probe-37730234383,1b4caf9efcbb0575771726b356751f177bba37439179cb14bfc9b8a9bc9a88e0,2026-10-08,2026-10-08T13:35:00+08:00,UNCALCULABLE_EVIDENCE_V1,d8fcacd07b965f537a310485ddfbdfef96f5df25,live/replay implementation base; diagnostic file hash identifies this uncommitted report generator,be28204cf9fc4a1a9edb20ce07b6838c503e385bafa0237a6a1b04ee9857f28a,2dd62b249a181d7045c957f0c33501cc574723cd,37742790398,2026-10-08T15:20:18.859+08:00,2026-10-08T17:27:03.597+08:00
7820,立盈,TPEx,otc,close_reference_B,2026-10-08T13:33:20.000+08:00,2026-10-08T13:34:03.409+08:00,2026-10-08T13:34:06.113+08:00,13:34:05,20261008,MISSING,MISSING,MISSING,MISSING,MISSING,13:30:00,-,-,0,-,-,20261008,MISSING,-,-,-,200,null,False,False,True,selected_result,1,25,50,f5af7bace61628d44fb3f6a77bc81fa8f00ffc87e25cd47e6105516cac3e102c,1113.0,FRESH,no_trade_or_incomplete_identity,NO_NESTED_TRADE_ZERO_REPORTED_VOLUME,results/close_reference_B_raw.jsonl,25,f0d7775a29353461b04fdfacf3afc070e97cb9d0899c701410cf6c4c18fb49ec,"{""@"": ""7820.tw"", ""tv"": ""-"", ""ps"": ""-"", ""pid"": ""20.otc.tw|1418790"", ""pz"": ""-"", ""bp"": ""0"", ""m%"": ""000000"", ""^"": ""20261008"", ""key"": ""otc_7820.tw_20261008"", ""a"": ""110.5000_112.5000_113.0000_115.0000_118.0000_"", ""b"": ""106.5000_106.0000_105.5000_105.0000_104.5000_"", ""c"": ""7820"", ""#"": ""20.otc.tw|1420199"", ""d"": ""20261008"", ""%"": ""13:30:00"", ""ch"": ""7820.tw"", ""tlong"": ""1791437400000"", ""f"": ""1_1_6_1_3_"", ""g"": ""1_2_1_1_1_"", ""ip"": ""0"", ""mt"": ""000000"", ""h"": ""-"", ""i"": ""35"", ""it"": ""12"", ""l"": ""-"", ""n"": ""立盈"", ""o"": ""-"", ""p"": ""0"", ""ex"": ""otc"", ""s"": ""-"", ""t"": ""13:30:00"", ""u"": ""121.5000"", ""v"": ""0"", ""w"": ""99.5000"", ""nf"": ""立盈環保科技股份有限公司"", ""y"": ""110.5000"", ""z"": ""-"", ""ts"": ""0""}",37730234383,11530906396,mis-probe-37730234383,1b4caf9efcbb0575771726b356751f177bba37439179cb14bfc9b8a9bc9a88e0,2026-10-08,2026-10-08T13:35:00+08:00,UNCALCULABLE_EVIDENCE_V1,d8fcacd07b965f537a310485ddfbdfef96f5df25,live/replay implementation base; diagnostic file hash identifies this uncommitted report generator,be28204cf9fc4a1a9edb20ce07b6838c503e385bafa0237a6a1b04ee9857f28a,2dd62b249a181d7045c957f0c33501cc574723cd,37742790398,2026-10-08T15:20:18.859+08:00,2026-10-08T17:27:03.597+08:00
7820,立盈,TPEx,otc,close_reference_C,2026-10-08T13:34:10.000+08:00,2026-10-08T13:34:10.000+08:00,2026-10-08T13:34:10.842+08:00,13:34:10,20261008,MISSING,MISSING,MISSING,MISSING,MISSING,13:30:00,-,-,0,-,-,20261008,MISSING,-,-,-,200,null,False,False,True,selected_result,0,1,29,6550d2287e85a4df0a8ec64d1c160e0dc59f57f02c6945a778432e2a5dbcb5cc,842.0,FRESH,no_trade_or_incomplete_identity,NO_NESTED_TRADE_ZERO_REPORTED_VOLUME,results/close_reference_C_raw.jsonl,1,776473020c3a315a7830eb9cd7529a970b86db8333a6313c2949d48c5d1d97ce,"{""@"": ""7820.tw"", ""tv"": ""-"", ""ps"": ""-"", ""pid"": ""20.otc.tw|1418790"", ""pz"": ""-"", ""bp"": ""0"", ""m%"": ""000000"", ""^"": ""20261008"", ""key"": ""otc_7820.tw_20261008"", ""a"": ""110.5000_112.5000_113.0000_115.0000_118.0000_"", ""b"": ""106.5000_106.0000_105.5000_105.0000_104.5000_"", ""c"": ""7820"", ""#"": ""20.otc.tw|1420199"", ""d"": ""20261008"", ""%"": ""13:30:00"", ""ch"": ""7820.tw"", ""tlong"": ""1791437400000"", ""f"": ""1_1_6_1_3_"", ""g"": ""1_2_1_1_1_"", ""ip"": ""0"", ""mt"": ""000000"", ""h"": ""-"", ""i"": ""35"", ""it"": ""12"", ""l"": ""-"", ""n"": ""立盈"", ""o"": ""-"", ""p"": ""0"", ""ex"": ""otc"", ""s"": ""-"", ""t"": ""13:30:00"", ""u"": ""121.5000"", ""v"": ""0"", ""w"": ""99.5000"", ""nf"": ""立盈環保科技股份有限公司"", ""y"": ""110.5000"", ""z"": ""-"", ""ts"": ""0""}",37730234383,11530906396,mis-probe-37730234383,1b4caf9efcbb0575771726b356751f177bba37439179cb14bfc9b8a9bc9a88e0,2026-10-08,2026-10-08T13:35:00+08:00,UNCALCULABLE_EVIDENCE_V1,d8fcacd07b965f537a310485ddfbdfef96f5df25,live/replay implementation base; diagnostic file hash identifies this uncommitted report generator,be28204cf9fc4a1a9edb20ce07b6838c503e385bafa0237a6a1b04ee9857f28a,2dd62b249a181d7045c957f0c33501cc574723cd,37742790398,2026-10-08T15:20:18.859+08:00,2026-10-08T17:27:03.597+08:00
7820,立盈,TPEx,otc,per_second_probe,MISSING,MISSING,MISSING,MISSING,MISSING,MISSING,MISSING,MISSING,MISSING,MISSING,MISSING,MISSING,MISSING,MISSING,MISSING,MISSING,MISSING,MISSING,MISSING,MISSING,MISSING,MISSING,NOT_SAMPLED,MISSING,MISSING,False,coverage_note,MISSING,MISSING,MISSING,MISSING,MISSING,MISSING,MISSING,MISSING,results/probe_raw.jsonl,MISSING,MISSING,MISSING,37730234383,11530906396,mis-probe-37730234383,1b4caf9efcbb0575771726b356751f177bba37439179cb14bfc9b8a9bc9a88e0,2026-10-08,2026-10-08T13:35:00+08:00,UNCALCULABLE_EVIDENCE_V1,d8fcacd07b965f537a310485ddfbdfef96f5df25,live/replay implementation base; diagnostic file hash identifies this uncommitted report generator,be28204cf9fc4a1a9edb20ce07b6838c503e385bafa0237a6a1b04ee9857f28a,2dd62b249a181d7045c957f0c33501cc574723cd,37742790398,2026-10-08T15:20:18.859+08:00,2026-10-08T17:27:03.597+08:00
8067,志旭,TPEx,otc,preclose,2026-10-08T13:24:50.000+08:00,2026-10-08T13:24:57.258+08:00,2026-10-08T13:24:59.942+08:00,13:24:59,20261008,MISSING,MISSING,MISSING,MISSING,MISSING,13:08:51,-,-,0,-,-,20261008,MISSING,-,-,-,200,null,False,False,True,selected_result,0,16,50,7af5a8bd1793070ca8274bdbe2dbb80c949a831d8181b0253032c5fa692b41d9,942.0,FRESH,stale_cache,NO_NESTED_TRADE_ZERO_REPORTED_VOLUME,results/preclose_raw.jsonl,16,492731dea7230f3348551a46e022ef2e47bfbc648d00facf6340645d1651d40c,"{""@"": ""8067.tw"", ""tv"": ""-"", ""ps"": ""-"", ""pid"": ""20.otc.tw|1357269"", ""pz"": ""-"", ""bp"": ""0"", ""m%"": ""829154"", ""^"": ""20261008"", ""key"": ""otc_8067.tw_20261008"", ""a"": ""11.5000_11.5500_11.6500_11.7500_11.8000_"", ""b"": ""11.1000_11.0000_10.9500_10.9000_10.8000_"", ""c"": ""8067"", ""#"": ""20.otc.tw|1359776"", ""d"": ""20261008"", ""%"": ""13:08:51"", ""ch"": ""8067.tw"", ""tlong"": ""1791436131000"", ""f"": ""1_1_2_2_7_"", ""g"": ""2_5_2_6_1_"", ""ip"": ""0"", ""mt"": ""829154"", ""h"": ""-"", ""i"": ""29"", ""it"": ""12"", ""l"": ""-"", ""n"": ""志旭"", ""o"": ""-"", ""p"": ""0"", ""ex"": ""otc"", ""s"": ""-"", ""t"": ""13:08:51"", ""u"": ""12.1500"", ""v"": ""0"", ""w"": ""9.9500"", ""nf"": ""志旭國際股份有限公司"", ""y"": ""11.0500"", ""z"": ""-"", ""ts"": ""0""}",37730234383,11530906396,mis-probe-37730234383,1b4caf9efcbb0575771726b356751f177bba37439179cb14bfc9b8a9bc9a88e0,2026-10-08,2026-10-08T13:35:00+08:00,UNCALCULABLE_EVIDENCE_V1,d8fcacd07b965f537a310485ddfbdfef96f5df25,live/replay implementation base; diagnostic file hash identifies this uncommitted report generator,be28204cf9fc4a1a9edb20ce07b6838c503e385bafa0237a6a1b04ee9857f28a,2dd62b249a181d7045c957f0c33501cc574723cd,37742790398,2026-10-08T15:20:18.859+08:00,2026-10-08T17:27:03.597+08:00
8067,志旭,TPEx,otc,pre_reference_A,2026-10-08T13:27:00.000+08:00,2026-10-08T13:27:07.488+08:00,2026-10-08T13:27:09.398+08:00,13:27:08,20261008,MISSING,MISSING,MISSING,MISSING,MISSING,13:25:55,-,-,0,-,-,20261008,MISSING,-,-,-,200,null,False,False,True,selected_result,0,16,50,7af5a8bd1793070ca8274bdbe2dbb80c949a831d8181b0253032c5fa692b41d9,1398.0,FRESH,no_trade_or_incomplete_identity,NO_NESTED_TRADE_ZERO_REPORTED_VOLUME,results/pre_reference_A_raw.jsonl,16,f3868277338464bf9111f41b89f776be84f7b781ece1db87471c4a9aae8afbad,"{""@"": ""8067.tw"", ""tv"": ""-"", ""ps"": ""-"", ""pid"": ""20.otc.tw|1376480"", ""pz"": ""-"", ""bp"": ""0"", ""m%"": ""611964"", ""^"": ""20261008"", ""key"": ""otc_8067.tw_20261008"", ""a"": ""11.5000_11.5500_11.6500_11.7500_11.8000_"", ""b"": ""11.4500_11.1000_11.0000_10.9000_10.8000_"", ""c"": ""8067"", ""#"": ""20.otc.tw|1377026"", ""d"": ""20261008"", ""%"": ""13:25:55"", ""ch"": ""8067.tw"", ""tlong"": ""1791437155000"", ""f"": ""1_1_2_2_7_"", ""g"": ""1_2_5_6_1_"", ""ip"": ""0"", ""mt"": ""611964"", ""h"": ""-"", ""i"": ""29"", ""it"": ""12"", ""l"": ""-"", ""n"": ""志旭"", ""o"": ""-"", ""p"": ""0"", ""ex"": ""otc"", ""s"": ""-"", ""t"": ""13:25:55"", ""u"": ""12.1500"", ""v"": ""0"", ""w"": ""9.9500"", ""nf"": ""志旭國際股份有限公司"", ""y"": ""11.0500"", ""z"": ""-"", ""ts"": ""1""}",37730234383,11530906396,mis-probe-37730234383,1b4caf9efcbb0575771726b356751f177bba37439179cb14bfc9b8a9bc9a88e0,2026-10-08,2026-10-08T13:35:00+08:00,UNCALCULABLE_EVIDENCE_V1,d8fcacd07b965f537a310485ddfbdfef96f5df25,live/replay implementation base; diagnostic file hash identifies this uncommitted report generator,be28204cf9fc4a1a9edb20ce07b6838c503e385bafa0237a6a1b04ee9857f28a,2dd62b249a181d7045c957f0c33501cc574723cd,37742790398,2026-10-08T15:20:18.859+08:00,2026-10-08T17:27:03.597+08:00
8067,志旭,TPEx,otc,pre_reference_B,2026-10-08T13:28:15.000+08:00,2026-10-08T13:28:25.213+08:00,2026-10-08T13:28:28.580+08:00,13:28:27,20261008,MISSING,MISSING,MISSING,MISSING,MISSING,13:25:55,-,-,0,-,-,20261008,MISSING,-,-,-,200,null,False,False,True,selected_result,0,16,50,7af5a8bd1793070ca8274bdbe2dbb80c949a831d8181b0253032c5fa692b41d9,1580.0,FRESH,no_trade_or_incomplete_identity,NO_NESTED_TRADE_ZERO_REPORTED_VOLUME,results/pre_reference_B_raw.jsonl,16,b8ecaf8e13dedaa7c1a6caaa6c662a110e354f9e59a5ad4d85923bae96401746,"{""@"": ""8067.tw"", ""tv"": ""-"", ""ps"": ""-"", ""pid"": ""20.otc.tw|1388896"", ""pz"": ""-"", ""bp"": ""0"", ""m%"": ""611964"", ""^"": ""20261008"", ""key"": ""otc_8067.tw_20261008"", ""a"": ""11.5000_11.5500_11.6500_11.7500_11.8000_"", ""b"": ""11.4500_11.1000_11.0000_10.9000_10.8000_"", ""c"": ""8067"", ""#"": ""20.otc.tw|1392636"", ""d"": ""20261008"", ""%"": ""13:25:55"", ""ch"": ""8067.tw"", ""tlong"": ""1791437155000"", ""f"": ""1_1_2_2_7_"", ""g"": ""1_2_5_6_1_"", ""ip"": ""0"", ""mt"": ""611964"", ""h"": ""-"", ""i"": ""29"", ""it"": ""12"", ""l"": ""-"", ""n"": ""志旭"", ""o"": ""-"", ""p"": ""0"", ""ex"": ""otc"", ""s"": ""-"", ""t"": ""13:25:55"", ""u"": ""12.1500"", ""v"": ""0"", ""w"": ""9.9500"", ""nf"": ""志旭國際股份有限公司"", ""y"": ""11.0500"", ""z"": ""-"", ""ts"": ""1""}",37730234383,11530906396,mis-probe-37730234383,1b4caf9efcbb0575771726b356751f177bba37439179cb14bfc9b8a9bc9a88e0,2026-10-08,2026-10-08T13:35:00+08:00,UNCALCULABLE_EVIDENCE_V1,d8fcacd07b965f537a310485ddfbdfef96f5df25,live/replay implementation base; diagnostic file hash identifies this uncommitted report generator,be28204cf9fc4a1a9edb20ce07b6838c503e385bafa0237a6a1b04ee9857f28a,2dd62b249a181d7045c957f0c33501cc574723cd,37742790398,2026-10-08T15:20:18.859+08:00,2026-10-08T17:27:03.597+08:00
8067,志旭,TPEx,otc,pre_targeted_retry,2026-10-08T13:28:48.457+08:00,2026-10-08T13:28:48.459+08:00,2026-10-08T13:28:50.437+08:00,13:28:49,20261008,MISSING,MISSING,MISSING,MISSING,MISSING,13:25:55,-,-,0,-,-,20261008,MISSING,-,-,-,200,null,False,False,True,selected_result,0,3,39,fcf0d3c316124e6be0f20b6125219739e6f1c2cb9ffa834badf2bb99872a8b08,1437.0,FRESH,no_trade_or_incomplete_identity,NO_NESTED_TRADE_ZERO_REPORTED_VOLUME,results/pre_targeted_retry_raw.jsonl,3,d0c2509fcbc842a18f80fe6ff68c1637f7fa5ac9e78c527b23152de701b62e32,"{""@"": ""8067.tw"", ""tv"": ""-"", ""ps"": ""-"", ""pid"": ""20.otc.tw|1388896"", ""pz"": ""-"", ""bp"": ""0"", ""m%"": ""611964"", ""^"": ""20261008"", ""key"": ""otc_8067.tw_20261008"", ""a"": ""11.5000_11.5500_11.6500_11.7500_11.8000_"", ""b"": ""11.4500_11.1000_11.0000_10.9000_10.8000_"", ""c"": ""8067"", ""#"": ""20.otc.tw|1392636"", ""d"": ""20261008"", ""%"": ""13:25:55"", ""ch"": ""8067.tw"", ""tlong"": ""1791437155000"", ""f"": ""1_1_2_2_7_"", ""g"": ""1_2_5_6_1_"", ""ip"": ""0"", ""mt"": ""611964"", ""h"": ""-"", ""i"": ""29"", ""it"": ""12"", ""l"": ""-"", ""n"": ""志旭"", ""o"": ""-"", ""p"": ""0"", ""ex"": ""otc"", ""s"": ""-"", ""t"": ""13:25:55"", ""u"": ""12.1500"", ""v"": ""0"", ""w"": ""9.9500"", ""nf"": ""志旭國際股份有限公司"", ""y"": ""11.0500"", ""z"": ""-"", ""ts"": ""1""}",37730234383,11530906396,mis-probe-37730234383,1b4caf9efcbb0575771726b356751f177bba37439179cb14bfc9b8a9bc9a88e0,2026-10-08,2026-10-08T13:35:00+08:00,UNCALCULABLE_EVIDENCE_V1,d8fcacd07b965f537a310485ddfbdfef96f5df25,live/replay implementation base; diagnostic file hash identifies this uncommitted report generator,be28204cf9fc4a1a9edb20ce07b6838c503e385bafa0237a6a1b04ee9857f28a,2dd62b249a181d7045c957f0c33501cc574723cd,37742790398,2026-10-08T15:20:18.859+08:00,2026-10-08T17:27:03.597+08:00
8067,志旭,TPEx,otc,pre_targeted_retry,2026-10-08T13:28:57.201+08:00,2026-10-08T13:28:57.201+08:00,2026-10-08T13:28:58.004+08:00,MISSING,MISSING,MISSING,MISSING,MISSING,MISSING,MISSING,MISSING,MISSING,MISSING,MISSING,MISSING,MISSING,MISSING,MISSING,MISSING,MISSING,MISSING,null,RESPONSE_AFTER_CAPTURE_DEADLINE:URLError:<urlopen error timed out>,True,False,True,HTTP_attempt,0,1,25,248ef639ea777795f75262d307ea71aa2ea127a7cbb84226f95511e1565f3950,null,NOT_FRESH_OR_UNAVAILABLE,RESPONSE_AFTER_CAPTURE_DEADLINE:URLError:<urlopen error timed out>,NO_RESPONSE_ITEM,results/pre_targeted_retry_raw.jsonl,4,5f26b410f8b93db9844cc880f137cf9653c7a33ef31353cec3dd6d7ac17220b2,MISSING,37730234383,11530906396,mis-probe-37730234383,1b4caf9efcbb0575771726b356751f177bba37439179cb14bfc9b8a9bc9a88e0,2026-10-08,2026-10-08T13:35:00+08:00,UNCALCULABLE_EVIDENCE_V1,d8fcacd07b965f537a310485ddfbdfef96f5df25,live/replay implementation base; diagnostic file hash identifies this uncommitted report generator,be28204cf9fc4a1a9edb20ce07b6838c503e385bafa0237a6a1b04ee9857f28a,2dd62b249a181d7045c957f0c33501cc574723cd,37742790398,2026-10-08T15:20:18.859+08:00,2026-10-08T17:27:03.597+08:00
8067,志旭,TPEx,otc,pre_targeted_retry,2026-10-08T13:28:57.201+08:00,2026-10-08T13:28:58.505+08:00,2026-10-08T13:28:58.505+08:00,MISSING,MISSING,MISSING,MISSING,MISSING,MISSING,MISSING,MISSING,MISSING,MISSING,MISSING,MISSING,MISSING,MISSING,MISSING,MISSING,MISSING,MISSING,null,CAPTURE_DEADLINE_NO_REQUEST,True,False,False,selected_result,null,1,25,248ef639ea777795f75262d307ea71aa2ea127a7cbb84226f95511e1565f3950,null,NOT_FRESH_OR_UNAVAILABLE,CAPTURE_DEADLINE_NO_REQUEST,NO_RESPONSE_ITEM,results/pre_targeted_retry_raw.jsonl,4,5f26b410f8b93db9844cc880f137cf9653c7a33ef31353cec3dd6d7ac17220b2,MISSING,37730234383,11530906396,mis-probe-37730234383,1b4caf9efcbb0575771726b356751f177bba37439179cb14bfc9b8a9bc9a88e0,2026-10-08,2026-10-08T13:35:00+08:00,UNCALCULABLE_EVIDENCE_V1,d8fcacd07b965f537a310485ddfbdfef96f5df25,live/replay implementation base; diagnostic file hash identifies this uncommitted report generator,be28204cf9fc4a1a9edb20ce07b6838c503e385bafa0237a6a1b04ee9857f28a,2dd62b249a181d7045c957f0c33501cc574723cd,37742790398,2026-10-08T15:20:18.859+08:00,2026-10-08T17:27:03.597+08:00
8067,志旭,TPEx,otc,pre_reference_C,2026-10-08T13:29:00.000+08:00,2026-10-08T13:29:09.743+08:00,2026-10-08T13:29:15.641+08:00,13:28:27,20261008,44321,MISSING,MISSING,MISSING,MISSING,13:25:55,-,-,0,-,-,20261008,MISSING,-,-,-,200,null,False,False,True,selected_result,0,16,50,7af5a8bd1793070ca8274bdbe2dbb80c949a831d8181b0253032c5fa692b41d9,48641.0,NOT_FRESH_OR_UNAVAILABLE,stale_cache,NO_NESTED_TRADE_ZERO_REPORTED_VOLUME,results/pre_reference_C_raw.jsonl,16,598f99c8b44f6bbe493ec8e132a01164a93176189a3acbefaeedb784473ad2a8,"{""@"": ""8067.tw"", ""tv"": ""-"", ""ps"": ""-"", ""pid"": ""20.otc.tw|1388896"", ""pz"": ""-"", ""bp"": ""0"", ""m%"": ""611964"", ""^"": ""20261008"", ""key"": ""otc_8067.tw_20261008"", ""a"": ""11.5000_11.5500_11.6500_11.7500_11.8000_"", ""b"": ""11.4500_11.1000_11.0000_10.9000_10.8000_"", ""c"": ""8067"", ""#"": ""20.otc.tw|1392636"", ""d"": ""20261008"", ""%"": ""13:25:55"", ""ch"": ""8067.tw"", ""tlong"": ""1791437155000"", ""f"": ""1_1_2_2_7_"", ""g"": ""1_2_5_6_1_"", ""ip"": ""0"", ""mt"": ""611964"", ""h"": ""-"", ""i"": ""29"", ""it"": ""12"", ""l"": ""-"", ""n"": ""志旭"", ""o"": ""-"", ""p"": ""0"", ""ex"": ""otc"", ""s"": ""-"", ""t"": ""13:25:55"", ""u"": ""12.1500"", ""v"": ""0"", ""w"": ""9.9500"", ""nf"": ""志旭國際股份有限公司"", ""y"": ""11.0500"", ""z"": ""-"", ""ts"": ""1""}",37730234383,11530906396,mis-probe-37730234383,1b4caf9efcbb0575771726b356751f177bba37439179cb14bfc9b8a9bc9a88e0,2026-10-08,2026-10-08T13:35:00+08:00,UNCALCULABLE_EVIDENCE_V1,d8fcacd07b965f537a310485ddfbdfef96f5df25,live/replay implementation base; diagnostic file hash identifies this uncommitted report generator,be28204cf9fc4a1a9edb20ce07b6838c503e385bafa0237a6a1b04ee9857f28a,2dd62b249a181d7045c957f0c33501cc574723cd,37742790398,2026-10-08T15:20:18.859+08:00,2026-10-08T17:27:03.597+08:00
8067,志旭,TPEx,otc,pre_targeted_retry,2026-10-08T13:29:25.164+08:00,2026-10-08T13:29:25.164+08:00,2026-10-08T13:29:26.413+08:00,13:29:26,20261008,MISSING,MISSING,MISSING,MISSING,MISSING,13:28:31,-,11.5000,0,-,-,20261008,MISSING,-,-,-,200,null,False,False,True,selected_result,0,1,25,248ef639ea777795f75262d307ea71aa2ea127a7cbb84226f95511e1565f3950,413.0,FRESH,no_trade_or_incomplete_identity,NO_NESTED_TRADE_ZERO_REPORTED_VOLUME,results/pre_targeted_retry_raw.jsonl,5,0c1134bcaf38056edad5878f09621ec4ba8e54998c4e4f98959e48041108ccfd,"{""@"": ""8067.tw"", ""tv"": ""-"", ""ps"": ""1"", ""pid"": ""20.otc.tw|1397119"", ""pz"": ""11.5000"", ""bp"": ""0"", ""m%"": ""109352"", ""^"": ""20261008"", ""key"": ""otc_8067.tw_20261008"", ""a"": ""11.5500_11.6500_11.7500_11.8000_11.9500_"", ""b"": ""11.5000_11.4500_11.1000_11.0000_10.9000_"", ""c"": ""8067"", ""#"": ""20.otc.tw|1397487"", ""d"": ""20261008"", ""%"": ""13:28:31"", ""ch"": ""8067.tw"", ""tlong"": ""1791437311000"", ""f"": ""1_2_2_7_2_"", ""g"": ""1_1_2_5_6_"", ""ip"": ""0"", ""mt"": ""109352"", ""h"": ""-"", ""i"": ""29"", ""it"": ""12"", ""l"": ""-"", ""n"": ""志旭"", ""o"": ""-"", ""p"": ""0"", ""ex"": ""otc"", ""s"": ""-"", ""t"": ""13:28:31"", ""u"": ""12.1500"", ""v"": ""0"", ""w"": ""9.9500"", ""nf"": ""志旭國際股份有限公司"", ""y"": ""11.0500"", ""z"": ""-"", ""ts"": ""1""}",37730234383,11530906396,mis-probe-37730234383,1b4caf9efcbb0575771726b356751f177bba37439179cb14bfc9b8a9bc9a88e0,2026-10-08,2026-10-08T13:35:00+08:00,UNCALCULABLE_EVIDENCE_V1,d8fcacd07b965f537a310485ddfbdfef96f5df25,live/replay implementation base; diagnostic file hash identifies this uncommitted report generator,be28204cf9fc4a1a9edb20ce07b6838c503e385bafa0237a6a1b04ee9857f28a,2dd62b249a181d7045c957f0c33501cc574723cd,37742790398,2026-10-08T15:20:18.859+08:00,2026-10-08T17:27:03.597+08:00
8067,志旭,TPEx,otc,close_reference_A,2026-10-08T13:32:30.000+08:00,2026-10-08T13:32:34.486+08:00,2026-10-08T13:32:36.997+08:00,13:32:35,20261008,MISSING,13:30:00,11.5000,1,20,13:30:00,11.5000,11.5000,1,1,1,20261008,MISSING,11.5000,11.5000,11.5000,200,null,False,True,True,selected_result,0,16,50,7af5a8bd1793070ca8274bdbe2dbb80c949a831d8181b0253032c5fa692b41d9,1997.0,FRESH,null,TRADE_NOT_BEFORE_1325,results/close_reference_A_raw.jsonl,16,ce0eff8357847ad8e671e413e561a292877a1b39146c9c57cf94950e8d72e7b4,"{""@"": ""8067.tw"", ""tv"": ""1"", ""ps"": ""1"", ""pid"": ""20.otc.tw|1415669"", ""pz"": ""11.5000"", ""bp"": ""0"", ""m%"": ""000000"", ""^"": ""20261008"", ""key"": ""otc_8067.tw_20261008"", ""a"": ""11.5500_11.6500_11.7500_11.8000_11.9500_"", ""b"": ""11.5000_11.4500_11.1000_11.0000_10.9000_"", ""c"": ""8067"", ""#"": ""20.otc.tw|1417065"", ""d"": ""20261008"", ""%"": ""13:30:00"", ""ch"": ""8067.tw"", ""tlong"": ""1791437400000"", ""f"": ""1_2_2_7_2_"", ""g"": ""1_1_2_5_6_"", ""ip"": ""0"", ""mt"": ""000000"", ""h"": ""11.5000"", ""i"": ""29"", ""it"": ""12"", ""l"": ""11.5000"", ""n"": ""志旭"", ""o"": ""11.5000"", ""p"": ""0"", ""ex"": ""otc"", ""s"": ""1"", ""trade"": {""t"": ""13:30:00"", ""v"": 1, ""z"": ""11.5000"", ""ft"": 20}, ""t"": ""13:30:00"", ""u"": ""12.1500"", ""v"": ""1"", ""w"": ""9.9500"", ""nf"": ""志旭國際股份有限公司"", ""y"": ""11.0500"", ""z"": ""11.5000"", ""ts"": ""0""}",37730234383,11530906396,mis-probe-37730234383,1b4caf9efcbb0575771726b356751f177bba37439179cb14bfc9b8a9bc9a88e0,2026-10-08,2026-10-08T13:35:00+08:00,UNCALCULABLE_EVIDENCE_V1,d8fcacd07b965f537a310485ddfbdfef96f5df25,live/replay implementation base; diagnostic file hash identifies this uncommitted report generator,be28204cf9fc4a1a9edb20ce07b6838c503e385bafa0237a6a1b04ee9857f28a,2dd62b249a181d7045c957f0c33501cc574723cd,37742790398,2026-10-08T15:20:18.859+08:00,2026-10-08T17:27:03.597+08:00
8067,志旭,TPEx,otc,close_reference_B,2026-10-08T13:33:20.000+08:00,2026-10-08T13:33:40.359+08:00,2026-10-08T13:33:44.128+08:00,13:33:41,20261008,MISSING,13:30:00,11.5000,1,20,13:30:00,11.5000,11.5000,1,1,1,20261008,MISSING,11.5000,11.5000,11.5000,200,null,False,True,True,selected_result,0,24,50,d9743a606a458bffa93622c0a54eae7316eac8ed62a150fff93dec1e88dd7824,3128.0,FRESH,null,TRADE_NOT_BEFORE_1325,results/close_reference_B_raw.jsonl,24,b531780617f11ea36297647cd8e58dfd6da9219167de838d69d439d165912d82,"{""@"": ""8067.tw"", ""tv"": ""1"", ""ps"": ""1"", ""pid"": ""20.otc.tw|1418460"", ""pz"": ""11.5000"", ""bp"": ""0"", ""m%"": ""000000"", ""^"": ""20261008"", ""key"": ""otc_8067.tw_20261008"", ""a"": ""11.5500_11.6500_11.7500_11.8000_11.9500_"", ""b"": ""11.5000_11.4500_11.1000_11.0000_10.9000_"", ""c"": ""8067"", ""#"": ""20.otc.tw|1419869"", ""d"": ""20261008"", ""%"": ""13:30:00"", ""ch"": ""8067.tw"", ""tlong"": ""1791437400000"", ""f"": ""1_2_2_7_2_"", ""g"": ""1_1_2_5_6_"", ""ip"": ""0"", ""mt"": ""000000"", ""h"": ""11.5000"", ""i"": ""29"", ""it"": ""12"", ""l"": ""11.5000"", ""n"": ""志旭"", ""o"": ""11.5000"", ""p"": ""0"", ""ex"": ""otc"", ""s"": ""1"", ""trade"": {""t"": ""13:30:00"", ""v"": 1, ""z"": ""11.5000"", ""ft"": 20}, ""t"": ""13:30:00"", ""u"": ""12.1500"", ""v"": ""1"", ""w"": ""9.9500"", ""nf"": ""志旭國際股份有限公司"", ""y"": ""11.0500"", ""z"": ""11.5000"", ""ts"": ""0""}",37730234383,11530906396,mis-probe-37730234383,1b4caf9efcbb0575771726b356751f177bba37439179cb14bfc9b8a9bc9a88e0,2026-10-08,2026-10-08T13:35:00+08:00,UNCALCULABLE_EVIDENCE_V1,d8fcacd07b965f537a310485ddfbdfef96f5df25,live/replay implementation base; diagnostic file hash identifies this uncommitted report generator,be28204cf9fc4a1a9edb20ce07b6838c503e385bafa0237a6a1b04ee9857f28a,2dd62b249a181d7045c957f0c33501cc574723cd,37742790398,2026-10-08T15:20:18.859+08:00,2026-10-08T17:27:03.597+08:00
8067,志旭,TPEx,otc,close_reference_C,MISSING,MISSING,MISSING,MISSING,MISSING,MISSING,MISSING,MISSING,MISSING,MISSING,MISSING,MISSING,MISSING,MISSING,MISSING,MISSING,MISSING,MISSING,MISSING,MISSING,MISSING,MISSING,NOT_SCHEDULED,MISSING,MISSING,False,coverage_note,MISSING,MISSING,MISSING,MISSING,MISSING,MISSING,MISSING,MISSING,results/close_reference_C_raw.jsonl,MISSING,MISSING,MISSING,37730234383,11530906396,mis-probe-37730234383,1b4caf9efcbb0575771726b356751f177bba37439179cb14bfc9b8a9bc9a88e0,2026-10-08,2026-10-08T13:35:00+08:00,UNCALCULABLE_EVIDENCE_V1,d8fcacd07b965f537a310485ddfbdfef96f5df25,live/replay implementation base; diagnostic file hash identifies this uncommitted report generator,be28204cf9fc4a1a9edb20ce07b6838c503e385bafa0237a6a1b04ee9857f28a,2dd62b249a181d7045c957f0c33501cc574723cd,37742790398,2026-10-08T15:20:18.859+08:00,2026-10-08T17:27:03.597+08:00
8067,志旭,TPEx,otc,per_second_probe,MISSING,MISSING,MISSING,MISSING,MISSING,MISSING,MISSING,MISSING,MISSING,MISSING,MISSING,MISSING,MISSING,MISSING,MISSING,MISSING,MISSING,MISSING,MISSING,MISSING,MISSING,MISSING,NOT_SAMPLED,MISSING,MISSING,False,coverage_note,MISSING,MISSING,MISSING,MISSING,MISSING,MISSING,MISSING,MISSING,results/probe_raw.jsonl,MISSING,MISSING,MISSING,37730234383,11530906396,mis-probe-37730234383,1b4caf9efcbb0575771726b356751f177bba37439179cb14bfc9b8a9bc9a88e0,2026-10-08,2026-10-08T13:35:00+08:00,UNCALCULABLE_EVIDENCE_V1,d8fcacd07b965f537a310485ddfbdfef96f5df25,live/replay implementation base; diagnostic file hash identifies this uncommitted report generator,be28204cf9fc4a1a9edb20ce07b6838c503e385bafa0237a6a1b04ee9857f28a,2dd62b249a181d7045c957f0c33501cc574723cd,37742790398,2026-10-08T15:20:18.859+08:00,2026-10-08T17:27:03.597+08:00
8455,大拓-KY,TPEx,otc,preclose,2026-10-08T13:24:50.000+08:00,2026-10-08T13:24:58.278+08:00,2026-10-08T13:25:01.033+08:00,13:24:59,20261008,MISSING,MISSING,MISSING,MISSING,MISSING,12:36:51,-,-,0,-,-,20261008,RR,-,-,-,200,null,False,False,True,selected_result,0,18,50,a6d9748df27b5e1421dc6eab05f0b6b58245486ae861c75896bfa086272f1e60,2033.0,FRESH,stale_cache,NO_NESTED_TRADE_ZERO_REPORTED_VOLUME,results/preclose_raw.jsonl,18,ab2acfd2c8f7a3f9ea3c582572e9a3da46eecf6aac0068b5f9ae51d9c3645d76,"{""@"": ""8455.tw"", ""tv"": ""-"", ""ps"": ""-"", ""pid"": ""20.otc.tw|1362470"", ""pz"": ""-"", ""bp"": ""0"", ""m%"": ""206231"", ""^"": ""20261008"", ""key"": ""otc_8455.tw_20261008"", ""a"": ""22.9500_23.0000_23.0500_24.2500_24.3000_"", ""b"": ""22.5500_22.2000_22.0000_21.5000_21.4000_"", ""c"": ""8455"", ""#"": ""20.otc.tw|1365198"", ""d"": ""20261008"", ""%"": ""12:36:51"", ""ch"": ""8455.tw"", ""tlong"": ""1791434211000"", ""io"": ""RR"", ""f"": ""1_1_3_1_1_"", ""g"": ""2_1_2_1_1_"", ""ip"": ""0"", ""mt"": ""206231"", ""h"": ""-"", ""i"": ""31"", ""it"": ""12"", ""l"": ""-"", ""n"": ""大拓-KY"", ""o"": ""-"", ""p"": ""0"", ""ex"": ""otc"", ""s"": ""-"", ""t"": ""12:36:51"", ""u"": ""25.5000"", ""v"": ""0"", ""w"": ""20.9000"", ""nf"": ""蓋曼群島商日本大拓股份有限公司"", ""y"": ""23.2000"", ""z"": ""-"", ""ts"": ""0""}",37730234383,11530906396,mis-probe-37730234383,1b4caf9efcbb0575771726b356751f177bba37439179cb14bfc9b8a9bc9a88e0,2026-10-08,2026-10-08T13:35:00+08:00,UNCALCULABLE_EVIDENCE_V1,d8fcacd07b965f537a310485ddfbdfef96f5df25,live/replay implementation base; diagnostic file hash identifies this uncommitted report generator,be28204cf9fc4a1a9edb20ce07b6838c503e385bafa0237a6a1b04ee9857f28a,2dd62b249a181d7045c957f0c33501cc574723cd,37742790398,2026-10-08T15:20:18.859+08:00,2026-10-08T17:27:03.597+08:00
8455,大拓-KY,TPEx,otc,pre_reference_A,2026-10-08T13:27:00.000+08:00,2026-10-08T13:27:10.634+08:00,2026-10-08T13:27:14.140+08:00,13:27:11,20261008,MISSING,MISSING,MISSING,MISSING,MISSING,13:26:30,-,-,0,-,-,20261008,RR,-,-,-,200,null,False,False,True,selected_result,0,18,50,a6d9748df27b5e1421dc6eab05f0b6b58245486ae861c75896bfa086272f1e60,3140.0,FRESH,no_trade_or_incomplete_identity,NO_NESTED_TRADE_ZERO_REPORTED_VOLUME,results/pre_reference_A_raw.jsonl,18,41da5cd4719e6ff2a2e781384c908ce29811fc314f09bc2d444d10ef4476afa4,"{""@"": ""8455.tw"", ""tv"": ""-"", ""ps"": ""-"", ""pid"": ""20.otc.tw|1381435"", ""pz"": ""-"", ""bp"": ""0"", ""m%"": ""118355"", ""^"": ""20261008"", ""key"": ""otc_8455.tw_20261008"", ""a"": ""23.0000_23.0500_24.2500_24.3000_25.5000_"", ""b"": ""22.5500_22.2000_22.0000_21.5000_21.4000_"", ""c"": ""8455"", ""#"": ""20.otc.tw|1381980"", ""d"": ""20261008"", ""%"": ""13:26:30"", ""ch"": ""8455.tw"", ""tlong"": ""1791437190000"", ""io"": ""RR"", ""f"": ""1_3_1_1_4_"", ""g"": ""2_1_2_1_1_"", ""ip"": ""0"", ""mt"": ""118355"", ""h"": ""-"", ""i"": ""31"", ""it"": ""12"", ""l"": ""-"", ""n"": ""大拓-KY"", ""o"": ""-"", ""p"": ""0"", ""ex"": ""otc"", ""s"": ""-"", ""t"": ""13:26:30"", ""u"": ""25.5000"", ""v"": ""0"", ""w"": ""20.9000"", ""nf"": ""蓋曼群島商日本大拓股份有限公司"", ""y"": ""23.2000"", ""z"": ""-"", ""ts"": ""1""}",37730234383,11530906396,mis-probe-37730234383,1b4caf9efcbb0575771726b356751f177bba37439179cb14bfc9b8a9bc9a88e0,2026-10-08,2026-10-08T13:35:00+08:00,UNCALCULABLE_EVIDENCE_V1,d8fcacd07b965f537a310485ddfbdfef96f5df25,live/replay implementation base; diagnostic file hash identifies this uncommitted report generator,be28204cf9fc4a1a9edb20ce07b6838c503e385bafa0237a6a1b04ee9857f28a,2dd62b249a181d7045c957f0c33501cc574723cd,37742790398,2026-10-08T15:20:18.859+08:00,2026-10-08T17:27:03.597+08:00
8455,大拓-KY,TPEx,otc,pre_reference_B,2026-10-08T13:28:15.000+08:00,2026-10-08T13:28:26.112+08:00,2026-10-08T13:28:29.683+08:00,13:28:28,20261008,MISSING,MISSING,MISSING,MISSING,MISSING,13:27:15,-,-,0,-,-,20261008,RR,-,-,-,200,null,False,False,True,selected_result,0,18,50,a6d9748df27b5e1421dc6eab05f0b6b58245486ae861c75896bfa086272f1e60,1683.0,FRESH,no_trade_or_incomplete_identity,NO_NESTED_TRADE_ZERO_REPORTED_VOLUME,results/pre_reference_B_raw.jsonl,18,d4065b9ef7604b7838df13cab7ddbce031ae7cf71d1ad6f3cb7cee098a867f36,"{""@"": ""8455.tw"", ""tv"": ""-"", ""ps"": ""-"", ""pid"": ""20.otc.tw|1387673"", ""pz"": ""-"", ""bp"": ""0"", ""m%"": ""268409"", ""^"": ""20261008"", ""key"": ""otc_8455.tw_20261008"", ""a"": ""22.9500_23.0000_23.0500_24.0000_24.2500_"", ""b"": ""22.5500_22.2000_22.0000_21.5000_21.4000_"", ""c"": ""8455"", ""#"": ""20.otc.tw|1391433"", ""d"": ""20261008"", ""%"": ""13:27:15"", ""ch"": ""8455.tw"", ""tlong"": ""1791437235000"", ""io"": ""RR"", ""f"": ""1_1_3_1_1_"", ""g"": ""2_1_2_1_1_"", ""ip"": ""0"", ""mt"": ""268409"", ""h"": ""-"", ""i"": ""31"", ""it"": ""12"", ""l"": ""-"", ""n"": ""大拓-KY"", ""o"": ""-"", ""p"": ""0"", ""ex"": ""otc"", ""s"": ""-"", ""t"": ""13:27:15"", ""u"": ""25.5000"", ""v"": ""0"", ""w"": ""20.9000"", ""nf"": ""蓋曼群島商日本大拓股份有限公司"", ""y"": ""23.2000"", ""z"": ""-"", ""ts"": ""1""}",37730234383,11530906396,mis-probe-37730234383,1b4caf9efcbb0575771726b356751f177bba37439179cb14bfc9b8a9bc9a88e0,2026-10-08,2026-10-08T13:35:00+08:00,UNCALCULABLE_EVIDENCE_V1,d8fcacd07b965f537a310485ddfbdfef96f5df25,live/replay implementation base; diagnostic file hash identifies this uncommitted report generator,be28204cf9fc4a1a9edb20ce07b6838c503e385bafa0237a6a1b04ee9857f28a,2dd62b249a181d7045c957f0c33501cc574723cd,37742790398,2026-10-08T15:20:18.859+08:00,2026-10-08T17:27:03.597+08:00
8455,大拓-KY,TPEx,otc,pre_targeted_retry,2026-10-08T13:28:48.457+08:00,2026-10-08T13:28:48.459+08:00,2026-10-08T13:28:50.437+08:00,13:28:49,20261008,MISSING,MISSING,MISSING,MISSING,MISSING,13:27:15,-,-,0,-,-,20261008,RR,-,-,-,200,null,False,False,True,selected_result,0,3,39,fcf0d3c316124e6be0f20b6125219739e6f1c2cb9ffa834badf2bb99872a8b08,1437.0,FRESH,no_trade_or_incomplete_identity,NO_NESTED_TRADE_ZERO_REPORTED_VOLUME,results/pre_targeted_retry_raw.jsonl,3,d0c2509fcbc842a18f80fe6ff68c1637f7fa5ac9e78c527b23152de701b62e32,"{""@"": ""8455.tw"", ""tv"": ""-"", ""ps"": ""-"", ""pid"": ""20.otc.tw|1391433"", ""pz"": ""-"", ""bp"": ""0"", ""m%"": ""268409"", ""^"": ""20261008"", ""key"": ""otc_8455.tw_20261008"", ""a"": ""22.9500_23.0000_23.0500_24.0000_24.2500_"", ""b"": ""22.5500_22.2000_22.0000_21.5000_21.4000_"", ""c"": ""8455"", ""#"": ""20.otc.tw|1395490"", ""d"": ""20261008"", ""%"": ""13:27:15"", ""ch"": ""8455.tw"", ""tlong"": ""1791437235000"", ""io"": ""RR"", ""f"": ""1_1_3_1_1_"", ""g"": ""2_1_2_1_1_"", ""ip"": ""0"", ""mt"": ""268409"", ""h"": ""-"", ""i"": ""31"", ""it"": ""12"", ""l"": ""-"", ""n"": ""大拓-KY"", ""o"": ""-"", ""p"": ""0"", ""ex"": ""otc"", ""s"": ""-"", ""t"": ""13:27:15"", ""u"": ""25.5000"", ""v"": ""0"", ""w"": ""20.9000"", ""nf"": ""蓋曼群島商日本大拓股份有限公司"", ""y"": ""23.2000"", ""z"": ""-"", ""ts"": ""1""}",37730234383,11530906396,mis-probe-37730234383,1b4caf9efcbb0575771726b356751f177bba37439179cb14bfc9b8a9bc9a88e0,2026-10-08,2026-10-08T13:35:00+08:00,UNCALCULABLE_EVIDENCE_V1,d8fcacd07b965f537a310485ddfbdfef96f5df25,live/replay implementation base; diagnostic file hash identifies this uncommitted report generator,be28204cf9fc4a1a9edb20ce07b6838c503e385bafa0237a6a1b04ee9857f28a,2dd62b249a181d7045c957f0c33501cc574723cd,37742790398,2026-10-08T15:20:18.859+08:00,2026-10-08T17:27:03.597+08:00
8455,大拓-KY,TPEx,otc,pre_targeted_retry,2026-10-08T13:28:57.201+08:00,2026-10-08T13:28:57.201+08:00,2026-10-08T13:28:58.004+08:00,MISSING,MISSING,MISSING,MISSING,MISSING,MISSING,MISSING,MISSING,MISSING,MISSING,MISSING,MISSING,MISSING,MISSING,MISSING,MISSING,MISSING,MISSING,null,RESPONSE_AFTER_CAPTURE_DEADLINE:URLError:<urlopen error timed out>,True,False,True,HTTP_attempt,0,1,25,248ef639ea777795f75262d307ea71aa2ea127a7cbb84226f95511e1565f3950,null,NOT_FRESH_OR_UNAVAILABLE,RESPONSE_AFTER_CAPTURE_DEADLINE:URLError:<urlopen error timed out>,NO_RESPONSE_ITEM,results/pre_targeted_retry_raw.jsonl,4,5f26b410f8b93db9844cc880f137cf9653c7a33ef31353cec3dd6d7ac17220b2,MISSING,37730234383,11530906396,mis-probe-37730234383,1b4caf9efcbb0575771726b356751f177bba37439179cb14bfc9b8a9bc9a88e0,2026-10-08,2026-10-08T13:35:00+08:00,UNCALCULABLE_EVIDENCE_V1,d8fcacd07b965f537a310485ddfbdfef96f5df25,live/replay implementation base; diagnostic file hash identifies this uncommitted report generator,be28204cf9fc4a1a9edb20ce07b6838c503e385bafa0237a6a1b04ee9857f28a,2dd62b249a181d7045c957f0c33501cc574723cd,37742790398,2026-10-08T15:20:18.859+08:00,2026-10-08T17:27:03.597+08:00
8455,大拓-KY,TPEx,otc,pre_targeted_retry,2026-10-08T13:28:57.201+08:00,2026-10-08T13:28:58.505+08:00,2026-10-08T13:28:58.505+08:00,MISSING,MISSING,MISSING,MISSING,MISSING,MISSING,MISSING,MISSING,MISSING,MISSING,MISSING,MISSING,MISSING,MISSING,MISSING,MISSING,MISSING,MISSING,null,CAPTURE_DEADLINE_NO_REQUEST,True,False,False,selected_result,null,1,25,248ef639ea777795f75262d307ea71aa2ea127a7cbb84226f95511e1565f3950,null,NOT_FRESH_OR_UNAVAILABLE,CAPTURE_DEADLINE_NO_REQUEST,NO_RESPONSE_ITEM,results/pre_targeted_retry_raw.jsonl,4,5f26b410f8b93db9844cc880f137cf9653c7a33ef31353cec3dd6d7ac17220b2,MISSING,37730234383,11530906396,mis-probe-37730234383,1b4caf9efcbb0575771726b356751f177bba37439179cb14bfc9b8a9bc9a88e0,2026-10-08,2026-10-08T13:35:00+08:00,UNCALCULABLE_EVIDENCE_V1,d8fcacd07b965f537a310485ddfbdfef96f5df25,live/replay implementation base; diagnostic file hash identifies this uncommitted report generator,be28204cf9fc4a1a9edb20ce07b6838c503e385bafa0237a6a1b04ee9857f28a,2dd62b249a181d7045c957f0c33501cc574723cd,37742790398,2026-10-08T15:20:18.859+08:00,2026-10-08T17:27:03.597+08:00
8455,大拓-KY,TPEx,otc,pre_reference_C,2026-10-08T13:29:00.000+08:00,2026-10-08T13:29:10.472+08:00,2026-10-08T13:29:11.804+08:00,13:28:28,20261008,42492,MISSING,MISSING,MISSING,MISSING,13:27:15,-,-,0,-,-,20261008,RR,-,-,-,200,null,False,False,True,selected_result,0,18,50,a6d9748df27b5e1421dc6eab05f0b6b58245486ae861c75896bfa086272f1e60,43804.0,NOT_FRESH_OR_UNAVAILABLE,stale_cache,NO_NESTED_TRADE_ZERO_REPORTED_VOLUME,results/pre_reference_C_raw.jsonl,18,4f4b1f9a657eb4f1adce69329ddb248ee2a7c3f2cf5fffc6eb92a1dc5f9049cf,"{""@"": ""8455.tw"", ""tv"": ""-"", ""ps"": ""-"", ""pid"": ""20.otc.tw|1387673"", ""pz"": ""-"", ""bp"": ""0"", ""m%"": ""268409"", ""^"": ""20261008"", ""key"": ""otc_8455.tw_20261008"", ""a"": ""22.9500_23.0000_23.0500_24.0000_24.2500_"", ""b"": ""22.5500_22.2000_22.0000_21.5000_21.4000_"", ""c"": ""8455"", ""#"": ""20.otc.tw|1391433"", ""d"": ""20261008"", ""%"": ""13:27:15"", ""ch"": ""8455.tw"", ""tlong"": ""1791437235000"", ""io"": ""RR"", ""f"": ""1_1_3_1_1_"", ""g"": ""2_1_2_1_1_"", ""ip"": ""0"", ""mt"": ""268409"", ""h"": ""-"", ""i"": ""31"", ""it"": ""12"", ""l"": ""-"", ""n"": ""大拓-KY"", ""o"": ""-"", ""p"": ""0"", ""ex"": ""otc"", ""s"": ""-"", ""t"": ""13:27:15"", ""u"": ""25.5000"", ""v"": ""0"", ""w"": ""20.9000"", ""nf"": ""蓋曼群島商日本大拓股份有限公司"", ""y"": ""23.2000"", ""z"": ""-"", ""ts"": ""1""}",37730234383,11530906396,mis-probe-37730234383,1b4caf9efcbb0575771726b356751f177bba37439179cb14bfc9b8a9bc9a88e0,2026-10-08,2026-10-08T13:35:00+08:00,UNCALCULABLE_EVIDENCE_V1,d8fcacd07b965f537a310485ddfbdfef96f5df25,live/replay implementation base; diagnostic file hash identifies this uncommitted report generator,be28204cf9fc4a1a9edb20ce07b6838c503e385bafa0237a6a1b04ee9857f28a,2dd62b249a181d7045c957f0c33501cc574723cd,37742790398,2026-10-08T15:20:18.859+08:00,2026-10-08T17:27:03.597+08:00
8455,大拓-KY,TPEx,otc,pre_targeted_retry,2026-10-08T13:29:25.164+08:00,2026-10-08T13:29:25.164+08:00,2026-10-08T13:29:26.413+08:00,13:29:26,20261008,MISSING,MISSING,MISSING,MISSING,MISSING,13:27:15,-,-,0,-,-,20261008,RR,-,-,-,200,null,False,False,True,selected_result,0,1,25,248ef639ea777795f75262d307ea71aa2ea127a7cbb84226f95511e1565f3950,413.0,FRESH,no_trade_or_incomplete_identity,NO_NESTED_TRADE_ZERO_REPORTED_VOLUME,results/pre_targeted_retry_raw.jsonl,5,0c1134bcaf38056edad5878f09621ec4ba8e54998c4e4f98959e48041108ccfd,"{""@"": ""8455.tw"", ""tv"": ""-"", ""ps"": ""-"", ""pid"": ""20.otc.tw|1399414"", ""pz"": ""-"", ""bp"": ""0"", ""m%"": ""268409"", ""^"": ""20261008"", ""key"": ""otc_8455.tw_20261008"", ""a"": ""22.9500_23.0000_23.0500_24.0000_24.2500_"", ""b"": ""22.5500_22.2000_22.0000_21.5000_21.4000_"", ""c"": ""8455"", ""#"": ""20.otc.tw|1403858"", ""d"": ""20261008"", ""%"": ""13:27:15"", ""ch"": ""8455.tw"", ""tlong"": ""1791437235000"", ""io"": ""RR"", ""f"": ""1_1_3_1_1_"", ""g"": ""2_1_2_1_1_"", ""ip"": ""0"", ""mt"": ""268409"", ""h"": ""-"", ""i"": ""31"", ""it"": ""12"", ""l"": ""-"", ""n"": ""大拓-KY"", ""o"": ""-"", ""p"": ""0"", ""ex"": ""otc"", ""s"": ""-"", ""t"": ""13:27:15"", ""u"": ""25.5000"", ""v"": ""0"", ""w"": ""20.9000"", ""nf"": ""蓋曼群島商日本大拓股份有限公司"", ""y"": ""23.2000"", ""z"": ""-"", ""ts"": ""1""}",37730234383,11530906396,mis-probe-37730234383,1b4caf9efcbb0575771726b356751f177bba37439179cb14bfc9b8a9bc9a88e0,2026-10-08,2026-10-08T13:35:00+08:00,UNCALCULABLE_EVIDENCE_V1,d8fcacd07b965f537a310485ddfbdfef96f5df25,live/replay implementation base; diagnostic file hash identifies this uncommitted report generator,be28204cf9fc4a1a9edb20ce07b6838c503e385bafa0237a6a1b04ee9857f28a,2dd62b249a181d7045c957f0c33501cc574723cd,37742790398,2026-10-08T15:20:18.859+08:00,2026-10-08T17:27:03.597+08:00
8455,大拓-KY,TPEx,otc,close_reference_A,2026-10-08T13:32:30.000+08:00,2026-10-08T13:32:34.891+08:00,2026-10-08T13:32:36.969+08:00,13:32:35,20261008,MISSING,MISSING,MISSING,MISSING,MISSING,13:30:00,-,-,0,-,-,20261008,RR,-,-,-,200,null,False,False,True,selected_result,0,18,50,a6d9748df27b5e1421dc6eab05f0b6b58245486ae861c75896bfa086272f1e60,1969.0,FRESH,no_trade_or_incomplete_identity,NO_NESTED_TRADE_ZERO_REPORTED_VOLUME,results/close_reference_A_raw.jsonl,18,30e379368885da6ed237c4180f275209dda452402d3cb2810305946f18b10645,"{""@"": ""8455.tw"", ""tv"": ""-"", ""ps"": ""-"", ""pid"": ""20.otc.tw|1414938"", ""pz"": ""-"", ""bp"": ""0"", ""m%"": ""000000"", ""^"": ""20261008"", ""key"": ""otc_8455.tw_20261008"", ""a"": ""22.9500_23.0000_23.0500_24.0000_24.2500_"", ""b"": ""22.6500_22.5500_22.2000_22.0000_21.5000_"", ""c"": ""8455"", ""#"": ""20.otc.tw|1416339"", ""d"": ""20261008"", ""%"": ""13:30:00"", ""ch"": ""8455.tw"", ""tlong"": ""1791437400000"", ""io"": ""RR"", ""f"": ""1_1_3_1_1_"", ""g"": ""1_2_1_2_1_"", ""ip"": ""0"", ""mt"": ""000000"", ""h"": ""-"", ""i"": ""31"", ""it"": ""12"", ""l"": ""-"", ""n"": ""大拓-KY"", ""o"": ""-"", ""p"": ""0"", ""ex"": ""otc"", ""s"": ""-"", ""t"": ""13:30:00"", ""u"": ""25.5000"", ""v"": ""0"", ""w"": ""20.9000"", ""nf"": ""蓋曼群島商日本大拓股份有限公司"", ""y"": ""23.2000"", ""z"": ""-"", ""ts"": ""0""}",37730234383,11530906396,mis-probe-37730234383,1b4caf9efcbb0575771726b356751f177bba37439179cb14bfc9b8a9bc9a88e0,2026-10-08,2026-10-08T13:35:00+08:00,UNCALCULABLE_EVIDENCE_V1,d8fcacd07b965f537a310485ddfbdfef96f5df25,live/replay implementation base; diagnostic file hash identifies this uncommitted report generator,be28204cf9fc4a1a9edb20ce07b6838c503e385bafa0237a6a1b04ee9857f28a,2dd62b249a181d7045c957f0c33501cc574723cd,37742790398,2026-10-08T15:20:18.859+08:00,2026-10-08T17:27:03.597+08:00
8455,大拓-KY,TPEx,otc,close_reference_B,2026-10-08T13:33:20.000+08:00,2026-10-08T13:33:39.739+08:00,2026-10-08T13:33:43.136+08:00,13:33:41,20261008,MISSING,MISSING,MISSING,MISSING,MISSING,13:30:00,-,-,0,-,-,20261008,RR,-,-,-,200,null,False,False,True,selected_result,0,23,50,d2ef046c5f4a18c7fb0fde166bef4bfa4b1647a03d91317ca4d24723f423a261,2136.0,FRESH,no_trade_or_incomplete_identity,NO_NESTED_TRADE_ZERO_REPORTED_VOLUME,results/close_reference_B_raw.jsonl,23,ba1fae0d92e384bebe7e4674e8f3caa248028f5d823e78a7d32613e72b842faa,"{""@"": ""8455.tw"", ""tv"": ""-"", ""ps"": ""-"", ""pid"": ""20.otc.tw|1419124"", ""pz"": ""-"", ""bp"": ""0"", ""m%"": ""000000"", ""^"": ""20261008"", ""key"": ""otc_8455.tw_20261008"", ""a"": ""22.9500_23.0000_23.0500_24.0000_24.2500_"", ""b"": ""22.6500_22.5500_22.2000_22.0000_21.5000_"", ""c"": ""8455"", ""#"": ""20.otc.tw|1420533"", ""d"": ""20261008"", ""%"": ""13:30:00"", ""ch"": ""8455.tw"", ""tlong"": ""1791437400000"", ""io"": ""RR"", ""f"": ""1_1_3_1_1_"", ""g"": ""1_2_1_2_1_"", ""ip"": ""0"", ""mt"": ""000000"", ""h"": ""-"", ""i"": ""31"", ""it"": ""12"", ""l"": ""-"", ""n"": ""大拓-KY"", ""o"": ""-"", ""p"": ""0"", ""ex"": ""otc"", ""s"": ""-"", ""t"": ""13:30:00"", ""u"": ""25.5000"", ""v"": ""0"", ""w"": ""20.9000"", ""nf"": ""蓋曼群島商日本大拓股份有限公司"", ""y"": ""23.2000"", ""z"": ""-"", ""ts"": ""0""}",37730234383,11530906396,mis-probe-37730234383,1b4caf9efcbb0575771726b356751f177bba37439179cb14bfc9b8a9bc9a88e0,2026-10-08,2026-10-08T13:35:00+08:00,UNCALCULABLE_EVIDENCE_V1,d8fcacd07b965f537a310485ddfbdfef96f5df25,live/replay implementation base; diagnostic file hash identifies this uncommitted report generator,be28204cf9fc4a1a9edb20ce07b6838c503e385bafa0237a6a1b04ee9857f28a,2dd62b249a181d7045c957f0c33501cc574723cd,37742790398,2026-10-08T15:20:18.859+08:00,2026-10-08T17:27:03.597+08:00
8455,大拓-KY,TPEx,otc,close_reference_C,2026-10-08T13:34:10.000+08:00,2026-10-08T13:34:10.000+08:00,2026-10-08T13:34:10.842+08:00,13:34:10,20261008,MISSING,MISSING,MISSING,MISSING,MISSING,13:30:00,-,-,0,-,-,20261008,RR,-,-,-,200,null,False,False,True,selected_result,0,1,29,6550d2287e85a4df0a8ec64d1c160e0dc59f57f02c6945a778432e2a5dbcb5cc,842.0,FRESH,no_trade_or_incomplete_identity,NO_NESTED_TRADE_ZERO_REPORTED_VOLUME,results/close_reference_C_raw.jsonl,1,776473020c3a315a7830eb9cd7529a970b86db8333a6313c2949d48c5d1d97ce,"{""@"": ""8455.tw"", ""tv"": ""-"", ""ps"": ""-"", ""pid"": ""20.otc.tw|1419124"", ""pz"": ""-"", ""bp"": ""0"", ""m%"": ""000000"", ""^"": ""20261008"", ""key"": ""otc_8455.tw_20261008"", ""a"": ""22.9500_23.0000_23.0500_24.0000_24.2500_"", ""b"": ""22.6500_22.5500_22.2000_22.0000_21.5000_"", ""c"": ""8455"", ""#"": ""20.otc.tw|1420533"", ""d"": ""20261008"", ""%"": ""13:30:00"", ""ch"": ""8455.tw"", ""tlong"": ""1791437400000"", ""io"": ""RR"", ""f"": ""1_1_3_1_1_"", ""g"": ""1_2_1_2_1_"", ""ip"": ""0"", ""mt"": ""000000"", ""h"": ""-"", ""i"": ""31"", ""it"": ""12"", ""l"": ""-"", ""n"": ""大拓-KY"", ""o"": ""-"", ""p"": ""0"", ""ex"": ""otc"", ""s"": ""-"", ""t"": ""13:30:00"", ""u"": ""25.5000"", ""v"": ""0"", ""w"": ""20.9000"", ""nf"": ""蓋曼群島商日本大拓股份有限公司"", ""y"": ""23.2000"", ""z"": ""-"", ""ts"": ""0""}",37730234383,11530906396,mis-probe-37730234383,1b4caf9efcbb0575771726b356751f177bba37439179cb14bfc9b8a9bc9a88e0,2026-10-08,2026-10-08T13:35:00+08:00,UNCALCULABLE_EVIDENCE_V1,d8fcacd07b965f537a310485ddfbdfef96f5df25,live/replay implementation base; diagnostic file hash identifies this uncommitted report generator,be28204cf9fc4a1a9edb20ce07b6838c503e385bafa0237a6a1b04ee9857f28a,2dd62b249a181d7045c957f0c33501cc574723cd,37742790398,2026-10-08T15:20:18.859+08:00,2026-10-08T17:27:03.597+08:00
8455,大拓-KY,TPEx,otc,per_second_probe,MISSING,MISSING,MISSING,MISSING,MISSING,MISSING,MISSING,MISSING,MISSING,MISSING,MISSING,MISSING,MISSING,MISSING,MISSING,MISSING,MISSING,MISSING,MISSING,MISSING,MISSING,MISSING,NOT_SAMPLED,MISSING,MISSING,False,coverage_note,MISSING,MISSING,MISSING,MISSING,MISSING,MISSING,MISSING,MISSING,results/probe_raw.jsonl,MISSING,MISSING,MISSING,37730234383,11530906396,mis-probe-37730234383,1b4caf9efcbb0575771726b356751f177bba37439179cb14bfc9b8a9bc9a88e0,2026-10-08,2026-10-08T13:35:00+08:00,UNCALCULABLE_EVIDENCE_V1,d8fcacd07b965f537a310485ddfbdfef96f5df25,live/replay implementation base; diagnostic file hash identifies this uncommitted report generator,be28204cf9fc4a1a9edb20ce07b6838c503e385bafa0237a6a1b04ee9857f28a,2dd62b249a181d7045c957f0c33501cc574723cd,37742790398,2026-10-08T15:20:18.859+08:00,2026-10-08T17:27:03.597+08:00
9949,琉園,TPEx,otc,preclose,2026-10-08T13:24:50.000+08:00,2026-10-08T13:24:58.278+08:00,2026-10-08T13:25:01.033+08:00,13:24:59,20261008,MISSING,MISSING,MISSING,MISSING,MISSING,11:28:29,-,-,0,-,-,20261008,MISSING,-,-,-,200,null,False,False,True,selected_result,0,18,50,a6d9748df27b5e1421dc6eab05f0b6b58245486ae861c75896bfa086272f1e60,2033.0,FRESH,stale_cache,NO_NESTED_TRADE_ZERO_REPORTED_VOLUME,results/preclose_raw.jsonl,18,ab2acfd2c8f7a3f9ea3c582572e9a3da46eecf6aac0068b5f9ae51d9c3645d76,"{""@"": ""9949.tw"", ""tv"": ""-"", ""ps"": ""-"", ""pid"": ""20.otc.tw|1358113"", ""pz"": ""-"", ""bp"": ""0"", ""m%"": ""191296"", ""^"": ""20261008"", ""key"": ""otc_9949.tw_20261008"", ""a"": ""24.4000_24.5000_24.6000_24.7000_24.8000_"", ""b"": ""24.0500_24.0000_23.9500_23.9000_23.2000_"", ""c"": ""9949"", ""#"": ""20.otc.tw|1360694"", ""d"": ""20261008"", ""%"": ""11:28:29"", ""ch"": ""9949.tw"", ""tlong"": ""1791430109000"", ""f"": ""1_1_1_1_1_"", ""g"": ""1_5_1_1_3_"", ""ip"": ""0"", ""mt"": ""191296"", ""h"": ""-"", ""i"": ""32"", ""it"": ""12"", ""l"": ""-"", ""n"": ""琉園"", ""o"": ""-"", ""p"": ""0"", ""ex"": ""otc"", ""s"": ""-"", ""t"": ""11:28:29"", ""u"": ""26.5000"", ""v"": ""0"", ""w"": ""21.7000"", ""nf"": ""琉園股份有限公司"", ""y"": ""24.1000"", ""z"": ""-"", ""ts"": ""0""}",37730234383,11530906396,mis-probe-37730234383,1b4caf9efcbb0575771726b356751f177bba37439179cb14bfc9b8a9bc9a88e0,2026-10-08,2026-10-08T13:35:00+08:00,UNCALCULABLE_EVIDENCE_V1,d8fcacd07b965f537a310485ddfbdfef96f5df25,live/replay implementation base; diagnostic file hash identifies this uncommitted report generator,be28204cf9fc4a1a9edb20ce07b6838c503e385bafa0237a6a1b04ee9857f28a,2dd62b249a181d7045c957f0c33501cc574723cd,37742790398,2026-10-08T15:20:18.859+08:00,2026-10-08T17:27:03.597+08:00
9949,琉園,TPEx,otc,pre_reference_A,2026-10-08T13:27:00.000+08:00,2026-10-08T13:27:10.634+08:00,2026-10-08T13:27:14.140+08:00,13:27:11,20261008,MISSING,MISSING,MISSING,MISSING,MISSING,13:26:16,-,24.2000,0,-,-,20261008,MISSING,-,-,-,200,null,False,False,True,selected_result,0,18,50,a6d9748df27b5e1421dc6eab05f0b6b58245486ae861c75896bfa086272f1e60,3140.0,FRESH,no_trade_or_incomplete_identity,NO_NESTED_TRADE_ZERO_REPORTED_VOLUME,results/pre_reference_A_raw.jsonl,18,41da5cd4719e6ff2a2e781384c908ce29811fc314f09bc2d444d10ef4476afa4,"{""@"": ""9949.tw"", ""tv"": ""-"", ""ps"": ""1"", ""pid"": ""20.otc.tw|1379939"", ""pz"": ""24.2000"", ""bp"": ""0"", ""m%"": ""675022"", ""^"": ""20261008"", ""key"": ""otc_9949.tw_20261008"", ""a"": ""24.3500_24.4000_24.5000_24.6000_24.7000_"", ""b"": ""24.0500_24.0000_23.9500_23.9000_23.2000_"", ""c"": ""9949"", ""#"": ""20.otc.tw|1383952"", ""d"": ""20261008"", ""%"": ""13:26:16"", ""ch"": ""9949.tw"", ""tlong"": ""1791437176000"", ""f"": ""11_1_1_1_1_"", ""g"": ""1_5_1_1_3_"", ""ip"": ""0"", ""mt"": ""675022"", ""h"": ""-"", ""i"": ""32"", ""it"": ""12"", ""l"": ""-"", ""n"": ""琉園"", ""o"": ""-"", ""p"": ""0"", ""ex"": ""otc"", ""s"": ""-"", ""t"": ""13:26:16"", ""u"": ""26.5000"", ""v"": ""0"", ""w"": ""21.7000"", ""nf"": ""琉園股份有限公司"", ""y"": ""24.1000"", ""z"": ""-"", ""ts"": ""1""}",37730234383,11530906396,mis-probe-37730234383,1b4caf9efcbb0575771726b356751f177bba37439179cb14bfc9b8a9bc9a88e0,2026-10-08,2026-10-08T13:35:00+08:00,UNCALCULABLE_EVIDENCE_V1,d8fcacd07b965f537a310485ddfbdfef96f5df25,live/replay implementation base; diagnostic file hash identifies this uncommitted report generator,be28204cf9fc4a1a9edb20ce07b6838c503e385bafa0237a6a1b04ee9857f28a,2dd62b249a181d7045c957f0c33501cc574723cd,37742790398,2026-10-08T15:20:18.859+08:00,2026-10-08T17:27:03.597+08:00
9949,琉園,TPEx,otc,pre_reference_B,2026-10-08T13:28:15.000+08:00,2026-10-08T13:28:26.112+08:00,2026-10-08T13:28:29.683+08:00,13:28:28,20261008,MISSING,MISSING,MISSING,MISSING,MISSING,13:27:46,-,-,0,-,-,20261008,MISSING,-,-,-,200,null,False,False,True,selected_result,0,18,50,a6d9748df27b5e1421dc6eab05f0b6b58245486ae861c75896bfa086272f1e60,1683.0,FRESH,no_trade_or_incomplete_identity,NO_NESTED_TRADE_ZERO_REPORTED_VOLUME,results/pre_reference_B_raw.jsonl,18,d4065b9ef7604b7838df13cab7ddbce031ae7cf71d1ad6f3cb7cee098a867f36,"{""@"": ""9949.tw"", ""tv"": ""-"", ""ps"": ""-"", ""pid"": ""20.otc.tw|1391118"", ""pz"": ""-"", ""bp"": ""0"", ""m%"": ""973508"", ""^"": ""20261008"", ""key"": ""otc_9949.tw_20261008"", ""a"": ""24.2000_24.3500_24.4000_24.5000_24.6000_"", ""b"": ""24.0500_24.0000_23.9500_23.9000_23.2000_"", ""c"": ""9949"", ""#"": ""20.otc.tw|1391436"", ""d"": ""20261008"", ""%"": ""13:27:46"", ""ch"": ""9949.tw"", ""tlong"": ""1791437266000"", ""f"": ""1_11_1_1_1_"", ""g"": ""1_5_1_1_3_"", ""ip"": ""0"", ""mt"": ""973508"", ""h"": ""-"", ""i"": ""32"", ""it"": ""12"", ""l"": ""-"", ""n"": ""琉園"", ""o"": ""-"", ""p"": ""0"", ""ex"": ""otc"", ""s"": ""-"", ""t"": ""13:27:46"", ""u"": ""26.5000"", ""v"": ""0"", ""w"": ""21.7000"", ""nf"": ""琉園股份有限公司"", ""y"": ""24.1000"", ""z"": ""-"", ""ts"": ""1""}",37730234383,11530906396,mis-probe-37730234383,1b4caf9efcbb0575771726b356751f177bba37439179cb14bfc9b8a9bc9a88e0,2026-10-08,2026-10-08T13:35:00+08:00,UNCALCULABLE_EVIDENCE_V1,d8fcacd07b965f537a310485ddfbdfef96f5df25,live/replay implementation base; diagnostic file hash identifies this uncommitted report generator,be28204cf9fc4a1a9edb20ce07b6838c503e385bafa0237a6a1b04ee9857f28a,2dd62b249a181d7045c957f0c33501cc574723cd,37742790398,2026-10-08T15:20:18.859+08:00,2026-10-08T17:27:03.597+08:00
9949,琉園,TPEx,otc,pre_targeted_retry,2026-10-08T13:28:48.457+08:00,2026-10-08T13:28:48.459+08:00,2026-10-08T13:28:50.437+08:00,13:28:49,20261008,MISSING,MISSING,MISSING,MISSING,MISSING,13:27:46,-,-,0,-,-,20261008,MISSING,-,-,-,200,null,False,False,True,selected_result,0,3,39,fcf0d3c316124e6be0f20b6125219739e6f1c2cb9ffa834badf2bb99872a8b08,1437.0,FRESH,no_trade_or_incomplete_identity,NO_NESTED_TRADE_ZERO_REPORTED_VOLUME,results/pre_targeted_retry_raw.jsonl,3,d0c2509fcbc842a18f80fe6ff68c1637f7fa5ac9e78c527b23152de701b62e32,"{""@"": ""9949.tw"", ""tv"": ""-"", ""ps"": ""-"", ""pid"": ""20.otc.tw|1391436"", ""pz"": ""-"", ""bp"": ""0"", ""m%"": ""973508"", ""^"": ""20261008"", ""key"": ""otc_9949.tw_20261008"", ""a"": ""24.2000_24.3500_24.4000_24.5000_24.6000_"", ""b"": ""24.0500_24.0000_23.9500_23.9000_23.2000_"", ""c"": ""9949"", ""#"": ""20.otc.tw|1395499"", ""d"": ""20261008"", ""%"": ""13:27:46"", ""ch"": ""9949.tw"", ""tlong"": ""1791437266000"", ""f"": ""1_11_1_1_1_"", ""g"": ""1_5_1_1_3_"", ""ip"": ""0"", ""mt"": ""973508"", ""h"": ""-"", ""i"": ""32"", ""it"": ""12"", ""l"": ""-"", ""n"": ""琉園"", ""o"": ""-"", ""p"": ""0"", ""ex"": ""otc"", ""s"": ""-"", ""t"": ""13:27:46"", ""u"": ""26.5000"", ""v"": ""0"", ""w"": ""21.7000"", ""nf"": ""琉園股份有限公司"", ""y"": ""24.1000"", ""z"": ""-"", ""ts"": ""1""}",37730234383,11530906396,mis-probe-37730234383,1b4caf9efcbb0575771726b356751f177bba37439179cb14bfc9b8a9bc9a88e0,2026-10-08,2026-10-08T13:35:00+08:00,UNCALCULABLE_EVIDENCE_V1,d8fcacd07b965f537a310485ddfbdfef96f5df25,live/replay implementation base; diagnostic file hash identifies this uncommitted report generator,be28204cf9fc4a1a9edb20ce07b6838c503e385bafa0237a6a1b04ee9857f28a,2dd62b249a181d7045c957f0c33501cc574723cd,37742790398,2026-10-08T15:20:18.859+08:00,2026-10-08T17:27:03.597+08:00
9949,琉園,TPEx,otc,pre_targeted_retry,2026-10-08T13:28:57.201+08:00,2026-10-08T13:28:57.201+08:00,2026-10-08T13:28:58.004+08:00,MISSING,MISSING,MISSING,MISSING,MISSING,MISSING,MISSING,MISSING,MISSING,MISSING,MISSING,MISSING,MISSING,MISSING,MISSING,MISSING,MISSING,MISSING,null,RESPONSE_AFTER_CAPTURE_DEADLINE:URLError:<urlopen error timed out>,True,False,True,HTTP_attempt,0,1,25,248ef639ea777795f75262d307ea71aa2ea127a7cbb84226f95511e1565f3950,null,NOT_FRESH_OR_UNAVAILABLE,RESPONSE_AFTER_CAPTURE_DEADLINE:URLError:<urlopen error timed out>,NO_RESPONSE_ITEM,results/pre_targeted_retry_raw.jsonl,4,5f26b410f8b93db9844cc880f137cf9653c7a33ef31353cec3dd6d7ac17220b2,MISSING,37730234383,11530906396,mis-probe-37730234383,1b4caf9efcbb0575771726b356751f177bba37439179cb14bfc9b8a9bc9a88e0,2026-10-08,2026-10-08T13:35:00+08:00,UNCALCULABLE_EVIDENCE_V1,d8fcacd07b965f537a310485ddfbdfef96f5df25,live/replay implementation base; diagnostic file hash identifies this uncommitted report generator,be28204cf9fc4a1a9edb20ce07b6838c503e385bafa0237a6a1b04ee9857f28a,2dd62b249a181d7045c957f0c33501cc574723cd,37742790398,2026-10-08T15:20:18.859+08:00,2026-10-08T17:27:03.597+08:00
9949,琉園,TPEx,otc,pre_targeted_retry,2026-10-08T13:28:57.201+08:00,2026-10-08T13:28:58.505+08:00,2026-10-08T13:28:58.505+08:00,MISSING,MISSING,MISSING,MISSING,MISSING,MISSING,MISSING,MISSING,MISSING,MISSING,MISSING,MISSING,MISSING,MISSING,MISSING,MISSING,MISSING,MISSING,null,CAPTURE_DEADLINE_NO_REQUEST,True,False,False,selected_result,null,1,25,248ef639ea777795f75262d307ea71aa2ea127a7cbb84226f95511e1565f3950,null,NOT_FRESH_OR_UNAVAILABLE,CAPTURE_DEADLINE_NO_REQUEST,NO_RESPONSE_ITEM,results/pre_targeted_retry_raw.jsonl,4,5f26b410f8b93db9844cc880f137cf9653c7a33ef31353cec3dd6d7ac17220b2,MISSING,37730234383,11530906396,mis-probe-37730234383,1b4caf9efcbb0575771726b356751f177bba37439179cb14bfc9b8a9bc9a88e0,2026-10-08,2026-10-08T13:35:00+08:00,UNCALCULABLE_EVIDENCE_V1,d8fcacd07b965f537a310485ddfbdfef96f5df25,live/replay implementation base; diagnostic file hash identifies this uncommitted report generator,be28204cf9fc4a1a9edb20ce07b6838c503e385bafa0237a6a1b04ee9857f28a,2dd62b249a181d7045c957f0c33501cc574723cd,37742790398,2026-10-08T15:20:18.859+08:00,2026-10-08T17:27:03.597+08:00
9949,琉園,TPEx,otc,pre_reference_C,2026-10-08T13:29:00.000+08:00,2026-10-08T13:29:10.472+08:00,2026-10-08T13:29:11.804+08:00,13:28:28,20261008,42492,MISSING,MISSING,MISSING,MISSING,13:27:46,-,-,0,-,-,20261008,MISSING,-,-,-,200,null,False,False,True,selected_result,0,18,50,a6d9748df27b5e1421dc6eab05f0b6b58245486ae861c75896bfa086272f1e60,43804.0,NOT_FRESH_OR_UNAVAILABLE,stale_cache,NO_NESTED_TRADE_ZERO_REPORTED_VOLUME,results/pre_reference_C_raw.jsonl,18,4f4b1f9a657eb4f1adce69329ddb248ee2a7c3f2cf5fffc6eb92a1dc5f9049cf,"{""@"": ""9949.tw"", ""tv"": ""-"", ""ps"": ""-"", ""pid"": ""20.otc.tw|1391118"", ""pz"": ""-"", ""bp"": ""0"", ""m%"": ""973508"", ""^"": ""20261008"", ""key"": ""otc_9949.tw_20261008"", ""a"": ""24.2000_24.3500_24.4000_24.5000_24.6000_"", ""b"": ""24.0500_24.0000_23.9500_23.9000_23.2000_"", ""c"": ""9949"", ""#"": ""20.otc.tw|1391436"", ""d"": ""20261008"", ""%"": ""13:27:46"", ""ch"": ""9949.tw"", ""tlong"": ""1791437266000"", ""f"": ""1_11_1_1_1_"", ""g"": ""1_5_1_1_3_"", ""ip"": ""0"", ""mt"": ""973508"", ""h"": ""-"", ""i"": ""32"", ""it"": ""12"", ""l"": ""-"", ""n"": ""琉園"", ""o"": ""-"", ""p"": ""0"", ""ex"": ""otc"", ""s"": ""-"", ""t"": ""13:27:46"", ""u"": ""26.5000"", ""v"": ""0"", ""w"": ""21.7000"", ""nf"": ""琉園股份有限公司"", ""y"": ""24.1000"", ""z"": ""-"", ""ts"": ""1""}",37730234383,11530906396,mis-probe-37730234383,1b4caf9efcbb0575771726b356751f177bba37439179cb14bfc9b8a9bc9a88e0,2026-10-08,2026-10-08T13:35:00+08:00,UNCALCULABLE_EVIDENCE_V1,d8fcacd07b965f537a310485ddfbdfef96f5df25,live/replay implementation base; diagnostic file hash identifies this uncommitted report generator,be28204cf9fc4a1a9edb20ce07b6838c503e385bafa0237a6a1b04ee9857f28a,2dd62b249a181d7045c957f0c33501cc574723cd,37742790398,2026-10-08T15:20:18.859+08:00,2026-10-08T17:27:03.597+08:00
9949,琉園,TPEx,otc,pre_targeted_retry,2026-10-08T13:29:25.164+08:00,2026-10-08T13:29:25.164+08:00,2026-10-08T13:29:26.413+08:00,13:29:26,20261008,MISSING,MISSING,MISSING,MISSING,MISSING,13:27:46,-,-,0,-,-,20261008,MISSING,-,-,-,200,null,False,False,True,selected_result,0,1,25,248ef639ea777795f75262d307ea71aa2ea127a7cbb84226f95511e1565f3950,413.0,FRESH,no_trade_or_incomplete_identity,NO_NESTED_TRADE_ZERO_REPORTED_VOLUME,results/pre_targeted_retry_raw.jsonl,5,0c1134bcaf38056edad5878f09621ec4ba8e54998c4e4f98959e48041108ccfd,"{""@"": ""9949.tw"", ""tv"": ""-"", ""ps"": ""-"", ""pid"": ""20.otc.tw|1391436"", ""pz"": ""-"", ""bp"": ""0"", ""m%"": ""973508"", ""^"": ""20261008"", ""key"": ""otc_9949.tw_20261008"", ""a"": ""24.2000_24.3500_24.4000_24.5000_24.6000_"", ""b"": ""24.0500_24.0000_23.9500_23.9000_23.2000_"", ""c"": ""9949"", ""#"": ""20.otc.tw|1395499"", ""d"": ""20261008"", ""%"": ""13:27:46"", ""ch"": ""9949.tw"", ""tlong"": ""1791437266000"", ""f"": ""1_11_1_1_1_"", ""g"": ""1_5_1_1_3_"", ""ip"": ""0"", ""mt"": ""973508"", ""h"": ""-"", ""i"": ""32"", ""it"": ""12"", ""l"": ""-"", ""n"": ""琉園"", ""o"": ""-"", ""p"": ""0"", ""ex"": ""otc"", ""s"": ""-"", ""t"": ""13:27:46"", ""u"": ""26.5000"", ""v"": ""0"", ""w"": ""21.7000"", ""nf"": ""琉園股份有限公司"", ""y"": ""24.1000"", ""z"": ""-"", ""ts"": ""1""}",37730234383,11530906396,mis-probe-37730234383,1b4caf9efcbb0575771726b356751f177bba37439179cb14bfc9b8a9bc9a88e0,2026-10-08,2026-10-08T13:35:00+08:00,UNCALCULABLE_EVIDENCE_V1,d8fcacd07b965f537a310485ddfbdfef96f5df25,live/replay implementation base; diagnostic file hash identifies this uncommitted report generator,be28204cf9fc4a1a9edb20ce07b6838c503e385bafa0237a6a1b04ee9857f28a,2dd62b249a181d7045c957f0c33501cc574723cd,37742790398,2026-10-08T15:20:18.859+08:00,2026-10-08T17:27:03.597+08:00
9949,琉園,TPEx,otc,close_reference_A,2026-10-08T13:32:30.000+08:00,2026-10-08T13:32:34.891+08:00,2026-10-08T13:32:36.969+08:00,13:32:35,20261008,MISSING,MISSING,MISSING,MISSING,MISSING,13:30:00,-,-,0,-,-,20261008,MISSING,-,-,-,200,null,False,False,True,selected_result,0,18,50,a6d9748df27b5e1421dc6eab05f0b6b58245486ae861c75896bfa086272f1e60,1969.0,FRESH,no_trade_or_incomplete_identity,NO_NESTED_TRADE_ZERO_REPORTED_VOLUME,results/close_reference_A_raw.jsonl,18,30e379368885da6ed237c4180f275209dda452402d3cb2810305946f18b10645,"{""@"": ""9949.tw"", ""tv"": ""-"", ""ps"": ""-"", ""pid"": ""20.otc.tw|1415689"", ""pz"": ""-"", ""bp"": ""0"", ""m%"": ""000000"", ""^"": ""20261008"", ""key"": ""otc_9949.tw_20261008"", ""a"": ""24.2000_24.3500_24.4000_24.5000_24.6000_"", ""b"": ""24.0500_24.0000_23.9500_23.9000_23.2000_"", ""c"": ""9949"", ""#"": ""20.otc.tw|1417085"", ""d"": ""20261008"", ""%"": ""13:30:00"", ""ch"": ""9949.tw"", ""tlong"": ""1791437400000"", ""f"": ""1_11_1_1_1_"", ""g"": ""1_5_1_1_3_"", ""ip"": ""0"", ""mt"": ""000000"", ""h"": ""-"", ""i"": ""32"", ""it"": ""12"", ""l"": ""-"", ""n"": ""琉園"", ""o"": ""-"", ""p"": ""0"", ""ex"": ""otc"", ""s"": ""-"", ""t"": ""13:30:00"", ""u"": ""26.5000"", ""v"": ""0"", ""w"": ""21.7000"", ""nf"": ""琉園股份有限公司"", ""y"": ""24.1000"", ""z"": ""-"", ""ts"": ""0""}",37730234383,11530906396,mis-probe-37730234383,1b4caf9efcbb0575771726b356751f177bba37439179cb14bfc9b8a9bc9a88e0,2026-10-08,2026-10-08T13:35:00+08:00,UNCALCULABLE_EVIDENCE_V1,d8fcacd07b965f537a310485ddfbdfef96f5df25,live/replay implementation base; diagnostic file hash identifies this uncommitted report generator,be28204cf9fc4a1a9edb20ce07b6838c503e385bafa0237a6a1b04ee9857f28a,2dd62b249a181d7045c957f0c33501cc574723cd,37742790398,2026-10-08T15:20:18.859+08:00,2026-10-08T17:27:03.597+08:00
9949,琉園,TPEx,otc,close_reference_B,2026-10-08T13:33:20.000+08:00,2026-10-08T13:33:39.597+08:00,2026-10-08T13:33:40.978+08:00,13:33:40,20261008,MISSING,MISSING,MISSING,MISSING,MISSING,13:30:00,-,-,0,-,-,20261008,MISSING,-,-,-,200,null,False,False,True,selected_result,0,22,50,5bbb9a20009d036cdea16e9cecbf276f951a79cbd3c69235ebea1fb2fe87a6a9,978.0,FRESH,no_trade_or_incomplete_identity,NO_NESTED_TRADE_ZERO_REPORTED_VOLUME,results/close_reference_B_raw.jsonl,22,9ef8bbe845367499feff08a2e8c3febdadb7ad867f90f12deb4a0936d887b3e6,"{""@"": ""9949.tw"", ""tv"": ""-"", ""ps"": ""-"", ""pid"": ""20.otc.tw|1418480"", ""pz"": ""-"", ""bp"": ""0"", ""m%"": ""000000"", ""^"": ""20261008"", ""key"": ""otc_9949.tw_20261008"", ""a"": ""24.2000_24.3500_24.4000_24.5000_24.6000_"", ""b"": ""24.0500_24.0000_23.9500_23.9000_23.2000_"", ""c"": ""9949"", ""#"": ""20.otc.tw|1419890"", ""d"": ""20261008"", ""%"": ""13:30:00"", ""ch"": ""9949.tw"", ""tlong"": ""1791437400000"", ""f"": ""1_11_1_1_1_"", ""g"": ""1_5_1_1_3_"", ""ip"": ""0"", ""mt"": ""000000"", ""h"": ""-"", ""i"": ""32"", ""it"": ""12"", ""l"": ""-"", ""n"": ""琉園"", ""o"": ""-"", ""p"": ""0"", ""ex"": ""otc"", ""s"": ""-"", ""t"": ""13:30:00"", ""u"": ""26.5000"", ""v"": ""0"", ""w"": ""21.7000"", ""nf"": ""琉園股份有限公司"", ""y"": ""24.1000"", ""z"": ""-"", ""ts"": ""0""}",37730234383,11530906396,mis-probe-37730234383,1b4caf9efcbb0575771726b356751f177bba37439179cb14bfc9b8a9bc9a88e0,2026-10-08,2026-10-08T13:35:00+08:00,UNCALCULABLE_EVIDENCE_V1,d8fcacd07b965f537a310485ddfbdfef96f5df25,live/replay implementation base; diagnostic file hash identifies this uncommitted report generator,be28204cf9fc4a1a9edb20ce07b6838c503e385bafa0237a6a1b04ee9857f28a,2dd62b249a181d7045c957f0c33501cc574723cd,37742790398,2026-10-08T15:20:18.859+08:00,2026-10-08T17:27:03.597+08:00
9949,琉園,TPEx,otc,close_reference_C,2026-10-08T13:34:10.000+08:00,2026-10-08T13:34:10.000+08:00,2026-10-08T13:34:10.842+08:00,13:34:10,20261008,MISSING,MISSING,MISSING,MISSING,MISSING,13:30:00,-,-,0,-,-,20261008,MISSING,-,-,-,200,null,False,False,True,selected_result,0,1,29,6550d2287e85a4df0a8ec64d1c160e0dc59f57f02c6945a778432e2a5dbcb5cc,842.0,FRESH,no_trade_or_incomplete_identity,NO_NESTED_TRADE_ZERO_REPORTED_VOLUME,results/close_reference_C_raw.jsonl,1,776473020c3a315a7830eb9cd7529a970b86db8333a6313c2949d48c5d1d97ce,"{""@"": ""9949.tw"", ""tv"": ""-"", ""ps"": ""-"", ""pid"": ""20.otc.tw|1418480"", ""pz"": ""-"", ""bp"": ""0"", ""m%"": ""000000"", ""^"": ""20261008"", ""key"": ""otc_9949.tw_20261008"", ""a"": ""24.2000_24.3500_24.4000_24.5000_24.6000_"", ""b"": ""24.0500_24.0000_23.9500_23.9000_23.2000_"", ""c"": ""9949"", ""#"": ""20.otc.tw|1419890"", ""d"": ""20261008"", ""%"": ""13:30:00"", ""ch"": ""9949.tw"", ""tlong"": ""1791437400000"", ""f"": ""1_11_1_1_1_"", ""g"": ""1_5_1_1_3_"", ""ip"": ""0"", ""mt"": ""000000"", ""h"": ""-"", ""i"": ""32"", ""it"": ""12"", ""l"": ""-"", ""n"": ""琉園"", ""o"": ""-"", ""p"": ""0"", ""ex"": ""otc"", ""s"": ""-"", ""t"": ""13:30:00"", ""u"": ""26.5000"", ""v"": ""0"", ""w"": ""21.7000"", ""nf"": ""琉園股份有限公司"", ""y"": ""24.1000"", ""z"": ""-"", ""ts"": ""0""}",37730234383,11530906396,mis-probe-37730234383,1b4caf9efcbb0575771726b356751f177bba37439179cb14bfc9b8a9bc9a88e0,2026-10-08,2026-10-08T13:35:00+08:00,UNCALCULABLE_EVIDENCE_V1,d8fcacd07b965f537a310485ddfbdfef96f5df25,live/replay implementation base; diagnostic file hash identifies this uncommitted report generator,be28204cf9fc4a1a9edb20ce07b6838c503e385bafa0237a6a1b04ee9857f28a,2dd62b249a181d7045c957f0c33501cc574723cd,37742790398,2026-10-08T15:20:18.859+08:00,2026-10-08T17:27:03.597+08:00
9949,琉園,TPEx,otc,per_second_probe,MISSING,MISSING,MISSING,MISSING,MISSING,MISSING,MISSING,MISSING,MISSING,MISSING,MISSING,MISSING,MISSING,MISSING,MISSING,MISSING,MISSING,MISSING,MISSING,MISSING,MISSING,MISSING,NOT_SAMPLED,MISSING,MISSING,False,coverage_note,MISSING,MISSING,MISSING,MISSING,MISSING,MISSING,MISSING,MISSING,results/probe_raw.jsonl,MISSING,MISSING,MISSING,37730234383,11530906396,mis-probe-37730234383,1b4caf9efcbb0575771726b356751f177bba37439179cb14bfc9b8a9bc9a88e0,2026-10-08,2026-10-08T13:35:00+08:00,UNCALCULABLE_EVIDENCE_V1,d8fcacd07b965f537a310485ddfbdfef96f5df25,live/replay implementation base; diagnostic file hash identifies this uncommitted report generator,be28204cf9fc4a1a9edb20ce07b6838c503e385bafa0237a6a1b04ee9857f28a,2dd62b249a181d7045c957f0c33501cc574723cd,37742790398,2026-10-08T15:20:18.859+08:00,2026-10-08T17:27:03.597+08:00
