window,planned_at,requested_at,received_at,server_sys_date,server_sys_time,cached_alive,market,code,name,d,z,pz,t,v,tv,s,trade_t,trade_z,trade_v,trade_ft,http_status,error
preclose_window,2026-10-01T13:24:50.000+08:00,2026-10-01T13:24:50.004+08:00,2026-10-01T13:24:50.784+08:00,20261001,13:24:50,,otc,1240,茂生農經,20261001,-,-,13:23:56,16,-,-,13:01:42,54.1000,1,20,200,
preclose_window,2026-10-01T13:24:50.000+08:00,2026-10-01T13:24:50.004+08:00,2026-10-01T13:24:50.784+08:00,20261001,13:24:50,,otc,1781,合世,20261001,-,-,13:20:28,30,-,-,13:18:45,9.9900,1,20,200,
preclose_window,2026-10-01T13:24:50.000+08:00,2026-10-01T13:24:50.004+08:00,2026-10-01T13:24:50.784+08:00,20261001,13:24:50,,otc,1813,寶利徠,20261001,-,-,13:23:57,5,-,-,13:02:38,11.3000,2,20,200,
preclose_window,2026-10-01T13:24:50.000+08:00,2026-10-01T13:24:50.004+08:00,2026-10-01T13:24:50.784+08:00,20261001,13:24:50,,tse,1341,富林-KY,20261001,-,-,13:16:56,2,-,-,13:14:14,59.0000,1,20,200,
preclose_window,2026-10-01T13:24:50.000+08:00,2026-10-01T13:24:50.004+08:00,2026-10-01T13:24:50.784+08:00,20261001,13:24:50,,tse,1410,南染,20261001,-,-,13:17:37,36,-,-,12:46:41,24.2000,1,20,200,
preclose_window,2026-10-01T13:24:50.000+08:00,2026-10-01T13:24:50.004+08:00,2026-10-01T13:24:50.784+08:00,20261001,13:24:50,,tse,2317,鴻海,20261001,253.0000,-,13:24:10,22901,1,1,13:24:10,253.0000,1,20,200,
preclose_window,2026-10-01T13:24:50.000+08:00,2026-10-01T13:24:50.004+08:00,2026-10-01T13:24:50.784+08:00,20261001,13:24:50,,tse,2330,台積電,20261001,-,-,13:24:45,14214,-,-,13:24:05,2510.0000,1,20,200,
preclose_window,2026-10-01T13:24:50.000+08:00,2026-10-01T13:24:50.004+08:00,2026-10-01T13:24:50.784+08:00,20261001,13:24:50,,tse,2454,聯發科,20261001,-,-,13:24:21,3455,-,-,13:24:15,4965.0000,1,20,200,
preclose_window,2026-10-01T13:24:51.000+08:00,2026-10-01T13:24:51.000+08:00,2026-10-01T13:24:52.724+08:00,20261001,13:24:50,1689,otc,1240,茂生農經,20261001,-,-,13:23:56,16,-,-,13:01:42,54.1000,1,20,200,
preclose_window,2026-10-01T13:24:51.000+08:00,2026-10-01T13:24:51.000+08:00,2026-10-01T13:24:52.724+08:00,20261001,13:24:50,1689,otc,1781,合世,20261001,-,-,13:20:28,30,-,-,13:18:45,9.9900,1,20,200,
preclose_window,2026-10-01T13:24:51.000+08:00,2026-10-01T13:24:51.000+08:00,2026-10-01T13:24:52.724+08:00,20261001,13:24:50,1689,otc,1813,寶利徠,20261001,-,-,13:23:57,5,-,-,13:02:38,11.3000,2,20,200,
preclose_window,2026-10-01T13:24:51.000+08:00,2026-10-01T13:24:51.000+08:00,2026-10-01T13:24:52.724+08:00,20261001,13:24:50,1689,tse,1341,富林-KY,20261001,-,-,13:16:56,2,-,-,13:14:14,59.0000,1,20,200,
preclose_window,2026-10-01T13:24:51.000+08:00,2026-10-01T13:24:51.000+08:00,2026-10-01T13:24:52.724+08:00,20261001,13:24:50,1689,tse,1410,南染,20261001,-,-,13:17:37,36,-,-,12:46:41,24.2000,1,20,200,
preclose_window,2026-10-01T13:24:51.000+08:00,2026-10-01T13:24:51.000+08:00,2026-10-01T13:24:52.724+08:00,20261001,13:24:50,1689,tse,2317,鴻海,20261001,253.0000,-,13:24:10,22901,1,1,13:24:10,253.0000,1,20,200,
preclose_window,2026-10-01T13:24:51.000+08:00,2026-10-01T13:24:51.000+08:00,2026-10-01T13:24:52.724+08:00,20261001,13:24:50,1689,tse,2330,台積電,20261001,-,-,13:24:45,14214,-,-,13:24:05,2510.0000,1,20,200,
preclose_window,2026-10-01T13:24:51.000+08:00,2026-10-01T13:24:51.000+08:00,2026-10-01T13:24:52.724+08:00,20261001,13:24:50,1689,tse,2454,聯發科,20261001,-,-,13:24:21,3455,-,-,13:24:15,4965.0000,1,20,200,
preclose_window,2026-10-01T13:24:52.000+08:00,2026-10-01T13:24:52.000+08:00,2026-10-01T13:24:52.536+08:00,20261001,13:24:50,1622,otc,1240,茂生農經,20261001,-,-,13:23:56,16,-,-,13:01:42,54.1000,1,20,200,
preclose_window,2026-10-01T13:24:52.000+08:00,2026-10-01T13:24:52.000+08:00,2026-10-01T13:24:52.536+08:00,20261001,13:24:50,1622,otc,1781,合世,20261001,-,-,13:20:28,30,-,-,13:18:45,9.9900,1,20,200,
preclose_window,2026-10-01T13:24:52.000+08:00,2026-10-01T13:24:52.000+08:00,2026-10-01T13:24:52.536+08:00,20261001,13:24:50,1622,otc,1813,寶利徠,20261001,-,-,13:23:57,5,-,-,13:02:38,11.3000,2,20,200,
preclose_window,2026-10-01T13:24:52.000+08:00,2026-10-01T13:24:52.000+08:00,2026-10-01T13:24:52.536+08:00,20261001,13:24:50,1622,tse,1341,富林-KY,20261001,-,-,13:16:56,2,-,-,13:14:14,59.0000,1,20,200,
preclose_window,2026-10-01T13:24:52.000+08:00,2026-10-01T13:24:52.000+08:00,2026-10-01T13:24:52.536+08:00,20261001,13:24:50,1622,tse,1410,南染,20261001,-,-,13:17:37,36,-,-,12:46:41,24.2000,1,20,200,
preclose_window,2026-10-01T13:24:52.000+08:00,2026-10-01T13:24:52.000+08:00,2026-10-01T13:24:52.536+08:00,20261001,13:24:50,1622,tse,2317,鴻海,20261001,253.0000,-,13:24:10,22901,1,1,13:24:10,253.0000,1,20,200,
preclose_window,2026-10-01T13:24:52.000+08:00,2026-10-01T13:24:52.000+08:00,2026-10-01T13:24:52.536+08:00,20261001,13:24:50,1622,tse,2330,台積電,20261001,-,-,13:24:45,14214,-,-,13:24:05,2510.0000,1,20,200,
preclose_window,2026-10-01T13:24:52.000+08:00,2026-10-01T13:24:52.000+08:00,2026-10-01T13:24:52.536+08:00,20261001,13:24:50,1622,tse,2454,聯發科,20261001,-,-,13:24:21,3455,-,-,13:24:15,4965.0000,1,20,200,
preclose_window,2026-10-01T13:24:53.000+08:00,2026-10-01T13:24:53.000+08:00,2026-10-01T13:24:57.625+08:00,20261001,13:24:50,4173,otc,1240,茂生農經,20261001,-,-,13:23:56,16,-,-,13:01:42,54.1000,1,20,200,
preclose_window,2026-10-01T13:24:53.000+08:00,2026-10-01T13:24:53.000+08:00,2026-10-01T13:24:57.625+08:00,20261001,13:24:50,4173,otc,1781,合世,20261001,-,-,13:20:28,30,-,-,13:18:45,9.9900,1,20,200,
preclose_window,2026-10-01T13:24:53.000+08:00,2026-10-01T13:24:53.000+08:00,2026-10-01T13:24:57.625+08:00,20261001,13:24:50,4173,otc,1813,寶利徠,20261001,-,-,13:23:57,5,-,-,13:02:38,11.3000,2,20,200,
preclose_window,2026-10-01T13:24:53.000+08:00,2026-10-01T13:24:53.000+08:00,2026-10-01T13:24:57.625+08:00,20261001,13:24:50,4173,tse,1341,富林-KY,20261001,-,-,13:16:56,2,-,-,13:14:14,59.0000,1,20,200,
preclose_window,2026-10-01T13:24:53.000+08:00,2026-10-01T13:24:53.000+08:00,2026-10-01T13:24:57.625+08:00,20261001,13:24:50,4173,tse,1410,南染,20261001,-,-,13:17:37,36,-,-,12:46:41,24.2000,1,20,200,
preclose_window,2026-10-01T13:24:53.000+08:00,2026-10-01T13:24:53.000+08:00,2026-10-01T13:24:57.625+08:00,20261001,13:24:50,4173,tse,2317,鴻海,20261001,253.0000,-,13:24:10,22901,1,1,13:24:10,253.0000,1,20,200,
preclose_window,2026-10-01T13:24:53.000+08:00,2026-10-01T13:24:53.000+08:00,2026-10-01T13:24:57.625+08:00,20261001,13:24:50,4173,tse,2330,台積電,20261001,-,-,13:24:45,14214,-,-,13:24:05,2510.0000,1,20,200,
preclose_window,2026-10-01T13:24:53.000+08:00,2026-10-01T13:24:53.000+08:00,2026-10-01T13:24:57.625+08:00,20261001,13:24:50,4173,tse,2454,聯發科,20261001,-,-,13:24:21,3455,-,-,13:24:15,4965.0000,1,20,200,
preclose_window,2026-10-01T13:24:54.000+08:00,2026-10-01T13:24:54.000+08:00,2026-10-01T13:24:55.105+08:00,20261001,13:24:50,4320,otc,1240,茂生農經,20261001,-,-,13:23:56,16,-,-,13:01:42,54.1000,1,20,200,
preclose_window,2026-10-01T13:24:54.000+08:00,2026-10-01T13:24:54.000+08:00,2026-10-01T13:24:55.105+08:00,20261001,13:24:50,4320,otc,1781,合世,20261001,-,-,13:20:28,30,-,-,13:18:45,9.9900,1,20,200,
preclose_window,2026-10-01T13:24:54.000+08:00,2026-10-01T13:24:54.000+08:00,2026-10-01T13:24:55.105+08:00,20261001,13:24:50,4320,otc,1813,寶利徠,20261001,-,-,13:23:57,5,-,-,13:02:38,11.3000,2,20,200,
preclose_window,2026-10-01T13:24:54.000+08:00,2026-10-01T13:24:54.000+08:00,2026-10-01T13:24:55.105+08:00,20261001,13:24:50,4320,tse,1341,富林-KY,20261001,-,-,13:16:56,2,-,-,13:14:14,59.0000,1,20,200,
preclose_window,2026-10-01T13:24:54.000+08:00,2026-10-01T13:24:54.000+08:00,2026-10-01T13:24:55.105+08:00,20261001,13:24:50,4320,tse,1410,南染,20261001,-,-,13:17:37,36,-,-,12:46:41,24.2000,1,20,200,
preclose_window,2026-10-01T13:24:54.000+08:00,2026-10-01T13:24:54.000+08:00,2026-10-01T13:24:55.105+08:00,20261001,13:24:50,4320,tse,2317,鴻海,20261001,253.0000,-,13:24:10,22901,1,1,13:24:10,253.0000,1,20,200,
preclose_window,2026-10-01T13:24:54.000+08:00,2026-10-01T13:24:54.000+08:00,2026-10-01T13:24:55.105+08:00,20261001,13:24:50,4320,tse,2330,台積電,20261001,-,-,13:24:45,14214,-,-,13:24:05,2510.0000,1,20,200,
preclose_window,2026-10-01T13:24:54.000+08:00,2026-10-01T13:24:54.000+08:00,2026-10-01T13:24:55.105+08:00,20261001,13:24:50,4320,tse,2454,聯發科,20261001,-,-,13:24:21,3455,-,-,13:24:15,4965.0000,1,20,200,
preclose_window,2026-10-01T13:24:55.000+08:00,2026-10-01T13:24:55.000+08:00,2026-10-01T13:24:56.971+08:00,20261001,13:24:50,6186,otc,1240,茂生農經,20261001,-,-,13:23:56,16,-,-,13:01:42,54.1000,1,20,200,
preclose_window,2026-10-01T13:24:55.000+08:00,2026-10-01T13:24:55.000+08:00,2026-10-01T13:24:56.971+08:00,20261001,13:24:50,6186,otc,1781,合世,20261001,-,-,13:20:28,30,-,-,13:18:45,9.9900,1,20,200,
preclose_window,2026-10-01T13:24:55.000+08:00,2026-10-01T13:24:55.000+08:00,2026-10-01T13:24:56.971+08:00,20261001,13:24:50,6186,otc,1813,寶利徠,20261001,-,-,13:23:57,5,-,-,13:02:38,11.3000,2,20,200,
preclose_window,2026-10-01T13:24:55.000+08:00,2026-10-01T13:24:55.000+08:00,2026-10-01T13:24:56.971+08:00,20261001,13:24:50,6186,tse,1341,富林-KY,20261001,-,-,13:16:56,2,-,-,13:14:14,59.0000,1,20,200,
preclose_window,2026-10-01T13:24:55.000+08:00,2026-10-01T13:24:55.000+08:00,2026-10-01T13:24:56.971+08:00,20261001,13:24:50,6186,tse,1410,南染,20261001,-,-,13:17:37,36,-,-,12:46:41,24.2000,1,20,200,
preclose_window,2026-10-01T13:24:55.000+08:00,2026-10-01T13:24:55.000+08:00,2026-10-01T13:24:56.971+08:00,20261001,13:24:50,6186,tse,2317,鴻海,20261001,253.0000,-,13:24:10,22901,1,1,13:24:10,253.0000,1,20,200,
preclose_window,2026-10-01T13:24:55.000+08:00,2026-10-01T13:24:55.000+08:00,2026-10-01T13:24:56.971+08:00,20261001,13:24:50,6186,tse,2330,台積電,20261001,-,-,13:24:45,14214,-,-,13:24:05,2510.0000,1,20,200,
preclose_window,2026-10-01T13:24:55.000+08:00,2026-10-01T13:24:55.000+08:00,2026-10-01T13:24:56.971+08:00,20261001,13:24:50,6186,tse,2454,聯發科,20261001,-,-,13:24:21,3455,-,-,13:24:15,4965.0000,1,20,200,
preclose_window,2026-10-01T13:24:56.000+08:00,2026-10-01T13:24:56.000+08:00,2026-10-01T13:24:56.541+08:00,20261001,13:24:50,5755,otc,1240,茂生農經,20261001,-,-,13:23:56,16,-,-,13:01:42,54.1000,1,20,200,
preclose_window,2026-10-01T13:24:56.000+08:00,2026-10-01T13:24:56.000+08:00,2026-10-01T13:24:56.541+08:00,20261001,13:24:50,5755,otc,1781,合世,20261001,-,-,13:20:28,30,-,-,13:18:45,9.9900,1,20,200,
preclose_window,2026-10-01T13:24:56.000+08:00,2026-10-01T13:24:56.000+08:00,2026-10-01T13:24:56.541+08:00,20261001,13:24:50,5755,otc,1813,寶利徠,20261001,-,-,13:23:57,5,-,-,13:02:38,11.3000,2,20,200,
preclose_window,2026-10-01T13:24:56.000+08:00,2026-10-01T13:24:56.000+08:00,2026-10-01T13:24:56.541+08:00,20261001,13:24:50,5755,tse,1341,富林-KY,20261001,-,-,13:16:56,2,-,-,13:14:14,59.0000,1,20,200,
preclose_window,2026-10-01T13:24:56.000+08:00,2026-10-01T13:24:56.000+08:00,2026-10-01T13:24:56.541+08:00,20261001,13:24:50,5755,tse,1410,南染,20261001,-,-,13:17:37,36,-,-,12:46:41,24.2000,1,20,200,
preclose_window,2026-10-01T13:24:56.000+08:00,2026-10-01T13:24:56.000+08:00,2026-10-01T13:24:56.541+08:00,20261001,13:24:50,5755,tse,2317,鴻海,20261001,253.0000,-,13:24:10,22901,1,1,13:24:10,253.0000,1,20,200,
preclose_window,2026-10-01T13:24:56.000+08:00,2026-10-01T13:24:56.000+08:00,2026-10-01T13:24:56.541+08:00,20261001,13:24:50,5755,tse,2330,台積電,20261001,-,-,13:24:45,14214,-,-,13:24:05,2510.0000,1,20,200,
preclose_window,2026-10-01T13:24:56.000+08:00,2026-10-01T13:24:56.000+08:00,2026-10-01T13:24:56.541+08:00,20261001,13:24:50,5755,tse,2454,聯發科,20261001,-,-,13:24:21,3455,-,-,13:24:15,4965.0000,1,20,200,
preclose_window,2026-10-01T13:24:57.000+08:00,2026-10-01T13:24:57.000+08:00,2026-10-01T13:24:58.589+08:00,20261001,13:24:50,7674,otc,1240,茂生農經,20261001,-,-,13:23:56,16,-,-,13:01:42,54.1000,1,20,200,
preclose_window,2026-10-01T13:24:57.000+08:00,2026-10-01T13:24:57.000+08:00,2026-10-01T13:24:58.589+08:00,20261001,13:24:50,7674,otc,1781,合世,20261001,-,-,13:20:28,30,-,-,13:18:45,9.9900,1,20,200,
preclose_window,2026-10-01T13:24:57.000+08:00,2026-10-01T13:24:57.000+08:00,2026-10-01T13:24:58.589+08:00,20261001,13:24:50,7674,otc,1813,寶利徠,20261001,-,-,13:23:57,5,-,-,13:02:38,11.3000,2,20,200,
preclose_window,2026-10-01T13:24:57.000+08:00,2026-10-01T13:24:57.000+08:00,2026-10-01T13:24:58.589+08:00,20261001,13:24:50,7674,tse,1341,富林-KY,20261001,-,-,13:16:56,2,-,-,13:14:14,59.0000,1,20,200,
preclose_window,2026-10-01T13:24:57.000+08:00,2026-10-01T13:24:57.000+08:00,2026-10-01T13:24:58.589+08:00,20261001,13:24:50,7674,tse,1410,南染,20261001,-,-,13:17:37,36,-,-,12:46:41,24.2000,1,20,200,
preclose_window,2026-10-01T13:24:57.000+08:00,2026-10-01T13:24:57.000+08:00,2026-10-01T13:24:58.589+08:00,20261001,13:24:50,7674,tse,2317,鴻海,20261001,253.0000,-,13:24:10,22901,1,1,13:24:10,253.0000,1,20,200,
preclose_window,2026-10-01T13:24:57.000+08:00,2026-10-01T13:24:57.000+08:00,2026-10-01T13:24:58.589+08:00,20261001,13:24:50,7674,tse,2330,台積電,20261001,-,-,13:24:45,14214,-,-,13:24:05,2510.0000,1,20,200,
preclose_window,2026-10-01T13:24:57.000+08:00,2026-10-01T13:24:57.000+08:00,2026-10-01T13:24:58.589+08:00,20261001,13:24:50,7674,tse,2454,聯發科,20261001,-,-,13:24:21,3455,-,-,13:24:15,4965.0000,1,20,200,
preclose_window,2026-10-01T13:24:58.000+08:00,2026-10-01T13:24:58.000+08:00,2026-10-01T13:25:00.667+08:00,20261001,13:24:50,7835,otc,1240,茂生農經,20261001,-,-,13:23:56,16,-,-,13:01:42,54.1000,1,20,200,
preclose_window,2026-10-01T13:24:58.000+08:00,2026-10-01T13:24:58.000+08:00,2026-10-01T13:25:00.667+08:00,20261001,13:24:50,7835,otc,1781,合世,20261001,-,-,13:20:28,30,-,-,13:18:45,9.9900,1,20,200,
preclose_window,2026-10-01T13:24:58.000+08:00,2026-10-01T13:24:58.000+08:00,2026-10-01T13:25:00.667+08:00,20261001,13:24:50,7835,otc,1813,寶利徠,20261001,-,-,13:23:57,5,-,-,13:02:38,11.3000,2,20,200,
preclose_window,2026-10-01T13:24:58.000+08:00,2026-10-01T13:24:58.000+08:00,2026-10-01T13:25:00.667+08:00,20261001,13:24:50,7835,tse,1341,富林-KY,20261001,-,-,13:16:56,2,-,-,13:14:14,59.0000,1,20,200,
preclose_window,2026-10-01T13:24:58.000+08:00,2026-10-01T13:24:58.000+08:00,2026-10-01T13:25:00.667+08:00,20261001,13:24:50,7835,tse,1410,南染,20261001,-,-,13:17:37,36,-,-,12:46:41,24.2000,1,20,200,
preclose_window,2026-10-01T13:24:58.000+08:00,2026-10-01T13:24:58.000+08:00,2026-10-01T13:25:00.667+08:00,20261001,13:24:50,7835,tse,2317,鴻海,20261001,253.0000,-,13:24:10,22901,1,1,13:24:10,253.0000,1,20,200,
preclose_window,2026-10-01T13:24:58.000+08:00,2026-10-01T13:24:58.000+08:00,2026-10-01T13:25:00.667+08:00,20261001,13:24:50,7835,tse,2330,台積電,20261001,-,-,13:24:45,14214,-,-,13:24:05,2510.0000,1,20,200,
preclose_window,2026-10-01T13:24:58.000+08:00,2026-10-01T13:24:58.000+08:00,2026-10-01T13:25:00.667+08:00,20261001,13:24:50,7835,tse,2454,聯發科,20261001,-,-,13:24:21,3455,-,-,13:24:15,4965.0000,1,20,200,
preclose_window,2026-10-01T13:24:59.000+08:00,2026-10-01T13:24:59.000+08:00,2026-10-01T13:25:01.069+08:00,20261001,13:24:50,9654,otc,1240,茂生農經,20261001,-,-,13:23:56,16,-,-,13:01:42,54.1000,1,20,200,
preclose_window,2026-10-01T13:24:59.000+08:00,2026-10-01T13:24:59.000+08:00,2026-10-01T13:25:01.069+08:00,20261001,13:24:50,9654,otc,1781,合世,20261001,-,-,13:20:28,30,-,-,13:18:45,9.9900,1,20,200,
preclose_window,2026-10-01T13:24:59.000+08:00,2026-10-01T13:24:59.000+08:00,2026-10-01T13:25:01.069+08:00,20261001,13:24:50,9654,otc,1813,寶利徠,20261001,-,-,13:23:57,5,-,-,13:02:38,11.3000,2,20,200,
preclose_window,2026-10-01T13:24:59.000+08:00,2026-10-01T13:24:59.000+08:00,2026-10-01T13:25:01.069+08:00,20261001,13:24:50,9654,tse,1341,富林-KY,20261001,-,-,13:16:56,2,-,-,13:14:14,59.0000,1,20,200,
preclose_window,2026-10-01T13:24:59.000+08:00,2026-10-01T13:24:59.000+08:00,2026-10-01T13:25:01.069+08:00,20261001,13:24:50,9654,tse,1410,南染,20261001,-,-,13:17:37,36,-,-,12:46:41,24.2000,1,20,200,
preclose_window,2026-10-01T13:24:59.000+08:00,2026-10-01T13:24:59.000+08:00,2026-10-01T13:25:01.069+08:00,20261001,13:24:50,9654,tse,2317,鴻海,20261001,253.0000,-,13:24:10,22901,1,1,13:24:10,253.0000,1,20,200,
preclose_window,2026-10-01T13:24:59.000+08:00,2026-10-01T13:24:59.000+08:00,2026-10-01T13:25:01.069+08:00,20261001,13:24:50,9654,tse,2330,台積電,20261001,-,-,13:24:45,14214,-,-,13:24:05,2510.0000,1,20,200,
preclose_window,2026-10-01T13:24:59.000+08:00,2026-10-01T13:24:59.000+08:00,2026-10-01T13:25:01.069+08:00,20261001,13:24:50,9654,tse,2454,聯發科,20261001,-,-,13:24:21,3455,-,-,13:24:15,4965.0000,1,20,200,
preclose_window,2026-10-01T13:25:00.000+08:00,2026-10-01T13:25:00.000+08:00,2026-10-01T13:25:02.040+08:00,20261001,13:24:50,11096,otc,1240,茂生農經,20261001,-,-,13:23:56,16,-,-,13:01:42,54.1000,1,20,200,
preclose_window,2026-10-01T13:25:00.000+08:00,2026-10-01T13:25:00.000+08:00,2026-10-01T13:25:02.040+08:00,20261001,13:24:50,11096,otc,1781,合世,20261001,-,-,13:20:28,30,-,-,13:18:45,9.9900,1,20,200,
preclose_window,2026-10-01T13:25:00.000+08:00,2026-10-01T13:25:00.000+08:00,2026-10-01T13:25:02.040+08:00,20261001,13:24:50,11096,otc,1813,寶利徠,20261001,-,-,13:23:57,5,-,-,13:02:38,11.3000,2,20,200,
preclose_window,2026-10-01T13:25:00.000+08:00,2026-10-01T13:25:00.000+08:00,2026-10-01T13:25:02.040+08:00,20261001,13:24:50,11096,tse,1341,富林-KY,20261001,-,-,13:16:56,2,-,-,13:14:14,59.0000,1,20,200,
preclose_window,2026-10-01T13:25:00.000+08:00,2026-10-01T13:25:00.000+08:00,2026-10-01T13:25:02.040+08:00,20261001,13:24:50,11096,tse,1410,南染,20261001,-,-,13:17:37,36,-,-,12:46:41,24.2000,1,20,200,
preclose_window,2026-10-01T13:25:00.000+08:00,2026-10-01T13:25:00.000+08:00,2026-10-01T13:25:02.040+08:00,20261001,13:24:50,11096,tse,2317,鴻海,20261001,253.0000,-,13:24:10,22901,1,1,13:24:10,253.0000,1,20,200,
preclose_window,2026-10-01T13:25:00.000+08:00,2026-10-01T13:25:00.000+08:00,2026-10-01T13:25:02.040+08:00,20261001,13:24:50,11096,tse,2330,台積電,20261001,-,-,13:24:45,14214,-,-,13:24:05,2510.0000,1,20,200,
preclose_window,2026-10-01T13:25:00.000+08:00,2026-10-01T13:25:00.000+08:00,2026-10-01T13:25:02.040+08:00,20261001,13:24:50,11096,tse,2454,聯發科,20261001,-,-,13:24:21,3455,-,-,13:24:15,4965.0000,1,20,200,
preclose_window,2026-10-01T13:25:01.000+08:00,2026-10-01T13:25:01.000+08:00,2026-10-01T13:25:07.745+08:00,20261001,13:24:50,16057,otc,1240,茂生農經,20261001,-,-,13:23:56,16,-,-,13:01:42,54.1000,1,20,200,
preclose_window,2026-10-01T13:25:01.000+08:00,2026-10-01T13:25:01.000+08:00,2026-10-01T13:25:07.745+08:00,20261001,13:24:50,16057,otc,1781,合世,20261001,-,-,13:20:28,30,-,-,13:18:45,9.9900,1,20,200,
preclose_window,2026-10-01T13:25:01.000+08:00,2026-10-01T13:25:01.000+08:00,2026-10-01T13:25:07.745+08:00,20261001,13:24:50,16057,otc,1813,寶利徠,20261001,-,-,13:23:57,5,-,-,13:02:38,11.3000,2,20,200,
preclose_window,2026-10-01T13:25:01.000+08:00,2026-10-01T13:25:01.000+08:00,2026-10-01T13:25:07.745+08:00,20261001,13:24:50,16057,tse,1341,富林-KY,20261001,-,-,13:16:56,2,-,-,13:14:14,59.0000,1,20,200,
preclose_window,2026-10-01T13:25:01.000+08:00,2026-10-01T13:25:01.000+08:00,2026-10-01T13:25:07.745+08:00,20261001,13:24:50,16057,tse,1410,南染,20261001,-,-,13:17:37,36,-,-,12:46:41,24.2000,1,20,200,
preclose_window,2026-10-01T13:25:01.000+08:00,2026-10-01T13:25:01.000+08:00,2026-10-01T13:25:07.745+08:00,20261001,13:24:50,16057,tse,2317,鴻海,20261001,253.0000,-,13:24:10,22901,1,1,13:24:10,253.0000,1,20,200,
preclose_window,2026-10-01T13:25:01.000+08:00,2026-10-01T13:25:01.000+08:00,2026-10-01T13:25:07.745+08:00,20261001,13:24:50,16057,tse,2330,台積電,20261001,-,-,13:24:45,14214,-,-,13:24:05,2510.0000,1,20,200,
preclose_window,2026-10-01T13:25:01.000+08:00,2026-10-01T13:25:01.000+08:00,2026-10-01T13:25:07.745+08:00,20261001,13:24:50,16057,tse,2454,聯發科,20261001,-,-,13:24:21,3455,-,-,13:24:15,4965.0000,1,20,200,
preclose_window,2026-10-01T13:25:02.000+08:00,2026-10-01T13:25:02.000+08:00,2026-10-01T13:25:06.071+08:00,20261001,13:24:50,15158,otc,1240,茂生農經,20261001,-,-,13:23:56,16,-,-,13:01:42,54.1000,1,20,200,
preclose_window,2026-10-01T13:25:02.000+08:00,2026-10-01T13:25:02.000+08:00,2026-10-01T13:25:06.071+08:00,20261001,13:24:50,15158,otc,1781,合世,20261001,-,-,13:20:28,30,-,-,13:18:45,9.9900,1,20,200,
preclose_window,2026-10-01T13:25:02.000+08:00,2026-10-01T13:25:02.000+08:00,2026-10-01T13:25:06.071+08:00,20261001,13:24:50,15158,otc,1813,寶利徠,20261001,-,-,13:23:57,5,-,-,13:02:38,11.3000,2,20,200,
preclose_window,2026-10-01T13:25:02.000+08:00,2026-10-01T13:25:02.000+08:00,2026-10-01T13:25:06.071+08:00,20261001,13:24:50,15158,tse,1341,富林-KY,20261001,-,-,13:16:56,2,-,-,13:14:14,59.0000,1,20,200,
preclose_window,2026-10-01T13:25:02.000+08:00,2026-10-01T13:25:02.000+08:00,2026-10-01T13:25:06.071+08:00,20261001,13:24:50,15158,tse,1410,南染,20261001,-,-,13:17:37,36,-,-,12:46:41,24.2000,1,20,200,
preclose_window,2026-10-01T13:25:02.000+08:00,2026-10-01T13:25:02.000+08:00,2026-10-01T13:25:06.071+08:00,20261001,13:24:50,15158,tse,2317,鴻海,20261001,253.0000,-,13:24:10,22901,1,1,13:24:10,253.0000,1,20,200,
preclose_window,2026-10-01T13:25:02.000+08:00,2026-10-01T13:25:02.000+08:00,2026-10-01T13:25:06.071+08:00,20261001,13:24:50,15158,tse,2330,台積電,20261001,-,-,13:24:45,14214,-,-,13:24:05,2510.0000,1,20,200,
preclose_window,2026-10-01T13:25:02.000+08:00,2026-10-01T13:25:02.000+08:00,2026-10-01T13:25:06.071+08:00,20261001,13:24:50,15158,tse,2454,聯發科,20261001,-,-,13:24:21,3455,-,-,13:24:15,4965.0000,1,20,200,
preclose_window,2026-10-01T13:25:03.000+08:00,2026-10-01T13:25:03.000+08:00,2026-10-01T13:25:04.825+08:00,20261001,13:24:50,13402,otc,1240,茂生農經,20261001,-,-,13:23:56,16,-,-,13:01:42,54.1000,1,20,200,
preclose_window,2026-10-01T13:25:03.000+08:00,2026-10-01T13:25:03.000+08:00,2026-10-01T13:25:04.825+08:00,20261001,13:24:50,13402,otc,1781,合世,20261001,-,-,13:20:28,30,-,-,13:18:45,9.9900,1,20,200,
preclose_window,2026-10-01T13:25:03.000+08:00,2026-10-01T13:25:03.000+08:00,2026-10-01T13:25:04.825+08:00,20261001,13:24:50,13402,otc,1813,寶利徠,20261001,-,-,13:23:57,5,-,-,13:02:38,11.3000,2,20,200,
preclose_window,2026-10-01T13:25:03.000+08:00,2026-10-01T13:25:03.000+08:00,2026-10-01T13:25:04.825+08:00,20261001,13:24:50,13402,tse,1341,富林-KY,20261001,-,-,13:16:56,2,-,-,13:14:14,59.0000,1,20,200,
preclose_window,2026-10-01T13:25:03.000+08:00,2026-10-01T13:25:03.000+08:00,2026-10-01T13:25:04.825+08:00,20261001,13:24:50,13402,tse,1410,南染,20261001,-,-,13:17:37,36,-,-,12:46:41,24.2000,1,20,200,
preclose_window,2026-10-01T13:25:03.000+08:00,2026-10-01T13:25:03.000+08:00,2026-10-01T13:25:04.825+08:00,20261001,13:24:50,13402,tse,2317,鴻海,20261001,253.0000,-,13:24:10,22901,1,1,13:24:10,253.0000,1,20,200,
preclose_window,2026-10-01T13:25:03.000+08:00,2026-10-01T13:25:03.000+08:00,2026-10-01T13:25:04.825+08:00,20261001,13:24:50,13402,tse,2330,台積電,20261001,-,-,13:24:45,14214,-,-,13:24:05,2510.0000,1,20,200,
preclose_window,2026-10-01T13:25:03.000+08:00,2026-10-01T13:25:03.000+08:00,2026-10-01T13:25:04.825+08:00,20261001,13:24:50,13402,tse,2454,聯發科,20261001,-,-,13:24:21,3455,-,-,13:24:15,4965.0000,1,20,200,
preclose_window,2026-10-01T13:25:04.000+08:00,2026-10-01T13:25:04.000+08:00,2026-10-01T13:25:10.618+08:00,20261001,13:24:50,19702,otc,1240,茂生農經,20261001,-,-,13:23:56,16,-,-,13:01:42,54.1000,1,20,200,
preclose_window,2026-10-01T13:25:04.000+08:00,2026-10-01T13:25:04.000+08:00,2026-10-01T13:25:10.618+08:00,20261001,13:24:50,19702,otc,1781,合世,20261001,-,-,13:20:28,30,-,-,13:18:45,9.9900,1,20,200,
preclose_window,2026-10-01T13:25:04.000+08:00,2026-10-01T13:25:04.000+08:00,2026-10-01T13:25:10.618+08:00,20261001,13:24:50,19702,otc,1813,寶利徠,20261001,-,-,13:23:57,5,-,-,13:02:38,11.3000,2,20,200,
preclose_window,2026-10-01T13:25:04.000+08:00,2026-10-01T13:25:04.000+08:00,2026-10-01T13:25:10.618+08:00,20261001,13:24:50,19702,tse,1341,富林-KY,20261001,-,-,13:16:56,2,-,-,13:14:14,59.0000,1,20,200,
preclose_window,2026-10-01T13:25:04.000+08:00,2026-10-01T13:25:04.000+08:00,2026-10-01T13:25:10.618+08:00,20261001,13:24:50,19702,tse,1410,南染,20261001,-,-,13:17:37,36,-,-,12:46:41,24.2000,1,20,200,
preclose_window,2026-10-01T13:25:04.000+08:00,2026-10-01T13:25:04.000+08:00,2026-10-01T13:25:10.618+08:00,20261001,13:24:50,19702,tse,2317,鴻海,20261001,253.0000,-,13:24:10,22901,1,1,13:24:10,253.0000,1,20,200,
preclose_window,2026-10-01T13:25:04.000+08:00,2026-10-01T13:25:04.000+08:00,2026-10-01T13:25:10.618+08:00,20261001,13:24:50,19702,tse,2330,台積電,20261001,-,-,13:24:45,14214,-,-,13:24:05,2510.0000,1,20,200,
preclose_window,2026-10-01T13:25:04.000+08:00,2026-10-01T13:25:04.000+08:00,2026-10-01T13:25:10.618+08:00,20261001,13:24:50,19702,tse,2454,聯發科,20261001,-,-,13:24:21,3455,-,-,13:24:15,4965.0000,1,20,200,
preclose_window,2026-10-01T13:25:05.000+08:00,2026-10-01T13:25:05.000+08:00,2026-10-01T13:25:08.885+08:00,20261001,13:24:50,16965,otc,1240,茂生農經,20261001,-,-,13:23:56,16,-,-,13:01:42,54.1000,1,20,200,
preclose_window,2026-10-01T13:25:05.000+08:00,2026-10-01T13:25:05.000+08:00,2026-10-01T13:25:08.885+08:00,20261001,13:24:50,16965,otc,1781,合世,20261001,-,-,13:20:28,30,-,-,13:18:45,9.9900,1,20,200,
preclose_window,2026-10-01T13:25:05.000+08:00,2026-10-01T13:25:05.000+08:00,2026-10-01T13:25:08.885+08:00,20261001,13:24:50,16965,otc,1813,寶利徠,20261001,-,-,13:23:57,5,-,-,13:02:38,11.3000,2,20,200,
preclose_window,2026-10-01T13:25:05.000+08:00,2026-10-01T13:25:05.000+08:00,2026-10-01T13:25:08.885+08:00,20261001,13:24:50,16965,tse,1341,富林-KY,20261001,-,-,13:16:56,2,-,-,13:14:14,59.0000,1,20,200,
preclose_window,2026-10-01T13:25:05.000+08:00,2026-10-01T13:25:05.000+08:00,2026-10-01T13:25:08.885+08:00,20261001,13:24:50,16965,tse,1410,南染,20261001,-,-,13:17:37,36,-,-,12:46:41,24.2000,1,20,200,
preclose_window,2026-10-01T13:25:05.000+08:00,2026-10-01T13:25:05.000+08:00,2026-10-01T13:25:08.885+08:00,20261001,13:24:50,16965,tse,2317,鴻海,20261001,253.0000,-,13:24:10,22901,1,1,13:24:10,253.0000,1,20,200,
preclose_window,2026-10-01T13:25:05.000+08:00,2026-10-01T13:25:05.000+08:00,2026-10-01T13:25:08.885+08:00,20261001,13:24:50,16965,tse,2330,台積電,20261001,-,-,13:24:45,14214,-,-,13:24:05,2510.0000,1,20,200,
preclose_window,2026-10-01T13:25:05.000+08:00,2026-10-01T13:25:05.000+08:00,2026-10-01T13:25:08.885+08:00,20261001,13:24:50,16965,tse,2454,聯發科,20261001,-,-,13:24:21,3455,-,-,13:24:15,4965.0000,1,20,200,
preclose_window,2026-10-01T13:25:06.000+08:00,2026-10-01T13:25:06.000+08:00,2026-10-01T13:25:08.459+08:00,20261001,13:24:50,17154,otc,1240,茂生農經,20261001,-,-,13:23:56,16,-,-,13:01:42,54.1000,1,20,200,
preclose_window,2026-10-01T13:25:06.000+08:00,2026-10-01T13:25:06.000+08:00,2026-10-01T13:25:08.459+08:00,20261001,13:24:50,17154,otc,1781,合世,20261001,-,-,13:20:28,30,-,-,13:18:45,9.9900,1,20,200,
preclose_window,2026-10-01T13:25:06.000+08:00,2026-10-01T13:25:06.000+08:00,2026-10-01T13:25:08.459+08:00,20261001,13:24:50,17154,otc,1813,寶利徠,20261001,-,-,13:23:57,5,-,-,13:02:38,11.3000,2,20,200,
preclose_window,2026-10-01T13:25:06.000+08:00,2026-10-01T13:25:06.000+08:00,2026-10-01T13:25:08.459+08:00,20261001,13:24:50,17154,tse,1341,富林-KY,20261001,-,-,13:16:56,2,-,-,13:14:14,59.0000,1,20,200,
preclose_window,2026-10-01T13:25:06.000+08:00,2026-10-01T13:25:06.000+08:00,2026-10-01T13:25:08.459+08:00,20261001,13:24:50,17154,tse,1410,南染,20261001,-,-,13:17:37,36,-,-,12:46:41,24.2000,1,20,200,
preclose_window,2026-10-01T13:25:06.000+08:00,2026-10-01T13:25:06.000+08:00,2026-10-01T13:25:08.459+08:00,20261001,13:24:50,17154,tse,2317,鴻海,20261001,253.0000,-,13:24:10,22901,1,1,13:24:10,253.0000,1,20,200,
preclose_window,2026-10-01T13:25:06.000+08:00,2026-10-01T13:25:06.000+08:00,2026-10-01T13:25:08.459+08:00,20261001,13:24:50,17154,tse,2330,台積電,20261001,-,-,13:24:45,14214,-,-,13:24:05,2510.0000,1,20,200,
preclose_window,2026-10-01T13:25:06.000+08:00,2026-10-01T13:25:06.000+08:00,2026-10-01T13:25:08.459+08:00,20261001,13:24:50,17154,tse,2454,聯發科,20261001,-,-,13:24:21,3455,-,-,13:24:15,4965.0000,1,20,200,
preclose_window,2026-10-01T13:25:07.000+08:00,2026-10-01T13:25:07.000+08:00,2026-10-01T13:25:10.275+08:00,20261001,13:24:50,19197,otc,1240,茂生農經,20261001,-,-,13:23:56,16,-,-,13:01:42,54.1000,1,20,200,
preclose_window,2026-10-01T13:25:07.000+08:00,2026-10-01T13:25:07.000+08:00,2026-10-01T13:25:10.275+08:00,20261001,13:24:50,19197,otc,1781,合世,20261001,-,-,13:20:28,30,-,-,13:18:45,9.9900,1,20,200,
preclose_window,2026-10-01T13:25:07.000+08:00,2026-10-01T13:25:07.000+08:00,2026-10-01T13:25:10.275+08:00,20261001,13:24:50,19197,otc,1813,寶利徠,20261001,-,-,13:23:57,5,-,-,13:02:38,11.3000,2,20,200,
preclose_window,2026-10-01T13:25:07.000+08:00,2026-10-01T13:25:07.000+08:00,2026-10-01T13:25:10.275+08:00,20261001,13:24:50,19197,tse,1341,富林-KY,20261001,-,-,13:16:56,2,-,-,13:14:14,59.0000,1,20,200,
preclose_window,2026-10-01T13:25:07.000+08:00,2026-10-01T13:25:07.000+08:00,2026-10-01T13:25:10.275+08:00,20261001,13:24:50,19197,tse,1410,南染,20261001,-,-,13:17:37,36,-,-,12:46:41,24.2000,1,20,200,
preclose_window,2026-10-01T13:25:07.000+08:00,2026-10-01T13:25:07.000+08:00,2026-10-01T13:25:10.275+08:00,20261001,13:24:50,19197,tse,2317,鴻海,20261001,253.0000,-,13:24:10,22901,1,1,13:24:10,253.0000,1,20,200,
preclose_window,2026-10-01T13:25:07.000+08:00,2026-10-01T13:25:07.000+08:00,2026-10-01T13:25:10.275+08:00,20261001,13:24:50,19197,tse,2330,台積電,20261001,-,-,13:24:45,14214,-,-,13:24:05,2510.0000,1,20,200,
preclose_window,2026-10-01T13:25:07.000+08:00,2026-10-01T13:25:07.000+08:00,2026-10-01T13:25:10.275+08:00,20261001,13:24:50,19197,tse,2454,聯發科,20261001,-,-,13:24:21,3455,-,-,13:24:15,4965.0000,1,20,200,
preclose_window,2026-10-01T13:25:08.000+08:00,2026-10-01T13:25:08.000+08:00,2026-10-01T13:25:10.769+08:00,20261001,13:24:50,19329,otc,1240,茂生農經,20261001,-,-,13:23:56,16,-,-,13:01:42,54.1000,1,20,200,
preclose_window,2026-10-01T13:25:08.000+08:00,2026-10-01T13:25:08.000+08:00,2026-10-01T13:25:10.769+08:00,20261001,13:24:50,19329,otc,1781,合世,20261001,-,-,13:20:28,30,-,-,13:18:45,9.9900,1,20,200,
preclose_window,2026-10-01T13:25:08.000+08:00,2026-10-01T13:25:08.000+08:00,2026-10-01T13:25:10.769+08:00,20261001,13:24:50,19329,otc,1813,寶利徠,20261001,-,-,13:23:57,5,-,-,13:02:38,11.3000,2,20,200,
preclose_window,2026-10-01T13:25:08.000+08:00,2026-10-01T13:25:08.000+08:00,2026-10-01T13:25:10.769+08:00,20261001,13:24:50,19329,tse,1341,富林-KY,20261001,-,-,13:16:56,2,-,-,13:14:14,59.0000,1,20,200,
preclose_window,2026-10-01T13:25:08.000+08:00,2026-10-01T13:25:08.000+08:00,2026-10-01T13:25:10.769+08:00,20261001,13:24:50,19329,tse,1410,南染,20261001,-,-,13:17:37,36,-,-,12:46:41,24.2000,1,20,200,
preclose_window,2026-10-01T13:25:08.000+08:00,2026-10-01T13:25:08.000+08:00,2026-10-01T13:25:10.769+08:00,20261001,13:24:50,19329,tse,2317,鴻海,20261001,253.0000,-,13:24:10,22901,1,1,13:24:10,253.0000,1,20,200,
preclose_window,2026-10-01T13:25:08.000+08:00,2026-10-01T13:25:08.000+08:00,2026-10-01T13:25:10.769+08:00,20261001,13:24:50,19329,tse,2330,台積電,20261001,-,-,13:24:45,14214,-,-,13:24:05,2510.0000,1,20,200,
preclose_window,2026-10-01T13:25:08.000+08:00,2026-10-01T13:25:08.000+08:00,2026-10-01T13:25:10.769+08:00,20261001,13:24:50,19329,tse,2454,聯發科,20261001,-,-,13:24:21,3455,-,-,13:24:15,4965.0000,1,20,200,
preclose_window,2026-10-01T13:25:09.000+08:00,2026-10-01T13:25:09.000+08:00,2026-10-01T13:25:10.093+08:00,20261001,13:24:50,18787,otc,1240,茂生農經,20261001,-,-,13:23:56,16,-,-,13:01:42,54.1000,1,20,200,
preclose_window,2026-10-01T13:25:09.000+08:00,2026-10-01T13:25:09.000+08:00,2026-10-01T13:25:10.093+08:00,20261001,13:24:50,18787,otc,1781,合世,20261001,-,-,13:20:28,30,-,-,13:18:45,9.9900,1,20,200,
preclose_window,2026-10-01T13:25:09.000+08:00,2026-10-01T13:25:09.000+08:00,2026-10-01T13:25:10.093+08:00,20261001,13:24:50,18787,otc,1813,寶利徠,20261001,-,-,13:23:57,5,-,-,13:02:38,11.3000,2,20,200,
preclose_window,2026-10-01T13:25:09.000+08:00,2026-10-01T13:25:09.000+08:00,2026-10-01T13:25:10.093+08:00,20261001,13:24:50,18787,tse,1341,富林-KY,20261001,-,-,13:16:56,2,-,-,13:14:14,59.0000,1,20,200,
preclose_window,2026-10-01T13:25:09.000+08:00,2026-10-01T13:25:09.000+08:00,2026-10-01T13:25:10.093+08:00,20261001,13:24:50,18787,tse,1410,南染,20261001,-,-,13:17:37,36,-,-,12:46:41,24.2000,1,20,200,
preclose_window,2026-10-01T13:25:09.000+08:00,2026-10-01T13:25:09.000+08:00,2026-10-01T13:25:10.093+08:00,20261001,13:24:50,18787,tse,2317,鴻海,20261001,253.0000,-,13:24:10,22901,1,1,13:24:10,253.0000,1,20,200,
preclose_window,2026-10-01T13:25:09.000+08:00,2026-10-01T13:25:09.000+08:00,2026-10-01T13:25:10.093+08:00,20261001,13:24:50,18787,tse,2330,台積電,20261001,-,-,13:24:45,14214,-,-,13:24:05,2510.0000,1,20,200,
preclose_window,2026-10-01T13:25:09.000+08:00,2026-10-01T13:25:09.000+08:00,2026-10-01T13:25:10.093+08:00,20261001,13:24:50,18787,tse,2454,聯發科,20261001,-,-,13:24:21,3455,-,-,13:24:15,4965.0000,1,20,200,
preclose_window,2026-10-01T13:25:10.000+08:00,2026-10-01T13:25:10.002+08:00,2026-10-01T13:25:11.308+08:00,20261001,13:24:50,20394,otc,1240,茂生農經,20261001,-,-,13:23:56,16,-,-,13:01:42,54.1000,1,20,200,
preclose_window,2026-10-01T13:25:10.000+08:00,2026-10-01T13:25:10.002+08:00,2026-10-01T13:25:11.308+08:00,20261001,13:24:50,20394,otc,1781,合世,20261001,-,-,13:20:28,30,-,-,13:18:45,9.9900,1,20,200,
preclose_window,2026-10-01T13:25:10.000+08:00,2026-10-01T13:25:10.002+08:00,2026-10-01T13:25:11.308+08:00,20261001,13:24:50,20394,otc,1813,寶利徠,20261001,-,-,13:23:57,5,-,-,13:02:38,11.3000,2,20,200,
preclose_window,2026-10-01T13:25:10.000+08:00,2026-10-01T13:25:10.002+08:00,2026-10-01T13:25:11.308+08:00,20261001,13:24:50,20394,tse,1341,富林-KY,20261001,-,-,13:16:56,2,-,-,13:14:14,59.0000,1,20,200,
preclose_window,2026-10-01T13:25:10.000+08:00,2026-10-01T13:25:10.002+08:00,2026-10-01T13:25:11.308+08:00,20261001,13:24:50,20394,tse,1410,南染,20261001,-,-,13:17:37,36,-,-,12:46:41,24.2000,1,20,200,
preclose_window,2026-10-01T13:25:10.000+08:00,2026-10-01T13:25:10.002+08:00,2026-10-01T13:25:11.308+08:00,20261001,13:24:50,20394,tse,2317,鴻海,20261001,253.0000,-,13:24:10,22901,1,1,13:24:10,253.0000,1,20,200,
preclose_window,2026-10-01T13:25:10.000+08:00,2026-10-01T13:25:10.002+08:00,2026-10-01T13:25:11.308+08:00,20261001,13:24:50,20394,tse,2330,台積電,20261001,-,-,13:24:45,14214,-,-,13:24:05,2510.0000,1,20,200,
preclose_window,2026-10-01T13:25:10.000+08:00,2026-10-01T13:25:10.002+08:00,2026-10-01T13:25:11.308+08:00,20261001,13:24:50,20394,tse,2454,聯發科,20261001,-,-,13:24:21,3455,-,-,13:24:15,4965.0000,1,20,200,
close_window,2026-10-01T13:29:50.000+08:00,2026-10-01T13:29:50.001+08:00,2026-10-01T13:29:50.947+08:00,20261001,13:29:50,,otc,1240,茂生農經,20261001,-,-,13:25:17,16,-,-,13:01:42,54.1000,1,20,200,
close_window,2026-10-01T13:29:50.000+08:00,2026-10-01T13:29:50.001+08:00,2026-10-01T13:29:50.947+08:00,20261001,13:29:50,,otc,1781,合世,20261001,-,-,13:26:14,30,-,-,13:18:45,9.9900,1,20,200,
close_window,2026-10-01T13:29:50.000+08:00,2026-10-01T13:29:50.001+08:00,2026-10-01T13:29:50.947+08:00,20261001,13:29:50,,otc,1813,寶利徠,20261001,-,-,13:27:03,5,-,-,13:02:38,11.3000,2,20,200,
close_window,2026-10-01T13:29:50.000+08:00,2026-10-01T13:29:50.001+08:00,2026-10-01T13:29:50.947+08:00,20261001,13:29:50,,tse,1341,富林-KY,20261001,-,-,13:25:16,2,-,-,13:14:14,59.0000,1,20,200,
close_window,2026-10-01T13:29:50.000+08:00,2026-10-01T13:29:50.001+08:00,2026-10-01T13:29:50.947+08:00,20261001,13:29:50,,tse,1410,南染,20261001,-,24.1000,13:28:46,37,-,-,13:24:34,24.1500,1,20,200,
close_window,2026-10-01T13:29:50.000+08:00,2026-10-01T13:29:50.001+08:00,2026-10-01T13:29:50.947+08:00,20261001,13:29:50,,tse,2317,鴻海,20261001,253.5000,254.0000,13:29:45,22988,1,1,13:24:59,253.5000,1,20,200,
close_window,2026-10-01T13:29:50.000+08:00,2026-10-01T13:29:50.001+08:00,2026-10-01T13:29:50.947+08:00,20261001,13:29:50,,tse,2330,台積電,20261001,-,2510.0000,13:29:27,14277,-,-,13:24:59,2505.0000,13,12,200,
close_window,2026-10-01T13:29:50.000+08:00,2026-10-01T13:29:50.001+08:00,2026-10-01T13:29:50.947+08:00,20261001,13:29:50,,tse,2454,聯發科,20261001,-,4985.0000,13:29:46,3472,-,-,13:24:52,4970.0000,1,12,200,
close_window,2026-10-01T13:29:51.000+08:00,2026-10-01T13:29:51.000+08:00,2026-10-01T13:29:51.633+08:00,20261001,13:29:51,,otc,1240,茂生農經,20261001,-,-,13:25:17,16,-,-,13:01:42,54.1000,1,20,200,
close_window,2026-10-01T13:29:51.000+08:00,2026-10-01T13:29:51.000+08:00,2026-10-01T13:29:51.633+08:00,20261001,13:29:51,,otc,1781,合世,20261001,-,-,13:26:14,30,-,-,13:18:45,9.9900,1,20,200,
close_window,2026-10-01T13:29:51.000+08:00,2026-10-01T13:29:51.000+08:00,2026-10-01T13:29:51.633+08:00,20261001,13:29:51,,otc,1813,寶利徠,20261001,-,-,13:27:03,5,-,-,13:02:38,11.3000,2,20,200,
close_window,2026-10-01T13:29:51.000+08:00,2026-10-01T13:29:51.000+08:00,2026-10-01T13:29:51.633+08:00,20261001,13:29:51,,tse,1341,富林-KY,20261001,-,-,13:25:16,2,-,-,13:14:14,59.0000,1,20,200,
close_window,2026-10-01T13:29:51.000+08:00,2026-10-01T13:29:51.000+08:00,2026-10-01T13:29:51.633+08:00,20261001,13:29:51,,tse,1410,南染,20261001,-,24.1000,13:28:46,37,-,-,13:24:34,24.1500,1,20,200,
close_window,2026-10-01T13:29:51.000+08:00,2026-10-01T13:29:51.000+08:00,2026-10-01T13:29:51.633+08:00,20261001,13:29:51,,tse,2317,鴻海,20261001,253.5000,254.0000,13:29:35,22988,1,1,13:24:59,253.5000,1,20,200,
close_window,2026-10-01T13:29:51.000+08:00,2026-10-01T13:29:51.000+08:00,2026-10-01T13:29:51.633+08:00,20261001,13:29:51,,tse,2330,台積電,20261001,-,2510.0000,13:29:12,14277,-,-,13:24:59,2505.0000,13,12,200,
close_window,2026-10-01T13:29:51.000+08:00,2026-10-01T13:29:51.000+08:00,2026-10-01T13:29:51.633+08:00,20261001,13:29:51,,tse,2454,聯發科,20261001,-,4985.0000,13:29:41,3472,-,-,13:24:52,4970.0000,1,12,200,
close_window,2026-10-01T13:29:52.000+08:00,2026-10-01T13:29:52.000+08:00,2026-10-01T13:29:52.531+08:00,20261001,13:29:51,898,otc,1240,茂生農經,20261001,-,-,13:25:17,16,-,-,13:01:42,54.1000,1,20,200,
close_window,2026-10-01T13:29:52.000+08:00,2026-10-01T13:29:52.000+08:00,2026-10-01T13:29:52.531+08:00,20261001,13:29:51,898,otc,1781,合世,20261001,-,-,13:26:14,30,-,-,13:18:45,9.9900,1,20,200,
close_window,2026-10-01T13:29:52.000+08:00,2026-10-01T13:29:52.000+08:00,2026-10-01T13:29:52.531+08:00,20261001,13:29:51,898,otc,1813,寶利徠,20261001,-,-,13:27:03,5,-,-,13:02:38,11.3000,2,20,200,
close_window,2026-10-01T13:29:52.000+08:00,2026-10-01T13:29:52.000+08:00,2026-10-01T13:29:52.531+08:00,20261001,13:29:51,898,tse,1341,富林-KY,20261001,-,-,13:25:16,2,-,-,13:14:14,59.0000,1,20,200,
close_window,2026-10-01T13:29:52.000+08:00,2026-10-01T13:29:52.000+08:00,2026-10-01T13:29:52.531+08:00,20261001,13:29:51,898,tse,1410,南染,20261001,-,24.1000,13:28:46,37,-,-,13:24:34,24.1500,1,20,200,
close_window,2026-10-01T13:29:52.000+08:00,2026-10-01T13:29:52.000+08:00,2026-10-01T13:29:52.531+08:00,20261001,13:29:51,898,tse,2317,鴻海,20261001,253.5000,254.0000,13:29:35,22988,1,1,13:24:59,253.5000,1,20,200,
close_window,2026-10-01T13:29:52.000+08:00,2026-10-01T13:29:52.000+08:00,2026-10-01T13:29:52.531+08:00,20261001,13:29:51,898,tse,2330,台積電,20261001,-,2510.0000,13:29:12,14277,-,-,13:24:59,2505.0000,13,12,200,
close_window,2026-10-01T13:29:52.000+08:00,2026-10-01T13:29:52.000+08:00,2026-10-01T13:29:52.531+08:00,20261001,13:29:51,898,tse,2454,聯發科,20261001,-,4985.0000,13:29:41,3472,-,-,13:24:52,4970.0000,1,12,200,
close_window,2026-10-01T13:29:53.000+08:00,2026-10-01T13:29:53.000+08:00,2026-10-01T13:29:53.721+08:00,20261001,13:29:51,2087,otc,1240,茂生農經,20261001,-,-,13:25:17,16,-,-,13:01:42,54.1000,1,20,200,
close_window,2026-10-01T13:29:53.000+08:00,2026-10-01T13:29:53.000+08:00,2026-10-01T13:29:53.721+08:00,20261001,13:29:51,2087,otc,1781,合世,20261001,-,-,13:26:14,30,-,-,13:18:45,9.9900,1,20,200,
close_window,2026-10-01T13:29:53.000+08:00,2026-10-01T13:29:53.000+08:00,2026-10-01T13:29:53.721+08:00,20261001,13:29:51,2087,otc,1813,寶利徠,20261001,-,-,13:27:03,5,-,-,13:02:38,11.3000,2,20,200,
close_window,2026-10-01T13:29:53.000+08:00,2026-10-01T13:29:53.000+08:00,2026-10-01T13:29:53.721+08:00,20261001,13:29:51,2087,tse,1341,富林-KY,20261001,-,-,13:25:16,2,-,-,13:14:14,59.0000,1,20,200,
close_window,2026-10-01T13:29:53.000+08:00,2026-10-01T13:29:53.000+08:00,2026-10-01T13:29:53.721+08:00,20261001,13:29:51,2087,tse,1410,南染,20261001,-,24.1000,13:28:46,37,-,-,13:24:34,24.1500,1,20,200,
close_window,2026-10-01T13:29:53.000+08:00,2026-10-01T13:29:53.000+08:00,2026-10-01T13:29:53.721+08:00,20261001,13:29:51,2087,tse,2317,鴻海,20261001,253.5000,254.0000,13:29:35,22988,1,1,13:24:59,253.5000,1,20,200,
close_window,2026-10-01T13:29:53.000+08:00,2026-10-01T13:29:53.000+08:00,2026-10-01T13:29:53.721+08:00,20261001,13:29:51,2087,tse,2330,台積電,20261001,-,2510.0000,13:29:12,14277,-,-,13:24:59,2505.0000,13,12,200,
close_window,2026-10-01T13:29:53.000+08:00,2026-10-01T13:29:53.000+08:00,2026-10-01T13:29:53.721+08:00,20261001,13:29:51,2087,tse,2454,聯發科,20261001,-,4985.0000,13:29:41,3472,-,-,13:24:52,4970.0000,1,12,200,
close_window,2026-10-01T13:29:54.000+08:00,2026-10-01T13:29:54.000+08:00,2026-10-01T13:29:54.533+08:00,20261001,13:29:51,2899,otc,1240,茂生農經,20261001,-,-,13:25:17,16,-,-,13:01:42,54.1000,1,20,200,
close_window,2026-10-01T13:29:54.000+08:00,2026-10-01T13:29:54.000+08:00,2026-10-01T13:29:54.533+08:00,20261001,13:29:51,2899,otc,1781,合世,20261001,-,-,13:26:14,30,-,-,13:18:45,9.9900,1,20,200,
close_window,2026-10-01T13:29:54.000+08:00,2026-10-01T13:29:54.000+08:00,2026-10-01T13:29:54.533+08:00,20261001,13:29:51,2899,otc,1813,寶利徠,20261001,-,-,13:27:03,5,-,-,13:02:38,11.3000,2,20,200,
close_window,2026-10-01T13:29:54.000+08:00,2026-10-01T13:29:54.000+08:00,2026-10-01T13:29:54.533+08:00,20261001,13:29:51,2899,tse,1341,富林-KY,20261001,-,-,13:25:16,2,-,-,13:14:14,59.0000,1,20,200,
close_window,2026-10-01T13:29:54.000+08:00,2026-10-01T13:29:54.000+08:00,2026-10-01T13:29:54.533+08:00,20261001,13:29:51,2899,tse,1410,南染,20261001,-,24.1000,13:28:46,37,-,-,13:24:34,24.1500,1,20,200,
close_window,2026-10-01T13:29:54.000+08:00,2026-10-01T13:29:54.000+08:00,2026-10-01T13:29:54.533+08:00,20261001,13:29:51,2899,tse,2317,鴻海,20261001,253.5000,254.0000,13:29:35,22988,1,1,13:24:59,253.5000,1,20,200,
close_window,2026-10-01T13:29:54.000+08:00,2026-10-01T13:29:54.000+08:00,2026-10-01T13:29:54.533+08:00,20261001,13:29:51,2899,tse,2330,台積電,20261001,-,2510.0000,13:29:12,14277,-,-,13:24:59,2505.0000,13,12,200,
close_window,2026-10-01T13:29:54.000+08:00,2026-10-01T13:29:54.000+08:00,2026-10-01T13:29:54.533+08:00,20261001,13:29:51,2899,tse,2454,聯發科,20261001,-,4985.0000,13:29:41,3472,-,-,13:24:52,4970.0000,1,12,200,
close_window,2026-10-01T13:29:55.000+08:00,2026-10-01T13:29:55.000+08:00,2026-10-01T13:29:56.183+08:00,20261001,13:29:51,4420,otc,1240,茂生農經,20261001,-,-,13:25:17,16,-,-,13:01:42,54.1000,1,20,200,
close_window,2026-10-01T13:29:55.000+08:00,2026-10-01T13:29:55.000+08:00,2026-10-01T13:29:56.183+08:00,20261001,13:29:51,4420,otc,1781,合世,20261001,-,-,13:26:14,30,-,-,13:18:45,9.9900,1,20,200,
close_window,2026-10-01T13:29:55.000+08:00,2026-10-01T13:29:55.000+08:00,2026-10-01T13:29:56.183+08:00,20261001,13:29:51,4420,otc,1813,寶利徠,20261001,-,-,13:27:03,5,-,-,13:02:38,11.3000,2,20,200,
close_window,2026-10-01T13:29:55.000+08:00,2026-10-01T13:29:55.000+08:00,2026-10-01T13:29:56.183+08:00,20261001,13:29:51,4420,tse,1341,富林-KY,20261001,-,-,13:25:16,2,-,-,13:14:14,59.0000,1,20,200,
close_window,2026-10-01T13:29:55.000+08:00,2026-10-01T13:29:55.000+08:00,2026-10-01T13:29:56.183+08:00,20261001,13:29:51,4420,tse,1410,南染,20261001,-,24.1000,13:28:46,37,-,-,13:24:34,24.1500,1,20,200,
close_window,2026-10-01T13:29:55.000+08:00,2026-10-01T13:29:55.000+08:00,2026-10-01T13:29:56.183+08:00,20261001,13:29:51,4420,tse,2317,鴻海,20261001,253.5000,254.0000,13:29:35,22988,1,1,13:24:59,253.5000,1,20,200,
close_window,2026-10-01T13:29:55.000+08:00,2026-10-01T13:29:55.000+08:00,2026-10-01T13:29:56.183+08:00,20261001,13:29:51,4420,tse,2330,台積電,20261001,-,2510.0000,13:29:12,14277,-,-,13:24:59,2505.0000,13,12,200,
close_window,2026-10-01T13:29:55.000+08:00,2026-10-01T13:29:55.000+08:00,2026-10-01T13:29:56.183+08:00,20261001,13:29:51,4420,tse,2454,聯發科,20261001,-,4985.0000,13:29:41,3472,-,-,13:24:52,4970.0000,1,12,200,
close_window,2026-10-01T13:29:56.000+08:00,2026-10-01T13:29:56.000+08:00,2026-10-01T13:29:56.533+08:00,20261001,13:29:56,15,otc,1240,茂生農經,20261001,-,-,13:25:17,16,-,-,13:01:42,54.1000,1,20,200,
close_window,2026-10-01T13:29:56.000+08:00,2026-10-01T13:29:56.000+08:00,2026-10-01T13:29:56.533+08:00,20261001,13:29:56,15,otc,1781,合世,20261001,-,-,13:26:14,30,-,-,13:18:45,9.9900,1,20,200,
close_window,2026-10-01T13:29:56.000+08:00,2026-10-01T13:29:56.000+08:00,2026-10-01T13:29:56.533+08:00,20261001,13:29:56,15,otc,1813,寶利徠,20261001,-,-,13:27:03,5,-,-,13:02:38,11.3000,2,20,200,
close_window,2026-10-01T13:29:56.000+08:00,2026-10-01T13:29:56.000+08:00,2026-10-01T13:29:56.533+08:00,20261001,13:29:56,15,tse,1341,富林-KY,20261001,-,-,13:25:16,2,-,-,13:14:14,59.0000,1,20,200,
close_window,2026-10-01T13:29:56.000+08:00,2026-10-01T13:29:56.000+08:00,2026-10-01T13:29:56.533+08:00,20261001,13:29:56,15,tse,1410,南染,20261001,-,24.1000,13:28:46,37,-,-,13:24:34,24.1500,1,20,200,
close_window,2026-10-01T13:29:56.000+08:00,2026-10-01T13:29:56.000+08:00,2026-10-01T13:29:56.533+08:00,20261001,13:29:56,15,tse,2317,鴻海,20261001,253.5000,254.0000,13:29:35,22988,1,1,13:24:59,253.5000,1,20,200,
close_window,2026-10-01T13:29:56.000+08:00,2026-10-01T13:29:56.000+08:00,2026-10-01T13:29:56.533+08:00,20261001,13:29:56,15,tse,2330,台積電,20261001,-,2510.0000,13:29:52,14277,-,-,13:24:59,2505.0000,13,12,200,
close_window,2026-10-01T13:29:56.000+08:00,2026-10-01T13:29:56.000+08:00,2026-10-01T13:29:56.533+08:00,20261001,13:29:56,15,tse,2454,聯發科,20261001,-,4985.0000,13:29:41,3472,-,-,13:24:52,4970.0000,1,12,200,
close_window,2026-10-01T13:29:57.000+08:00,2026-10-01T13:29:57.000+08:00,2026-10-01T13:29:57.403+08:00,20261001,13:29:56,885,otc,1240,茂生農經,20261001,-,-,13:25:17,16,-,-,13:01:42,54.1000,1,20,200,
close_window,2026-10-01T13:29:57.000+08:00,2026-10-01T13:29:57.000+08:00,2026-10-01T13:29:57.403+08:00,20261001,13:29:56,885,otc,1781,合世,20261001,-,-,13:26:14,30,-,-,13:18:45,9.9900,1,20,200,
close_window,2026-10-01T13:29:57.000+08:00,2026-10-01T13:29:57.000+08:00,2026-10-01T13:29:57.403+08:00,20261001,13:29:56,885,otc,1813,寶利徠,20261001,-,-,13:27:03,5,-,-,13:02:38,11.3000,2,20,200,
close_window,2026-10-01T13:29:57.000+08:00,2026-10-01T13:29:57.000+08:00,2026-10-01T13:29:57.403+08:00,20261001,13:29:56,885,tse,1341,富林-KY,20261001,-,-,13:25:16,2,-,-,13:14:14,59.0000,1,20,200,
close_window,2026-10-01T13:29:57.000+08:00,2026-10-01T13:29:57.000+08:00,2026-10-01T13:29:57.403+08:00,20261001,13:29:56,885,tse,1410,南染,20261001,-,24.1000,13:28:46,37,-,-,13:24:34,24.1500,1,20,200,
close_window,2026-10-01T13:29:57.000+08:00,2026-10-01T13:29:57.000+08:00,2026-10-01T13:29:57.403+08:00,20261001,13:29:56,885,tse,2317,鴻海,20261001,253.5000,254.0000,13:29:35,22988,1,1,13:24:59,253.5000,1,20,200,
close_window,2026-10-01T13:29:57.000+08:00,2026-10-01T13:29:57.000+08:00,2026-10-01T13:29:57.403+08:00,20261001,13:29:56,885,tse,2330,台積電,20261001,-,2510.0000,13:29:52,14277,-,-,13:24:59,2505.0000,13,12,200,
close_window,2026-10-01T13:29:57.000+08:00,2026-10-01T13:29:57.000+08:00,2026-10-01T13:29:57.403+08:00,20261001,13:29:56,885,tse,2454,聯發科,20261001,-,4985.0000,13:29:41,3472,-,-,13:24:52,4970.0000,1,12,200,
close_window,2026-10-01T13:29:58.000+08:00,2026-10-01T13:29:58.000+08:00,2026-10-01T13:29:59.792+08:00,20261001,13:29:56,2038,otc,1240,茂生農經,20261001,-,-,13:25:17,16,-,-,13:01:42,54.1000,1,20,200,
close_window,2026-10-01T13:29:58.000+08:00,2026-10-01T13:29:58.000+08:00,2026-10-01T13:29:59.792+08:00,20261001,13:29:56,2038,otc,1781,合世,20261001,-,-,13:26:14,30,-,-,13:18:45,9.9900,1,20,200,
close_window,2026-10-01T13:29:58.000+08:00,2026-10-01T13:29:58.000+08:00,2026-10-01T13:29:59.792+08:00,20261001,13:29:56,2038,otc,1813,寶利徠,20261001,-,-,13:27:03,5,-,-,13:02:38,11.3000,2,20,200,
close_window,2026-10-01T13:29:58.000+08:00,2026-10-01T13:29:58.000+08:00,2026-10-01T13:29:59.792+08:00,20261001,13:29:56,2038,tse,1341,富林-KY,20261001,-,-,13:25:16,2,-,-,13:14:14,59.0000,1,20,200,
close_window,2026-10-01T13:29:58.000+08:00,2026-10-01T13:29:58.000+08:00,2026-10-01T13:29:59.792+08:00,20261001,13:29:56,2038,tse,1410,南染,20261001,-,24.1000,13:28:46,37,-,-,13:24:34,24.1500,1,20,200,
close_window,2026-10-01T13:29:58.000+08:00,2026-10-01T13:29:58.000+08:00,2026-10-01T13:29:59.792+08:00,20261001,13:29:56,2038,tse,2317,鴻海,20261001,253.5000,254.0000,13:29:35,22988,1,1,13:24:59,253.5000,1,20,200,
close_window,2026-10-01T13:29:58.000+08:00,2026-10-01T13:29:58.000+08:00,2026-10-01T13:29:59.792+08:00,20261001,13:29:56,2038,tse,2330,台積電,20261001,-,2510.0000,13:29:52,14277,-,-,13:24:59,2505.0000,13,12,200,
close_window,2026-10-01T13:29:58.000+08:00,2026-10-01T13:29:58.000+08:00,2026-10-01T13:29:59.792+08:00,20261001,13:29:56,2038,tse,2454,聯發科,20261001,-,4985.0000,13:29:41,3472,-,-,13:24:52,4970.0000,1,12,200,
close_window,2026-10-01T13:29:59.000+08:00,2026-10-01T13:29:59.000+08:00,2026-10-01T13:29:59.529+08:00,20261001,13:29:56,3012,otc,1240,茂生農經,20261001,-,-,13:25:17,16,-,-,13:01:42,54.1000,1,20,200,
close_window,2026-10-01T13:29:59.000+08:00,2026-10-01T13:29:59.000+08:00,2026-10-01T13:29:59.529+08:00,20261001,13:29:56,3012,otc,1781,合世,20261001,-,-,13:26:14,30,-,-,13:18:45,9.9900,1,20,200,
close_window,2026-10-01T13:29:59.000+08:00,2026-10-01T13:29:59.000+08:00,2026-10-01T13:29:59.529+08:00,20261001,13:29:56,3012,otc,1813,寶利徠,20261001,-,-,13:27:03,5,-,-,13:02:38,11.3000,2,20,200,
close_window,2026-10-01T13:29:59.000+08:00,2026-10-01T13:29:59.000+08:00,2026-10-01T13:29:59.529+08:00,20261001,13:29:56,3012,tse,1341,富林-KY,20261001,-,-,13:25:16,2,-,-,13:14:14,59.0000,1,20,200,
close_window,2026-10-01T13:29:59.000+08:00,2026-10-01T13:29:59.000+08:00,2026-10-01T13:29:59.529+08:00,20261001,13:29:56,3012,tse,1410,南染,20261001,-,24.1000,13:28:46,37,-,-,13:24:34,24.1500,1,20,200,
close_window,2026-10-01T13:29:59.000+08:00,2026-10-01T13:29:59.000+08:00,2026-10-01T13:29:59.529+08:00,20261001,13:29:56,3012,tse,2317,鴻海,20261001,253.5000,254.0000,13:29:35,22988,1,1,13:24:59,253.5000,1,20,200,
close_window,2026-10-01T13:29:59.000+08:00,2026-10-01T13:29:59.000+08:00,2026-10-01T13:29:59.529+08:00,20261001,13:29:56,3012,tse,2330,台積電,20261001,-,2510.0000,13:29:52,14277,-,-,13:24:59,2505.0000,13,12,200,
close_window,2026-10-01T13:29:59.000+08:00,2026-10-01T13:29:59.000+08:00,2026-10-01T13:29:59.529+08:00,20261001,13:29:56,3012,tse,2454,聯發科,20261001,-,4985.0000,13:29:41,3472,-,-,13:24:52,4970.0000,1,12,200,
close_window,2026-10-01T13:30:00.000+08:00,2026-10-01T13:30:00.000+08:00,2026-10-01T13:30:01.117+08:00,20261001,13:30:01,,otc,1240,茂生農經,20261001,-,-,13:25:17,16,-,-,13:01:42,54.1000,1,20,200,
close_window,2026-10-01T13:30:00.000+08:00,2026-10-01T13:30:00.000+08:00,2026-10-01T13:30:01.117+08:00,20261001,13:30:01,,otc,1781,合世,20261001,-,-,13:26:14,30,-,-,13:18:45,9.9900,1,20,200,
close_window,2026-10-01T13:30:00.000+08:00,2026-10-01T13:30:00.000+08:00,2026-10-01T13:30:01.117+08:00,20261001,13:30:01,,otc,1813,寶利徠,20261001,-,-,13:27:03,5,-,-,13:02:38,11.3000,2,20,200,
close_window,2026-10-01T13:30:00.000+08:00,2026-10-01T13:30:00.000+08:00,2026-10-01T13:30:01.117+08:00,20261001,13:30:01,,tse,1341,富林-KY,20261001,-,-,13:25:16,2,-,-,13:14:14,59.0000,1,20,200,
close_window,2026-10-01T13:30:00.000+08:00,2026-10-01T13:30:00.000+08:00,2026-10-01T13:30:01.117+08:00,20261001,13:30:01,,tse,1410,南染,20261001,-,24.1500,13:29:16,37,-,-,13:24:34,24.1500,1,20,200,
close_window,2026-10-01T13:30:00.000+08:00,2026-10-01T13:30:00.000+08:00,2026-10-01T13:30:01.117+08:00,20261001,13:30:01,,tse,2317,鴻海,20261001,253.5000,253.5000,13:29:55,22988,1,1,13:24:59,253.5000,1,20,200,
close_window,2026-10-01T13:30:00.000+08:00,2026-10-01T13:30:00.000+08:00,2026-10-01T13:30:01.117+08:00,20261001,13:30:01,,tse,2330,台積電,20261001,-,2510.0000,13:29:57,14277,-,-,13:24:59,2505.0000,13,12,200,
close_window,2026-10-01T13:30:00.000+08:00,2026-10-01T13:30:00.000+08:00,2026-10-01T13:30:01.117+08:00,20261001,13:30:01,,tse,2454,聯發科,20261001,-,4985.0000,13:29:56,3472,-,-,13:24:52,4970.0000,1,12,200,
close_window,2026-10-01T13:30:01.000+08:00,2026-10-01T13:30:01.000+08:00,2026-10-01T13:30:03.158+08:00,20261001,13:30:03,,otc,1240,茂生農經,20261001,-,-,13:25:17,16,-,-,13:01:42,54.1000,1,20,200,
close_window,2026-10-01T13:30:01.000+08:00,2026-10-01T13:30:01.000+08:00,2026-10-01T13:30:03.158+08:00,20261001,13:30:03,,otc,1781,合世,20261001,-,-,13:26:14,30,-,-,13:18:45,9.9900,1,20,200,
close_window,2026-10-01T13:30:01.000+08:00,2026-10-01T13:30:01.000+08:00,2026-10-01T13:30:03.158+08:00,20261001,13:30:03,,otc,1813,寶利徠,20261001,-,-,13:27:03,5,-,-,13:02:38,11.3000,2,20,200,
close_window,2026-10-01T13:30:01.000+08:00,2026-10-01T13:30:01.000+08:00,2026-10-01T13:30:03.158+08:00,20261001,13:30:03,,tse,1341,富林-KY,20261001,-,-,13:25:16,2,-,-,13:14:14,59.0000,1,20,200,
close_window,2026-10-01T13:30:01.000+08:00,2026-10-01T13:30:01.000+08:00,2026-10-01T13:30:03.158+08:00,20261001,13:30:03,,tse,1410,南染,20261001,24.1500,24.1500,13:30:00,39,2,2,13:30:00,24.1500,2,20,200,
close_window,2026-10-01T13:30:01.000+08:00,2026-10-01T13:30:01.000+08:00,2026-10-01T13:30:03.158+08:00,20261001,13:30:03,,tse,2317,鴻海,20261001,253.5000,253.5000,13:29:55,22988,1,1,13:24:59,253.5000,1,20,200,
close_window,2026-10-01T13:30:01.000+08:00,2026-10-01T13:30:01.000+08:00,2026-10-01T13:30:03.158+08:00,20261001,13:30:03,,tse,2330,台積電,20261001,-,2510.0000,13:29:57,14277,-,-,13:24:59,2505.0000,13,12,200,
close_window,2026-10-01T13:30:01.000+08:00,2026-10-01T13:30:01.000+08:00,2026-10-01T13:30:03.158+08:00,20261001,13:30:03,,tse,2454,聯發科,20261001,-,4985.0000,13:29:56,3472,-,-,13:24:52,4970.0000,1,12,200,
close_window,2026-10-01T13:30:03.000+08:00,2026-10-01T13:30:03.000+08:00,2026-10-01T13:30:03.537+08:00,20261001,13:30:03,379,otc,1240,茂生農經,20261001,-,-,13:25:17,16,-,-,13:01:42,54.1000,1,20,200,
close_window,2026-10-01T13:30:03.000+08:00,2026-10-01T13:30:03.000+08:00,2026-10-01T13:30:03.537+08:00,20261001,13:30:03,379,otc,1781,合世,20261001,-,-,13:26:14,30,-,-,13:18:45,9.9900,1,20,200,
close_window,2026-10-01T13:30:03.000+08:00,2026-10-01T13:30:03.000+08:00,2026-10-01T13:30:03.537+08:00,20261001,13:30:03,379,otc,1813,寶利徠,20261001,-,-,13:27:03,5,-,-,13:02:38,11.3000,2,20,200,
close_window,2026-10-01T13:30:03.000+08:00,2026-10-01T13:30:03.000+08:00,2026-10-01T13:30:03.537+08:00,20261001,13:30:03,379,tse,1341,富林-KY,20261001,-,-,13:25:16,2,-,-,13:14:14,59.0000,1,20,200,
close_window,2026-10-01T13:30:03.000+08:00,2026-10-01T13:30:03.000+08:00,2026-10-01T13:30:03.537+08:00,20261001,13:30:03,379,tse,1410,南染,20261001,24.1500,24.1500,13:30:00,39,2,2,13:30:00,24.1500,2,20,200,
close_window,2026-10-01T13:30:03.000+08:00,2026-10-01T13:30:03.000+08:00,2026-10-01T13:30:03.537+08:00,20261001,13:30:03,379,tse,2317,鴻海,20261001,253.5000,253.5000,13:29:55,22988,1,1,13:24:59,253.5000,1,20,200,
close_window,2026-10-01T13:30:03.000+08:00,2026-10-01T13:30:03.000+08:00,2026-10-01T13:30:03.537+08:00,20261001,13:30:03,379,tse,2330,台積電,20261001,-,2510.0000,13:29:57,14277,-,-,13:24:59,2505.0000,13,12,200,
close_window,2026-10-01T13:30:03.000+08:00,2026-10-01T13:30:03.000+08:00,2026-10-01T13:30:03.537+08:00,20261001,13:30:03,379,tse,2454,聯發科,20261001,-,4985.0000,13:29:56,3472,-,-,13:24:52,4970.0000,1,12,200,
close_window,2026-10-01T13:30:04.000+08:00,2026-10-01T13:30:04.000+08:00,2026-10-01T13:30:05.206+08:00,20261001,13:30:03,1887,otc,1240,茂生農經,20261001,-,-,13:25:17,16,-,-,13:01:42,54.1000,1,20,200,
close_window,2026-10-01T13:30:04.000+08:00,2026-10-01T13:30:04.000+08:00,2026-10-01T13:30:05.206+08:00,20261001,13:30:03,1887,otc,1781,合世,20261001,-,-,13:26:14,30,-,-,13:18:45,9.9900,1,20,200,
close_window,2026-10-01T13:30:04.000+08:00,2026-10-01T13:30:04.000+08:00,2026-10-01T13:30:05.206+08:00,20261001,13:30:03,1887,otc,1813,寶利徠,20261001,-,-,13:27:03,5,-,-,13:02:38,11.3000,2,20,200,
close_window,2026-10-01T13:30:04.000+08:00,2026-10-01T13:30:04.000+08:00,2026-10-01T13:30:05.206+08:00,20261001,13:30:03,1887,tse,1341,富林-KY,20261001,-,-,13:25:16,2,-,-,13:14:14,59.0000,1,20,200,
close_window,2026-10-01T13:30:04.000+08:00,2026-10-01T13:30:04.000+08:00,2026-10-01T13:30:05.206+08:00,20261001,13:30:03,1887,tse,1410,南染,20261001,24.1500,24.1500,13:30:00,39,2,2,13:30:00,24.1500,2,20,200,
close_window,2026-10-01T13:30:04.000+08:00,2026-10-01T13:30:04.000+08:00,2026-10-01T13:30:05.206+08:00,20261001,13:30:03,1887,tse,2317,鴻海,20261001,253.5000,253.5000,13:29:55,22988,1,1,13:24:59,253.5000,1,20,200,
close_window,2026-10-01T13:30:04.000+08:00,2026-10-01T13:30:04.000+08:00,2026-10-01T13:30:05.206+08:00,20261001,13:30:03,1887,tse,2330,台積電,20261001,-,2510.0000,13:29:57,14277,-,-,13:24:59,2505.0000,13,12,200,
close_window,2026-10-01T13:30:04.000+08:00,2026-10-01T13:30:04.000+08:00,2026-10-01T13:30:05.206+08:00,20261001,13:30:03,1887,tse,2454,聯發科,20261001,-,4985.0000,13:29:56,3472,-,-,13:24:52,4970.0000,1,12,200,
close_window,2026-10-01T13:30:05.000+08:00,2026-10-01T13:30:05.000+08:00,2026-10-01T13:30:05.576+08:00,20261001,13:30:03,2419,otc,1240,茂生農經,20261001,-,-,13:25:17,16,-,-,13:01:42,54.1000,1,20,200,
close_window,2026-10-01T13:30:05.000+08:00,2026-10-01T13:30:05.000+08:00,2026-10-01T13:30:05.576+08:00,20261001,13:30:03,2419,otc,1781,合世,20261001,-,-,13:26:14,30,-,-,13:18:45,9.9900,1,20,200,
close_window,2026-10-01T13:30:05.000+08:00,2026-10-01T13:30:05.000+08:00,2026-10-01T13:30:05.576+08:00,20261001,13:30:03,2419,otc,1813,寶利徠,20261001,-,-,13:27:03,5,-,-,13:02:38,11.3000,2,20,200,
close_window,2026-10-01T13:30:05.000+08:00,2026-10-01T13:30:05.000+08:00,2026-10-01T13:30:05.576+08:00,20261001,13:30:03,2419,tse,1341,富林-KY,20261001,-,-,13:25:16,2,-,-,13:14:14,59.0000,1,20,200,
close_window,2026-10-01T13:30:05.000+08:00,2026-10-01T13:30:05.000+08:00,2026-10-01T13:30:05.576+08:00,20261001,13:30:03,2419,tse,1410,南染,20261001,24.1500,24.1500,13:30:00,39,2,2,13:30:00,24.1500,2,20,200,
close_window,2026-10-01T13:30:05.000+08:00,2026-10-01T13:30:05.000+08:00,2026-10-01T13:30:05.576+08:00,20261001,13:30:03,2419,tse,2317,鴻海,20261001,253.5000,253.5000,13:29:55,22988,1,1,13:24:59,253.5000,1,20,200,
close_window,2026-10-01T13:30:05.000+08:00,2026-10-01T13:30:05.000+08:00,2026-10-01T13:30:05.576+08:00,20261001,13:30:03,2419,tse,2330,台積電,20261001,-,2510.0000,13:29:57,14277,-,-,13:24:59,2505.0000,13,12,200,
close_window,2026-10-01T13:30:05.000+08:00,2026-10-01T13:30:05.000+08:00,2026-10-01T13:30:05.576+08:00,20261001,13:30:03,2419,tse,2454,聯發科,20261001,-,4985.0000,13:29:56,3472,-,-,13:24:52,4970.0000,1,12,200,
close_window,2026-10-01T13:30:06.000+08:00,2026-10-01T13:30:06.000+08:00,2026-10-01T13:30:06.663+08:00,20261001,13:30:03,3505,otc,1240,茂生農經,20261001,-,-,13:25:17,16,-,-,13:01:42,54.1000,1,20,200,
close_window,2026-10-01T13:30:06.000+08:00,2026-10-01T13:30:06.000+08:00,2026-10-01T13:30:06.663+08:00,20261001,13:30:03,3505,otc,1781,合世,20261001,-,-,13:26:14,30,-,-,13:18:45,9.9900,1,20,200,
close_window,2026-10-01T13:30:06.000+08:00,2026-10-01T13:30:06.000+08:00,2026-10-01T13:30:06.663+08:00,20261001,13:30:03,3505,otc,1813,寶利徠,20261001,-,-,13:27:03,5,-,-,13:02:38,11.3000,2,20,200,
close_window,2026-10-01T13:30:06.000+08:00,2026-10-01T13:30:06.000+08:00,2026-10-01T13:30:06.663+08:00,20261001,13:30:03,3505,tse,1341,富林-KY,20261001,-,-,13:25:16,2,-,-,13:14:14,59.0000,1,20,200,
close_window,2026-10-01T13:30:06.000+08:00,2026-10-01T13:30:06.000+08:00,2026-10-01T13:30:06.663+08:00,20261001,13:30:03,3505,tse,1410,南染,20261001,24.1500,24.1500,13:30:00,39,2,2,13:30:00,24.1500,2,20,200,
close_window,2026-10-01T13:30:06.000+08:00,2026-10-01T13:30:06.000+08:00,2026-10-01T13:30:06.663+08:00,20261001,13:30:03,3505,tse,2317,鴻海,20261001,253.5000,253.5000,13:29:55,22988,1,1,13:24:59,253.5000,1,20,200,
close_window,2026-10-01T13:30:06.000+08:00,2026-10-01T13:30:06.000+08:00,2026-10-01T13:30:06.663+08:00,20261001,13:30:03,3505,tse,2330,台積電,20261001,-,2510.0000,13:29:57,14277,-,-,13:24:59,2505.0000,13,12,200,
close_window,2026-10-01T13:30:06.000+08:00,2026-10-01T13:30:06.000+08:00,2026-10-01T13:30:06.663+08:00,20261001,13:30:03,3505,tse,2454,聯發科,20261001,-,4985.0000,13:29:56,3472,-,-,13:24:52,4970.0000,1,12,200,
close_window,2026-10-01T13:30:07.000+08:00,2026-10-01T13:30:07.000+08:00,2026-10-01T13:30:07.706+08:00,20261001,13:30:07,370,otc,1240,茂生農經,20261001,-,-,13:25:17,16,-,-,13:01:42,54.1000,1,20,200,
close_window,2026-10-01T13:30:07.000+08:00,2026-10-01T13:30:07.000+08:00,2026-10-01T13:30:07.706+08:00,20261001,13:30:07,370,otc,1781,合世,20261001,-,-,13:26:14,30,-,-,13:18:45,9.9900,1,20,200,
close_window,2026-10-01T13:30:07.000+08:00,2026-10-01T13:30:07.000+08:00,2026-10-01T13:30:07.706+08:00,20261001,13:30:07,370,otc,1813,寶利徠,20261001,-,-,13:30:00,5,-,-,13:02:38,11.3000,2,20,200,
close_window,2026-10-01T13:30:07.000+08:00,2026-10-01T13:30:07.000+08:00,2026-10-01T13:30:07.706+08:00,20261001,13:30:07,370,tse,1341,富林-KY,20261001,-,-,13:25:16,2,-,-,13:14:14,59.0000,1,20,200,
close_window,2026-10-01T13:30:07.000+08:00,2026-10-01T13:30:07.000+08:00,2026-10-01T13:30:07.706+08:00,20261001,13:30:07,370,tse,1410,南染,20261001,24.1500,24.1500,13:30:00,39,2,2,13:30:00,24.1500,2,20,200,
close_window,2026-10-01T13:30:07.000+08:00,2026-10-01T13:30:07.000+08:00,2026-10-01T13:30:07.706+08:00,20261001,13:30:07,370,tse,2317,鴻海,20261001,253.5000,253.5000,13:29:55,22988,1,1,13:24:59,253.5000,1,20,200,
close_window,2026-10-01T13:30:07.000+08:00,2026-10-01T13:30:07.000+08:00,2026-10-01T13:30:07.706+08:00,20261001,13:30:07,370,tse,2330,台積電,20261001,-,2510.0000,13:29:57,14277,-,-,13:24:59,2505.0000,13,12,200,
close_window,2026-10-01T13:30:07.000+08:00,2026-10-01T13:30:07.000+08:00,2026-10-01T13:30:07.706+08:00,20261001,13:30:07,370,tse,2454,聯發科,20261001,-,4985.0000,13:29:56,3472,-,-,13:24:52,4970.0000,1,12,200,
close_window,2026-10-01T13:30:08.000+08:00,2026-10-01T13:30:08.000+08:00,2026-10-01T13:30:08.902+08:00,20261001,13:30:07,1694,otc,1240,茂生農經,20261001,-,-,13:25:17,16,-,-,13:01:42,54.1000,1,20,200,
close_window,2026-10-01T13:30:08.000+08:00,2026-10-01T13:30:08.000+08:00,2026-10-01T13:30:08.902+08:00,20261001,13:30:07,1694,otc,1781,合世,20261001,-,-,13:26:14,30,-,-,13:18:45,9.9900,1,20,200,
close_window,2026-10-01T13:30:08.000+08:00,2026-10-01T13:30:08.000+08:00,2026-10-01T13:30:08.902+08:00,20261001,13:30:07,1694,otc,1813,寶利徠,20261001,-,-,13:30:00,5,-,-,13:02:38,11.3000,2,20,200,
close_window,2026-10-01T13:30:08.000+08:00,2026-10-01T13:30:08.000+08:00,2026-10-01T13:30:08.902+08:00,20261001,13:30:07,1694,tse,1341,富林-KY,20261001,-,-,13:25:16,2,-,-,13:14:14,59.0000,1,20,200,
close_window,2026-10-01T13:30:08.000+08:00,2026-10-01T13:30:08.000+08:00,2026-10-01T13:30:08.902+08:00,20261001,13:30:07,1694,tse,1410,南染,20261001,24.1500,24.1500,13:30:00,39,2,2,13:30:00,24.1500,2,20,200,
close_window,2026-10-01T13:30:08.000+08:00,2026-10-01T13:30:08.000+08:00,2026-10-01T13:30:08.902+08:00,20261001,13:30:07,1694,tse,2317,鴻海,20261001,253.5000,253.5000,13:29:55,22988,1,1,13:24:59,253.5000,1,20,200,
close_window,2026-10-01T13:30:08.000+08:00,2026-10-01T13:30:08.000+08:00,2026-10-01T13:30:08.902+08:00,20261001,13:30:07,1694,tse,2330,台積電,20261001,-,2510.0000,13:29:57,14277,-,-,13:24:59,2505.0000,13,12,200,
close_window,2026-10-01T13:30:08.000+08:00,2026-10-01T13:30:08.000+08:00,2026-10-01T13:30:08.902+08:00,20261001,13:30:07,1694,tse,2454,聯發科,20261001,-,4985.0000,13:29:56,3472,-,-,13:24:52,4970.0000,1,12,200,
close_window,2026-10-01T13:30:09.000+08:00,2026-10-01T13:30:09.000+08:00,2026-10-01T13:30:09.405+08:00,20261001,13:30:07,2197,otc,1240,茂生農經,20261001,-,-,13:25:17,16,-,-,13:01:42,54.1000,1,20,200,
close_window,2026-10-01T13:30:09.000+08:00,2026-10-01T13:30:09.000+08:00,2026-10-01T13:30:09.405+08:00,20261001,13:30:07,2197,otc,1781,合世,20261001,-,-,13:26:14,30,-,-,13:18:45,9.9900,1,20,200,
close_window,2026-10-01T13:30:09.000+08:00,2026-10-01T13:30:09.000+08:00,2026-10-01T13:30:09.405+08:00,20261001,13:30:07,2197,otc,1813,寶利徠,20261001,-,-,13:30:00,5,-,-,13:02:38,11.3000,2,20,200,
close_window,2026-10-01T13:30:09.000+08:00,2026-10-01T13:30:09.000+08:00,2026-10-01T13:30:09.405+08:00,20261001,13:30:07,2197,tse,1341,富林-KY,20261001,-,-,13:25:16,2,-,-,13:14:14,59.0000,1,20,200,
close_window,2026-10-01T13:30:09.000+08:00,2026-10-01T13:30:09.000+08:00,2026-10-01T13:30:09.405+08:00,20261001,13:30:07,2197,tse,1410,南染,20261001,24.1500,24.1500,13:30:00,39,2,2,13:30:00,24.1500,2,20,200,
close_window,2026-10-01T13:30:09.000+08:00,2026-10-01T13:30:09.000+08:00,2026-10-01T13:30:09.405+08:00,20261001,13:30:07,2197,tse,2317,鴻海,20261001,253.5000,253.5000,13:29:55,22988,1,1,13:24:59,253.5000,1,20,200,
close_window,2026-10-01T13:30:09.000+08:00,2026-10-01T13:30:09.000+08:00,2026-10-01T13:30:09.405+08:00,20261001,13:30:07,2197,tse,2330,台積電,20261001,-,2510.0000,13:29:57,14277,-,-,13:24:59,2505.0000,13,12,200,
close_window,2026-10-01T13:30:09.000+08:00,2026-10-01T13:30:09.000+08:00,2026-10-01T13:30:09.405+08:00,20261001,13:30:07,2197,tse,2454,聯發科,20261001,-,4985.0000,13:29:56,3472,-,-,13:24:52,4970.0000,1,12,200,
close_window,2026-10-01T13:30:10.000+08:00,2026-10-01T13:30:10.000+08:00,2026-10-01T13:30:10.404+08:00,20261001,13:30:07,3196,otc,1240,茂生農經,20261001,-,-,13:25:17,16,-,-,13:01:42,54.1000,1,20,200,
close_window,2026-10-01T13:30:10.000+08:00,2026-10-01T13:30:10.000+08:00,2026-10-01T13:30:10.404+08:00,20261001,13:30:07,3196,otc,1781,合世,20261001,-,-,13:26:14,30,-,-,13:18:45,9.9900,1,20,200,
close_window,2026-10-01T13:30:10.000+08:00,2026-10-01T13:30:10.000+08:00,2026-10-01T13:30:10.404+08:00,20261001,13:30:07,3196,otc,1813,寶利徠,20261001,-,-,13:30:00,5,-,-,13:02:38,11.3000,2,20,200,
close_window,2026-10-01T13:30:10.000+08:00,2026-10-01T13:30:10.000+08:00,2026-10-01T13:30:10.404+08:00,20261001,13:30:07,3196,tse,1341,富林-KY,20261001,-,-,13:25:16,2,-,-,13:14:14,59.0000,1,20,200,
close_window,2026-10-01T13:30:10.000+08:00,2026-10-01T13:30:10.000+08:00,2026-10-01T13:30:10.404+08:00,20261001,13:30:07,3196,tse,1410,南染,20261001,24.1500,24.1500,13:30:00,39,2,2,13:30:00,24.1500,2,20,200,
close_window,2026-10-01T13:30:10.000+08:00,2026-10-01T13:30:10.000+08:00,2026-10-01T13:30:10.404+08:00,20261001,13:30:07,3196,tse,2317,鴻海,20261001,253.5000,253.5000,13:29:55,22988,1,1,13:24:59,253.5000,1,20,200,
close_window,2026-10-01T13:30:10.000+08:00,2026-10-01T13:30:10.000+08:00,2026-10-01T13:30:10.404+08:00,20261001,13:30:07,3196,tse,2330,台積電,20261001,-,2510.0000,13:29:57,14277,-,-,13:24:59,2505.0000,13,12,200,
close_window,2026-10-01T13:30:10.000+08:00,2026-10-01T13:30:10.000+08:00,2026-10-01T13:30:10.404+08:00,20261001,13:30:07,3196,tse,2454,聯發科,20261001,-,4985.0000,13:29:56,3472,-,-,13:24:52,4970.0000,1,12,200,
close_window,2026-10-01T13:30:11.000+08:00,2026-10-01T13:30:11.000+08:00,2026-10-01T13:30:12.301+08:00,20261001,13:30:10,1154,otc,1240,茂生農經,20261001,-,-,13:25:17,16,-,-,13:01:42,54.1000,1,20,200,
close_window,2026-10-01T13:30:11.000+08:00,2026-10-01T13:30:11.000+08:00,2026-10-01T13:30:12.301+08:00,20261001,13:30:10,1154,otc,1781,合世,20261001,-,-,13:26:14,30,-,-,13:18:45,9.9900,1,20,200,
close_window,2026-10-01T13:30:11.000+08:00,2026-10-01T13:30:11.000+08:00,2026-10-01T13:30:12.301+08:00,20261001,13:30:10,1154,otc,1813,寶利徠,20261001,-,-,13:30:00,5,-,-,13:02:38,11.3000,2,20,200,
close_window,2026-10-01T13:30:11.000+08:00,2026-10-01T13:30:11.000+08:00,2026-10-01T13:30:12.301+08:00,20261001,13:30:10,1154,tse,1341,富林-KY,20261001,-,-,13:25:16,2,-,-,13:14:14,59.0000,1,20,200,
close_window,2026-10-01T13:30:11.000+08:00,2026-10-01T13:30:11.000+08:00,2026-10-01T13:30:12.301+08:00,20261001,13:30:10,1154,tse,1410,南染,20261001,24.1500,24.1500,13:30:00,39,2,2,13:30:00,24.1500,2,20,200,
close_window,2026-10-01T13:30:11.000+08:00,2026-10-01T13:30:11.000+08:00,2026-10-01T13:30:12.301+08:00,20261001,13:30:10,1154,tse,2317,鴻海,20261001,253.5000,253.5000,13:29:55,22988,1,1,13:24:59,253.5000,1,20,200,
close_window,2026-10-01T13:30:11.000+08:00,2026-10-01T13:30:11.000+08:00,2026-10-01T13:30:12.301+08:00,20261001,13:30:10,1154,tse,2330,台積電,20261001,-,2510.0000,13:29:57,14277,-,-,13:24:59,2505.0000,13,12,200,
close_window,2026-10-01T13:30:11.000+08:00,2026-10-01T13:30:11.000+08:00,2026-10-01T13:30:12.301+08:00,20261001,13:30:10,1154,tse,2454,聯發科,20261001,-,4985.0000,13:29:56,3472,-,-,13:24:52,4970.0000,1,12,200,
close_window,2026-10-01T13:30:12.000+08:00,2026-10-01T13:30:12.000+08:00,2026-10-01T13:30:12.530+08:00,20261001,13:30:10,1639,otc,1240,茂生農經,20261001,-,-,13:25:17,16,-,-,13:01:42,54.1000,1,20,200,
close_window,2026-10-01T13:30:12.000+08:00,2026-10-01T13:30:12.000+08:00,2026-10-01T13:30:12.530+08:00,20261001,13:30:10,1639,otc,1781,合世,20261001,-,-,13:26:14,30,-,-,13:18:45,9.9900,1,20,200,
close_window,2026-10-01T13:30:12.000+08:00,2026-10-01T13:30:12.000+08:00,2026-10-01T13:30:12.530+08:00,20261001,13:30:10,1639,otc,1813,寶利徠,20261001,-,-,13:30:00,5,-,-,13:02:38,11.3000,2,20,200,
close_window,2026-10-01T13:30:12.000+08:00,2026-10-01T13:30:12.000+08:00,2026-10-01T13:30:12.530+08:00,20261001,13:30:10,1639,tse,1341,富林-KY,20261001,-,-,13:25:16,2,-,-,13:14:14,59.0000,1,20,200,
close_window,2026-10-01T13:30:12.000+08:00,2026-10-01T13:30:12.000+08:00,2026-10-01T13:30:12.530+08:00,20261001,13:30:10,1639,tse,1410,南染,20261001,24.1500,24.1500,13:30:00,39,2,2,13:30:00,24.1500,2,20,200,
close_window,2026-10-01T13:30:12.000+08:00,2026-10-01T13:30:12.000+08:00,2026-10-01T13:30:12.530+08:00,20261001,13:30:10,1639,tse,2317,鴻海,20261001,253.5000,253.5000,13:29:55,22988,1,1,13:24:59,253.5000,1,20,200,
close_window,2026-10-01T13:30:12.000+08:00,2026-10-01T13:30:12.000+08:00,2026-10-01T13:30:12.530+08:00,20261001,13:30:10,1639,tse,2330,台積電,20261001,-,2510.0000,13:29:57,14277,-,-,13:24:59,2505.0000,13,12,200,
close_window,2026-10-01T13:30:12.000+08:00,2026-10-01T13:30:12.000+08:00,2026-10-01T13:30:12.530+08:00,20261001,13:30:10,1639,tse,2454,聯發科,20261001,-,4985.0000,13:29:56,3472,-,-,13:24:52,4970.0000,1,12,200,
close_window,2026-10-01T13:30:13.000+08:00,2026-10-01T13:30:13.000+08:00,2026-10-01T13:30:13.540+08:00,20261001,13:30:10,2650,otc,1240,茂生農經,20261001,-,-,13:25:17,16,-,-,13:01:42,54.1000,1,20,200,
close_window,2026-10-01T13:30:13.000+08:00,2026-10-01T13:30:13.000+08:00,2026-10-01T13:30:13.540+08:00,20261001,13:30:10,2650,otc,1781,合世,20261001,-,-,13:26:14,30,-,-,13:18:45,9.9900,1,20,200,
close_window,2026-10-01T13:30:13.000+08:00,2026-10-01T13:30:13.000+08:00,2026-10-01T13:30:13.540+08:00,20261001,13:30:10,2650,otc,1813,寶利徠,20261001,-,-,13:30:00,5,-,-,13:02:38,11.3000,2,20,200,
close_window,2026-10-01T13:30:13.000+08:00,2026-10-01T13:30:13.000+08:00,2026-10-01T13:30:13.540+08:00,20261001,13:30:10,2650,tse,1341,富林-KY,20261001,-,-,13:25:16,2,-,-,13:14:14,59.0000,1,20,200,
close_window,2026-10-01T13:30:13.000+08:00,2026-10-01T13:30:13.000+08:00,2026-10-01T13:30:13.540+08:00,20261001,13:30:10,2650,tse,1410,南染,20261001,24.1500,24.1500,13:30:00,39,2,2,13:30:00,24.1500,2,20,200,
close_window,2026-10-01T13:30:13.000+08:00,2026-10-01T13:30:13.000+08:00,2026-10-01T13:30:13.540+08:00,20261001,13:30:10,2650,tse,2317,鴻海,20261001,253.5000,253.5000,13:29:55,22988,1,1,13:24:59,253.5000,1,20,200,
close_window,2026-10-01T13:30:13.000+08:00,2026-10-01T13:30:13.000+08:00,2026-10-01T13:30:13.540+08:00,20261001,13:30:10,2650,tse,2330,台積電,20261001,-,2510.0000,13:29:57,14277,-,-,13:24:59,2505.0000,13,12,200,
close_window,2026-10-01T13:30:13.000+08:00,2026-10-01T13:30:13.000+08:00,2026-10-01T13:30:13.540+08:00,20261001,13:30:10,2650,tse,2454,聯發科,20261001,-,4985.0000,13:29:56,3472,-,-,13:24:52,4970.0000,1,12,200,
close_window,2026-10-01T13:30:14.000+08:00,2026-10-01T13:30:14.000+08:00,2026-10-01T13:30:14.403+08:00,20261001,13:30:10,3512,otc,1240,茂生農經,20261001,-,-,13:25:17,16,-,-,13:01:42,54.1000,1,20,200,
close_window,2026-10-01T13:30:14.000+08:00,2026-10-01T13:30:14.000+08:00,2026-10-01T13:30:14.403+08:00,20261001,13:30:10,3512,otc,1781,合世,20261001,-,-,13:26:14,30,-,-,13:18:45,9.9900,1,20,200,
close_window,2026-10-01T13:30:14.000+08:00,2026-10-01T13:30:14.000+08:00,2026-10-01T13:30:14.403+08:00,20261001,13:30:10,3512,otc,1813,寶利徠,20261001,-,-,13:30:00,5,-,-,13:02:38,11.3000,2,20,200,
close_window,2026-10-01T13:30:14.000+08:00,2026-10-01T13:30:14.000+08:00,2026-10-01T13:30:14.403+08:00,20261001,13:30:10,3512,tse,1341,富林-KY,20261001,-,-,13:25:16,2,-,-,13:14:14,59.0000,1,20,200,
close_window,2026-10-01T13:30:14.000+08:00,2026-10-01T13:30:14.000+08:00,2026-10-01T13:30:14.403+08:00,20261001,13:30:10,3512,tse,1410,南染,20261001,24.1500,24.1500,13:30:00,39,2,2,13:30:00,24.1500,2,20,200,
close_window,2026-10-01T13:30:14.000+08:00,2026-10-01T13:30:14.000+08:00,2026-10-01T13:30:14.403+08:00,20261001,13:30:10,3512,tse,2317,鴻海,20261001,253.5000,253.5000,13:29:55,22988,1,1,13:24:59,253.5000,1,20,200,
close_window,2026-10-01T13:30:14.000+08:00,2026-10-01T13:30:14.000+08:00,2026-10-01T13:30:14.403+08:00,20261001,13:30:10,3512,tse,2330,台積電,20261001,-,2510.0000,13:29:57,14277,-,-,13:24:59,2505.0000,13,12,200,
close_window,2026-10-01T13:30:14.000+08:00,2026-10-01T13:30:14.000+08:00,2026-10-01T13:30:14.403+08:00,20261001,13:30:10,3512,tse,2454,聯發科,20261001,-,4985.0000,13:29:56,3472,-,-,13:24:52,4970.0000,1,12,200,
close_window,2026-10-01T13:30:15.000+08:00,2026-10-01T13:30:15.000+08:00,2026-10-01T13:30:16.428+08:00,20261001,13:30:14,1306,otc,1240,茂生農經,20261001,-,-,13:25:17,16,-,-,13:01:42,54.1000,1,20,200,
close_window,2026-10-01T13:30:15.000+08:00,2026-10-01T13:30:15.000+08:00,2026-10-01T13:30:16.428+08:00,20261001,13:30:14,1306,otc,1781,合世,20261001,-,-,13:26:14,30,-,-,13:18:45,9.9900,1,20,200,
close_window,2026-10-01T13:30:15.000+08:00,2026-10-01T13:30:15.000+08:00,2026-10-01T13:30:16.428+08:00,20261001,13:30:14,1306,otc,1813,寶利徠,20261001,-,-,13:30:00,5,-,-,13:02:38,11.3000,2,20,200,
close_window,2026-10-01T13:30:15.000+08:00,2026-10-01T13:30:15.000+08:00,2026-10-01T13:30:16.428+08:00,20261001,13:30:14,1306,tse,1341,富林-KY,20261001,-,-,13:25:16,2,-,-,13:14:14,59.0000,1,20,200,
close_window,2026-10-01T13:30:15.000+08:00,2026-10-01T13:30:15.000+08:00,2026-10-01T13:30:16.428+08:00,20261001,13:30:14,1306,tse,1410,南染,20261001,24.1500,24.1500,13:30:00,39,2,2,13:30:00,24.1500,2,20,200,
close_window,2026-10-01T13:30:15.000+08:00,2026-10-01T13:30:15.000+08:00,2026-10-01T13:30:16.428+08:00,20261001,13:30:14,1306,tse,2317,鴻海,20261001,253.5000,253.5000,13:29:55,22988,1,1,13:24:59,253.5000,1,20,200,
close_window,2026-10-01T13:30:15.000+08:00,2026-10-01T13:30:15.000+08:00,2026-10-01T13:30:16.428+08:00,20261001,13:30:14,1306,tse,2330,台積電,20261001,-,2510.0000,13:29:57,14277,-,-,13:24:59,2505.0000,13,12,200,
close_window,2026-10-01T13:30:15.000+08:00,2026-10-01T13:30:15.000+08:00,2026-10-01T13:30:16.428+08:00,20261001,13:30:14,1306,tse,2454,聯發科,20261001,-,4985.0000,13:29:56,3472,-,-,13:24:52,4970.0000,1,12,200,
close_window,2026-10-01T13:30:16.000+08:00,2026-10-01T13:30:16.000+08:00,2026-10-01T13:30:16.531+08:00,20261001,13:30:14,1914,otc,1240,茂生農經,20261001,-,-,13:25:17,16,-,-,13:01:42,54.1000,1,20,200,
close_window,2026-10-01T13:30:16.000+08:00,2026-10-01T13:30:16.000+08:00,2026-10-01T13:30:16.531+08:00,20261001,13:30:14,1914,otc,1781,合世,20261001,-,-,13:26:14,30,-,-,13:18:45,9.9900,1,20,200,
close_window,2026-10-01T13:30:16.000+08:00,2026-10-01T13:30:16.000+08:00,2026-10-01T13:30:16.531+08:00,20261001,13:30:14,1914,otc,1813,寶利徠,20261001,-,-,13:30:00,5,-,-,13:02:38,11.3000,2,20,200,
close_window,2026-10-01T13:30:16.000+08:00,2026-10-01T13:30:16.000+08:00,2026-10-01T13:30:16.531+08:00,20261001,13:30:14,1914,tse,1341,富林-KY,20261001,-,-,13:25:16,2,-,-,13:14:14,59.0000,1,20,200,
close_window,2026-10-01T13:30:16.000+08:00,2026-10-01T13:30:16.000+08:00,2026-10-01T13:30:16.531+08:00,20261001,13:30:14,1914,tse,1410,南染,20261001,24.1500,24.1500,13:30:00,39,2,2,13:30:00,24.1500,2,20,200,
close_window,2026-10-01T13:30:16.000+08:00,2026-10-01T13:30:16.000+08:00,2026-10-01T13:30:16.531+08:00,20261001,13:30:14,1914,tse,2317,鴻海,20261001,253.5000,253.5000,13:29:55,22988,1,1,13:24:59,253.5000,1,20,200,
close_window,2026-10-01T13:30:16.000+08:00,2026-10-01T13:30:16.000+08:00,2026-10-01T13:30:16.531+08:00,20261001,13:30:14,1914,tse,2330,台積電,20261001,-,2510.0000,13:29:57,14277,-,-,13:24:59,2505.0000,13,12,200,
close_window,2026-10-01T13:30:16.000+08:00,2026-10-01T13:30:16.000+08:00,2026-10-01T13:30:16.531+08:00,20261001,13:30:14,1914,tse,2454,聯發科,20261001,-,4985.0000,13:29:56,3472,-,-,13:24:52,4970.0000,1,12,200,
close_window,2026-10-01T13:30:17.000+08:00,2026-10-01T13:30:17.000+08:00,2026-10-01T13:30:17.560+08:00,20261001,13:30:14,2782,otc,1240,茂生農經,20261001,-,-,13:25:17,16,-,-,13:01:42,54.1000,1,20,200,
close_window,2026-10-01T13:30:17.000+08:00,2026-10-01T13:30:17.000+08:00,2026-10-01T13:30:17.560+08:00,20261001,13:30:14,2782,otc,1781,合世,20261001,-,-,13:26:14,30,-,-,13:18:45,9.9900,1,20,200,
close_window,2026-10-01T13:30:17.000+08:00,2026-10-01T13:30:17.000+08:00,2026-10-01T13:30:17.560+08:00,20261001,13:30:14,2782,otc,1813,寶利徠,20261001,-,-,13:30:00,5,-,-,13:02:38,11.3000,2,20,200,
close_window,2026-10-01T13:30:17.000+08:00,2026-10-01T13:30:17.000+08:00,2026-10-01T13:30:17.560+08:00,20261001,13:30:14,2782,tse,1341,富林-KY,20261001,-,-,13:25:16,2,-,-,13:14:14,59.0000,1,20,200,
close_window,2026-10-01T13:30:17.000+08:00,2026-10-01T13:30:17.000+08:00,2026-10-01T13:30:17.560+08:00,20261001,13:30:14,2782,tse,1410,南染,20261001,24.1500,24.1500,13:30:00,39,2,2,13:30:00,24.1500,2,20,200,
close_window,2026-10-01T13:30:17.000+08:00,2026-10-01T13:30:17.000+08:00,2026-10-01T13:30:17.560+08:00,20261001,13:30:14,2782,tse,2317,鴻海,20261001,253.5000,253.5000,13:29:55,22988,1,1,13:24:59,253.5000,1,20,200,
close_window,2026-10-01T13:30:17.000+08:00,2026-10-01T13:30:17.000+08:00,2026-10-01T13:30:17.560+08:00,20261001,13:30:14,2782,tse,2330,台積電,20261001,-,2510.0000,13:29:57,14277,-,-,13:24:59,2505.0000,13,12,200,
close_window,2026-10-01T13:30:17.000+08:00,2026-10-01T13:30:17.000+08:00,2026-10-01T13:30:17.560+08:00,20261001,13:30:14,2782,tse,2454,聯發科,20261001,-,4985.0000,13:29:56,3472,-,-,13:24:52,4970.0000,1,12,200,
close_window,2026-10-01T13:30:18.000+08:00,2026-10-01T13:30:18.000+08:00,2026-10-01T13:30:18.402+08:00,20261001,13:30:14,3785,otc,1240,茂生農經,20261001,-,-,13:25:17,16,-,-,13:01:42,54.1000,1,20,200,
close_window,2026-10-01T13:30:18.000+08:00,2026-10-01T13:30:18.000+08:00,2026-10-01T13:30:18.402+08:00,20261001,13:30:14,3785,otc,1781,合世,20261001,-,-,13:26:14,30,-,-,13:18:45,9.9900,1,20,200,
close_window,2026-10-01T13:30:18.000+08:00,2026-10-01T13:30:18.000+08:00,2026-10-01T13:30:18.402+08:00,20261001,13:30:14,3785,otc,1813,寶利徠,20261001,-,-,13:30:00,5,-,-,13:02:38,11.3000,2,20,200,
close_window,2026-10-01T13:30:18.000+08:00,2026-10-01T13:30:18.000+08:00,2026-10-01T13:30:18.402+08:00,20261001,13:30:14,3785,tse,1341,富林-KY,20261001,-,-,13:25:16,2,-,-,13:14:14,59.0000,1,20,200,
close_window,2026-10-01T13:30:18.000+08:00,2026-10-01T13:30:18.000+08:00,2026-10-01T13:30:18.402+08:00,20261001,13:30:14,3785,tse,1410,南染,20261001,24.1500,24.1500,13:30:00,39,2,2,13:30:00,24.1500,2,20,200,
close_window,2026-10-01T13:30:18.000+08:00,2026-10-01T13:30:18.000+08:00,2026-10-01T13:30:18.402+08:00,20261001,13:30:14,3785,tse,2317,鴻海,20261001,253.5000,253.5000,13:29:55,22988,1,1,13:24:59,253.5000,1,20,200,
close_window,2026-10-01T13:30:18.000+08:00,2026-10-01T13:30:18.000+08:00,2026-10-01T13:30:18.402+08:00,20261001,13:30:14,3785,tse,2330,台積電,20261001,-,2510.0000,13:29:57,14277,-,-,13:24:59,2505.0000,13,12,200,
close_window,2026-10-01T13:30:18.000+08:00,2026-10-01T13:30:18.000+08:00,2026-10-01T13:30:18.402+08:00,20261001,13:30:14,3785,tse,2454,聯發科,20261001,-,4985.0000,13:29:56,3472,-,-,13:24:52,4970.0000,1,12,200,
close_window,2026-10-01T13:30:19.000+08:00,2026-10-01T13:30:19.000+08:00,2026-10-01T13:30:19.402+08:00,20261001,13:30:18,806,otc,1240,茂生農經,20261001,-,-,13:25:17,16,-,-,13:01:42,54.1000,1,20,200,
close_window,2026-10-01T13:30:19.000+08:00,2026-10-01T13:30:19.000+08:00,2026-10-01T13:30:19.402+08:00,20261001,13:30:18,806,otc,1781,合世,20261001,-,-,13:26:14,30,-,-,13:18:45,9.9900,1,20,200,
close_window,2026-10-01T13:30:19.000+08:00,2026-10-01T13:30:19.000+08:00,2026-10-01T13:30:19.402+08:00,20261001,13:30:18,806,otc,1813,寶利徠,20261001,-,-,13:30:00,5,-,-,13:02:38,11.3000,2,20,200,
close_window,2026-10-01T13:30:19.000+08:00,2026-10-01T13:30:19.000+08:00,2026-10-01T13:30:19.402+08:00,20261001,13:30:18,806,tse,1341,富林-KY,20261001,-,-,13:25:16,2,-,-,13:14:14,59.0000,1,20,200,
close_window,2026-10-01T13:30:19.000+08:00,2026-10-01T13:30:19.000+08:00,2026-10-01T13:30:19.402+08:00,20261001,13:30:18,806,tse,1410,南染,20261001,24.1500,24.1500,13:30:00,39,2,2,13:30:00,24.1500,2,20,200,
close_window,2026-10-01T13:30:19.000+08:00,2026-10-01T13:30:19.000+08:00,2026-10-01T13:30:19.402+08:00,20261001,13:30:18,806,tse,2317,鴻海,20261001,253.5000,253.5000,13:29:55,22988,1,1,13:24:59,253.5000,1,20,200,
close_window,2026-10-01T13:30:19.000+08:00,2026-10-01T13:30:19.000+08:00,2026-10-01T13:30:19.402+08:00,20261001,13:30:18,806,tse,2330,台積電,20261001,-,2510.0000,13:29:57,14277,-,-,13:24:59,2505.0000,13,12,200,
close_window,2026-10-01T13:30:19.000+08:00,2026-10-01T13:30:19.000+08:00,2026-10-01T13:30:19.402+08:00,20261001,13:30:18,806,tse,2454,聯發科,20261001,4980.0000,4985.0000,13:30:00,3863,391,391,13:30:00,4980.0000,391,20,200,
close_window,2026-10-01T13:30:20.000+08:00,2026-10-01T13:30:20.000+08:00,2026-10-01T13:30:20.405+08:00,20261001,13:30:18,1809,otc,1240,茂生農經,20261001,-,-,13:25:17,16,-,-,13:01:42,54.1000,1,20,200,
close_window,2026-10-01T13:30:20.000+08:00,2026-10-01T13:30:20.000+08:00,2026-10-01T13:30:20.405+08:00,20261001,13:30:18,1809,otc,1781,合世,20261001,-,-,13:26:14,30,-,-,13:18:45,9.9900,1,20,200,
close_window,2026-10-01T13:30:20.000+08:00,2026-10-01T13:30:20.000+08:00,2026-10-01T13:30:20.405+08:00,20261001,13:30:18,1809,otc,1813,寶利徠,20261001,-,-,13:30:00,5,-,-,13:02:38,11.3000,2,20,200,
close_window,2026-10-01T13:30:20.000+08:00,2026-10-01T13:30:20.000+08:00,2026-10-01T13:30:20.405+08:00,20261001,13:30:18,1809,tse,1341,富林-KY,20261001,-,-,13:25:16,2,-,-,13:14:14,59.0000,1,20,200,
close_window,2026-10-01T13:30:20.000+08:00,2026-10-01T13:30:20.000+08:00,2026-10-01T13:30:20.405+08:00,20261001,13:30:18,1809,tse,1410,南染,20261001,24.1500,24.1500,13:30:00,39,2,2,13:30:00,24.1500,2,20,200,
close_window,2026-10-01T13:30:20.000+08:00,2026-10-01T13:30:20.000+08:00,2026-10-01T13:30:20.405+08:00,20261001,13:30:18,1809,tse,2317,鴻海,20261001,253.5000,253.5000,13:29:55,22988,1,1,13:24:59,253.5000,1,20,200,
close_window,2026-10-01T13:30:20.000+08:00,2026-10-01T13:30:20.000+08:00,2026-10-01T13:30:20.405+08:00,20261001,13:30:18,1809,tse,2330,台積電,20261001,-,2510.0000,13:29:57,14277,-,-,13:24:59,2505.0000,13,12,200,
close_window,2026-10-01T13:30:20.000+08:00,2026-10-01T13:30:20.000+08:00,2026-10-01T13:30:20.405+08:00,20261001,13:30:18,1809,tse,2454,聯發科,20261001,4980.0000,4985.0000,13:30:00,3863,391,391,13:30:00,4980.0000,391,20,200,
close_window,2026-10-01T13:30:21.000+08:00,2026-10-01T13:30:21.000+08:00,2026-10-01T13:30:21.531+08:00,20261001,13:30:18,2934,otc,1240,茂生農經,20261001,-,-,13:25:17,16,-,-,13:01:42,54.1000,1,20,200,
close_window,2026-10-01T13:30:21.000+08:00,2026-10-01T13:30:21.000+08:00,2026-10-01T13:30:21.531+08:00,20261001,13:30:18,2934,otc,1781,合世,20261001,-,-,13:26:14,30,-,-,13:18:45,9.9900,1,20,200,
close_window,2026-10-01T13:30:21.000+08:00,2026-10-01T13:30:21.000+08:00,2026-10-01T13:30:21.531+08:00,20261001,13:30:18,2934,otc,1813,寶利徠,20261001,-,-,13:30:00,5,-,-,13:02:38,11.3000,2,20,200,
close_window,2026-10-01T13:30:21.000+08:00,2026-10-01T13:30:21.000+08:00,2026-10-01T13:30:21.531+08:00,20261001,13:30:18,2934,tse,1341,富林-KY,20261001,-,-,13:25:16,2,-,-,13:14:14,59.0000,1,20,200,
close_window,2026-10-01T13:30:21.000+08:00,2026-10-01T13:30:21.000+08:00,2026-10-01T13:30:21.531+08:00,20261001,13:30:18,2934,tse,1410,南染,20261001,24.1500,24.1500,13:30:00,39,2,2,13:30:00,24.1500,2,20,200,
close_window,2026-10-01T13:30:21.000+08:00,2026-10-01T13:30:21.000+08:00,2026-10-01T13:30:21.531+08:00,20261001,13:30:18,2934,tse,2317,鴻海,20261001,253.5000,253.5000,13:29:55,22988,1,1,13:24:59,253.5000,1,20,200,
close_window,2026-10-01T13:30:21.000+08:00,2026-10-01T13:30:21.000+08:00,2026-10-01T13:30:21.531+08:00,20261001,13:30:18,2934,tse,2330,台積電,20261001,-,2510.0000,13:29:57,14277,-,-,13:24:59,2505.0000,13,12,200,
close_window,2026-10-01T13:30:21.000+08:00,2026-10-01T13:30:21.000+08:00,2026-10-01T13:30:21.531+08:00,20261001,13:30:18,2934,tse,2454,聯發科,20261001,4980.0000,4985.0000,13:30:00,3863,391,391,13:30:00,4980.0000,391,20,200,
close_window,2026-10-01T13:30:22.000+08:00,2026-10-01T13:30:22.000+08:00,2026-10-01T13:30:22.865+08:00,20261001,13:30:22,,otc,1240,茂生農經,20261001,-,-,13:25:17,16,-,-,13:01:42,54.1000,1,20,200,
close_window,2026-10-01T13:30:22.000+08:00,2026-10-01T13:30:22.000+08:00,2026-10-01T13:30:22.865+08:00,20261001,13:30:22,,otc,1781,合世,20261001,-,-,13:30:00,30,-,-,13:18:45,9.9900,1,20,200,
close_window,2026-10-01T13:30:22.000+08:00,2026-10-01T13:30:22.000+08:00,2026-10-01T13:30:22.865+08:00,20261001,13:30:22,,otc,1813,寶利徠,20261001,-,-,13:30:00,5,-,-,13:02:38,11.3000,2,20,200,
close_window,2026-10-01T13:30:22.000+08:00,2026-10-01T13:30:22.000+08:00,2026-10-01T13:30:22.865+08:00,20261001,13:30:22,,tse,1341,富林-KY,20261001,-,-,13:25:16,2,-,-,13:14:14,59.0000,1,20,200,
close_window,2026-10-01T13:30:22.000+08:00,2026-10-01T13:30:22.000+08:00,2026-10-01T13:30:22.865+08:00,20261001,13:30:22,,tse,1410,南染,20261001,24.1500,24.1500,13:30:00,39,2,2,13:30:00,24.1500,2,20,200,
close_window,2026-10-01T13:30:22.000+08:00,2026-10-01T13:30:22.000+08:00,2026-10-01T13:30:22.865+08:00,20261001,13:30:22,,tse,2317,鴻海,20261001,253.5000,253.5000,13:29:55,22988,1,1,13:24:59,253.5000,1,20,200,
close_window,2026-10-01T13:30:22.000+08:00,2026-10-01T13:30:22.000+08:00,2026-10-01T13:30:22.865+08:00,20261001,13:30:22,,tse,2330,台積電,20261001,-,2510.0000,13:29:57,14277,-,-,13:24:59,2505.0000,13,12,200,
close_window,2026-10-01T13:30:22.000+08:00,2026-10-01T13:30:22.000+08:00,2026-10-01T13:30:22.865+08:00,20261001,13:30:22,,tse,2454,聯發科,20261001,-,4985.0000,13:29:56,3472,-,-,13:24:52,4970.0000,1,12,200,
close_window,2026-10-01T13:30:23.000+08:00,2026-10-01T13:30:23.000+08:00,2026-10-01T13:30:23.416+08:00,20261001,13:30:22,548,otc,1240,茂生農經,20261001,-,-,13:25:17,16,-,-,13:01:42,54.1000,1,20,200,
close_window,2026-10-01T13:30:23.000+08:00,2026-10-01T13:30:23.000+08:00,2026-10-01T13:30:23.416+08:00,20261001,13:30:22,548,otc,1781,合世,20261001,-,-,13:30:00,30,-,-,13:18:45,9.9900,1,20,200,
close_window,2026-10-01T13:30:23.000+08:00,2026-10-01T13:30:23.000+08:00,2026-10-01T13:30:23.416+08:00,20261001,13:30:22,548,otc,1813,寶利徠,20261001,-,-,13:30:00,5,-,-,13:02:38,11.3000,2,20,200,
close_window,2026-10-01T13:30:23.000+08:00,2026-10-01T13:30:23.000+08:00,2026-10-01T13:30:23.416+08:00,20261001,13:30:22,548,tse,1341,富林-KY,20261001,-,-,13:25:16,2,-,-,13:14:14,59.0000,1,20,200,
close_window,2026-10-01T13:30:23.000+08:00,2026-10-01T13:30:23.000+08:00,2026-10-01T13:30:23.416+08:00,20261001,13:30:22,548,tse,1410,南染,20261001,24.1500,24.1500,13:30:00,39,2,2,13:30:00,24.1500,2,20,200,
close_window,2026-10-01T13:30:23.000+08:00,2026-10-01T13:30:23.000+08:00,2026-10-01T13:30:23.416+08:00,20261001,13:30:22,548,tse,2317,鴻海,20261001,253.5000,253.5000,13:29:55,22988,1,1,13:24:59,253.5000,1,20,200,
close_window,2026-10-01T13:30:23.000+08:00,2026-10-01T13:30:23.000+08:00,2026-10-01T13:30:23.416+08:00,20261001,13:30:22,548,tse,2330,台積電,20261001,-,2510.0000,13:29:57,14277,-,-,13:24:59,2505.0000,13,12,200,
close_window,2026-10-01T13:30:23.000+08:00,2026-10-01T13:30:23.000+08:00,2026-10-01T13:30:23.416+08:00,20261001,13:30:22,548,tse,2454,聯發科,20261001,-,4985.0000,13:29:56,3472,-,-,13:24:52,4970.0000,1,12,200,
close_window,2026-10-01T13:30:24.000+08:00,2026-10-01T13:30:24.000+08:00,2026-10-01T13:30:24.404+08:00,20261001,13:30:22,1541,otc,1240,茂生農經,20261001,-,-,13:25:17,16,-,-,13:01:42,54.1000,1,20,200,
close_window,2026-10-01T13:30:24.000+08:00,2026-10-01T13:30:24.000+08:00,2026-10-01T13:30:24.404+08:00,20261001,13:30:22,1541,otc,1781,合世,20261001,-,-,13:30:00,30,-,-,13:18:45,9.9900,1,20,200,
close_window,2026-10-01T13:30:24.000+08:00,2026-10-01T13:30:24.000+08:00,2026-10-01T13:30:24.404+08:00,20261001,13:30:22,1541,otc,1813,寶利徠,20261001,-,-,13:30:00,5,-,-,13:02:38,11.3000,2,20,200,
close_window,2026-10-01T13:30:24.000+08:00,2026-10-01T13:30:24.000+08:00,2026-10-01T13:30:24.404+08:00,20261001,13:30:22,1541,tse,1341,富林-KY,20261001,-,-,13:25:16,2,-,-,13:14:14,59.0000,1,20,200,
close_window,2026-10-01T13:30:24.000+08:00,2026-10-01T13:30:24.000+08:00,2026-10-01T13:30:24.404+08:00,20261001,13:30:22,1541,tse,1410,南染,20261001,24.1500,24.1500,13:30:00,39,2,2,13:30:00,24.1500,2,20,200,
close_window,2026-10-01T13:30:24.000+08:00,2026-10-01T13:30:24.000+08:00,2026-10-01T13:30:24.404+08:00,20261001,13:30:22,1541,tse,2317,鴻海,20261001,253.5000,253.5000,13:29:55,22988,1,1,13:24:59,253.5000,1,20,200,
close_window,2026-10-01T13:30:24.000+08:00,2026-10-01T13:30:24.000+08:00,2026-10-01T13:30:24.404+08:00,20261001,13:30:22,1541,tse,2330,台積電,20261001,-,2510.0000,13:29:57,14277,-,-,13:24:59,2505.0000,13,12,200,
close_window,2026-10-01T13:30:24.000+08:00,2026-10-01T13:30:24.000+08:00,2026-10-01T13:30:24.404+08:00,20261001,13:30:22,1541,tse,2454,聯發科,20261001,-,4985.0000,13:29:56,3472,-,-,13:24:52,4970.0000,1,12,200,
close_window,2026-10-01T13:30:25.000+08:00,2026-10-01T13:30:25.000+08:00,2026-10-01T13:30:25.411+08:00,20261001,13:30:22,2546,otc,1240,茂生農經,20261001,-,-,13:25:17,16,-,-,13:01:42,54.1000,1,20,200,
close_window,2026-10-01T13:30:25.000+08:00,2026-10-01T13:30:25.000+08:00,2026-10-01T13:30:25.411+08:00,20261001,13:30:22,2546,otc,1781,合世,20261001,-,-,13:30:00,30,-,-,13:18:45,9.9900,1,20,200,
close_window,2026-10-01T13:30:25.000+08:00,2026-10-01T13:30:25.000+08:00,2026-10-01T13:30:25.411+08:00,20261001,13:30:22,2546,otc,1813,寶利徠,20261001,-,-,13:30:00,5,-,-,13:02:38,11.3000,2,20,200,
close_window,2026-10-01T13:30:25.000+08:00,2026-10-01T13:30:25.000+08:00,2026-10-01T13:30:25.411+08:00,20261001,13:30:22,2546,tse,1341,富林-KY,20261001,-,-,13:25:16,2,-,-,13:14:14,59.0000,1,20,200,
close_window,2026-10-01T13:30:25.000+08:00,2026-10-01T13:30:25.000+08:00,2026-10-01T13:30:25.411+08:00,20261001,13:30:22,2546,tse,1410,南染,20261001,24.1500,24.1500,13:30:00,39,2,2,13:30:00,24.1500,2,20,200,
close_window,2026-10-01T13:30:25.000+08:00,2026-10-01T13:30:25.000+08:00,2026-10-01T13:30:25.411+08:00,20261001,13:30:22,2546,tse,2317,鴻海,20261001,253.5000,253.5000,13:29:55,22988,1,1,13:24:59,253.5000,1,20,200,
close_window,2026-10-01T13:30:25.000+08:00,2026-10-01T13:30:25.000+08:00,2026-10-01T13:30:25.411+08:00,20261001,13:30:22,2546,tse,2330,台積電,20261001,-,2510.0000,13:29:57,14277,-,-,13:24:59,2505.0000,13,12,200,
close_window,2026-10-01T13:30:25.000+08:00,2026-10-01T13:30:25.000+08:00,2026-10-01T13:30:25.411+08:00,20261001,13:30:22,2546,tse,2454,聯發科,20261001,-,4985.0000,13:29:56,3472,-,-,13:24:52,4970.0000,1,12,200,
close_window,2026-10-01T13:30:26.000+08:00,2026-10-01T13:30:26.000+08:00,2026-10-01T13:30:26.415+08:00,20261001,13:30:22,3549,otc,1240,茂生農經,20261001,-,-,13:25:17,16,-,-,13:01:42,54.1000,1,20,200,
close_window,2026-10-01T13:30:26.000+08:00,2026-10-01T13:30:26.000+08:00,2026-10-01T13:30:26.415+08:00,20261001,13:30:22,3549,otc,1781,合世,20261001,-,-,13:30:00,30,-,-,13:18:45,9.9900,1,20,200,
close_window,2026-10-01T13:30:26.000+08:00,2026-10-01T13:30:26.000+08:00,2026-10-01T13:30:26.415+08:00,20261001,13:30:22,3549,otc,1813,寶利徠,20261001,-,-,13:30:00,5,-,-,13:02:38,11.3000,2,20,200,
close_window,2026-10-01T13:30:26.000+08:00,2026-10-01T13:30:26.000+08:00,2026-10-01T13:30:26.415+08:00,20261001,13:30:22,3549,tse,1341,富林-KY,20261001,-,-,13:25:16,2,-,-,13:14:14,59.0000,1,20,200,
close_window,2026-10-01T13:30:26.000+08:00,2026-10-01T13:30:26.000+08:00,2026-10-01T13:30:26.415+08:00,20261001,13:30:22,3549,tse,1410,南染,20261001,24.1500,24.1500,13:30:00,39,2,2,13:30:00,24.1500,2,20,200,
close_window,2026-10-01T13:30:26.000+08:00,2026-10-01T13:30:26.000+08:00,2026-10-01T13:30:26.415+08:00,20261001,13:30:22,3549,tse,2317,鴻海,20261001,253.5000,253.5000,13:29:55,22988,1,1,13:24:59,253.5000,1,20,200,
close_window,2026-10-01T13:30:26.000+08:00,2026-10-01T13:30:26.000+08:00,2026-10-01T13:30:26.415+08:00,20261001,13:30:22,3549,tse,2330,台積電,20261001,-,2510.0000,13:29:57,14277,-,-,13:24:59,2505.0000,13,12,200,
close_window,2026-10-01T13:30:26.000+08:00,2026-10-01T13:30:26.000+08:00,2026-10-01T13:30:26.415+08:00,20261001,13:30:22,3549,tse,2454,聯發科,20261001,-,4985.0000,13:29:56,3472,-,-,13:24:52,4970.0000,1,12,200,
close_window,2026-10-01T13:30:27.000+08:00,2026-10-01T13:30:27.000+08:00,2026-10-01T13:30:27.969+08:00,20261001,13:30:22,4549,otc,1240,茂生農經,20261001,-,-,13:25:17,16,-,-,13:01:42,54.1000,1,20,200,
close_window,2026-10-01T13:30:27.000+08:00,2026-10-01T13:30:27.000+08:00,2026-10-01T13:30:27.969+08:00,20261001,13:30:22,4549,otc,1781,合世,20261001,-,-,13:30:00,30,-,-,13:18:45,9.9900,1,20,200,
close_window,2026-10-01T13:30:27.000+08:00,2026-10-01T13:30:27.000+08:00,2026-10-01T13:30:27.969+08:00,20261001,13:30:22,4549,otc,1813,寶利徠,20261001,-,-,13:30:00,5,-,-,13:02:38,11.3000,2,20,200,
close_window,2026-10-01T13:30:27.000+08:00,2026-10-01T13:30:27.000+08:00,2026-10-01T13:30:27.969+08:00,20261001,13:30:22,4549,tse,1341,富林-KY,20261001,-,-,13:25:16,2,-,-,13:14:14,59.0000,1,20,200,
close_window,2026-10-01T13:30:27.000+08:00,2026-10-01T13:30:27.000+08:00,2026-10-01T13:30:27.969+08:00,20261001,13:30:22,4549,tse,1410,南染,20261001,24.1500,24.1500,13:30:00,39,2,2,13:30:00,24.1500,2,20,200,
close_window,2026-10-01T13:30:27.000+08:00,2026-10-01T13:30:27.000+08:00,2026-10-01T13:30:27.969+08:00,20261001,13:30:22,4549,tse,2317,鴻海,20261001,253.5000,253.5000,13:29:55,22988,1,1,13:24:59,253.5000,1,20,200,
close_window,2026-10-01T13:30:27.000+08:00,2026-10-01T13:30:27.000+08:00,2026-10-01T13:30:27.969+08:00,20261001,13:30:22,4549,tse,2330,台積電,20261001,-,2510.0000,13:29:57,14277,-,-,13:24:59,2505.0000,13,12,200,
close_window,2026-10-01T13:30:27.000+08:00,2026-10-01T13:30:27.000+08:00,2026-10-01T13:30:27.969+08:00,20261001,13:30:22,4549,tse,2454,聯發科,20261001,-,4985.0000,13:29:56,3472,-,-,13:24:52,4970.0000,1,12,200,
close_window,2026-10-01T13:30:28.000+08:00,2026-10-01T13:30:28.000+08:00,2026-10-01T13:30:28.407+08:00,20261001,13:30:22,5542,otc,1240,茂生農經,20261001,-,-,13:25:17,16,-,-,13:01:42,54.1000,1,20,200,
close_window,2026-10-01T13:30:28.000+08:00,2026-10-01T13:30:28.000+08:00,2026-10-01T13:30:28.407+08:00,20261001,13:30:22,5542,otc,1781,合世,20261001,-,-,13:30:00,30,-,-,13:18:45,9.9900,1,20,200,
close_window,2026-10-01T13:30:28.000+08:00,2026-10-01T13:30:28.000+08:00,2026-10-01T13:30:28.407+08:00,20261001,13:30:22,5542,otc,1813,寶利徠,20261001,-,-,13:30:00,5,-,-,13:02:38,11.3000,2,20,200,
close_window,2026-10-01T13:30:28.000+08:00,2026-10-01T13:30:28.000+08:00,2026-10-01T13:30:28.407+08:00,20261001,13:30:22,5542,tse,1341,富林-KY,20261001,-,-,13:25:16,2,-,-,13:14:14,59.0000,1,20,200,
close_window,2026-10-01T13:30:28.000+08:00,2026-10-01T13:30:28.000+08:00,2026-10-01T13:30:28.407+08:00,20261001,13:30:22,5542,tse,1410,南染,20261001,24.1500,24.1500,13:30:00,39,2,2,13:30:00,24.1500,2,20,200,
close_window,2026-10-01T13:30:28.000+08:00,2026-10-01T13:30:28.000+08:00,2026-10-01T13:30:28.407+08:00,20261001,13:30:22,5542,tse,2317,鴻海,20261001,253.5000,253.5000,13:29:55,22988,1,1,13:24:59,253.5000,1,20,200,
close_window,2026-10-01T13:30:28.000+08:00,2026-10-01T13:30:28.000+08:00,2026-10-01T13:30:28.407+08:00,20261001,13:30:22,5542,tse,2330,台積電,20261001,-,2510.0000,13:29:57,14277,-,-,13:24:59,2505.0000,13,12,200,
close_window,2026-10-01T13:30:28.000+08:00,2026-10-01T13:30:28.000+08:00,2026-10-01T13:30:28.407+08:00,20261001,13:30:22,5542,tse,2454,聯發科,20261001,-,4985.0000,13:29:56,3472,-,-,13:24:52,4970.0000,1,12,200,
close_window,2026-10-01T13:30:29.000+08:00,2026-10-01T13:30:29.000+08:00,2026-10-01T13:30:29.408+08:00,20261001,13:30:22,6543,otc,1240,茂生農經,20261001,-,-,13:25:17,16,-,-,13:01:42,54.1000,1,20,200,
close_window,2026-10-01T13:30:29.000+08:00,2026-10-01T13:30:29.000+08:00,2026-10-01T13:30:29.408+08:00,20261001,13:30:22,6543,otc,1781,合世,20261001,-,-,13:30:00,30,-,-,13:18:45,9.9900,1,20,200,
close_window,2026-10-01T13:30:29.000+08:00,2026-10-01T13:30:29.000+08:00,2026-10-01T13:30:29.408+08:00,20261001,13:30:22,6543,otc,1813,寶利徠,20261001,-,-,13:30:00,5,-,-,13:02:38,11.3000,2,20,200,
close_window,2026-10-01T13:30:29.000+08:00,2026-10-01T13:30:29.000+08:00,2026-10-01T13:30:29.408+08:00,20261001,13:30:22,6543,tse,1341,富林-KY,20261001,-,-,13:25:16,2,-,-,13:14:14,59.0000,1,20,200,
close_window,2026-10-01T13:30:29.000+08:00,2026-10-01T13:30:29.000+08:00,2026-10-01T13:30:29.408+08:00,20261001,13:30:22,6543,tse,1410,南染,20261001,24.1500,24.1500,13:30:00,39,2,2,13:30:00,24.1500,2,20,200,
close_window,2026-10-01T13:30:29.000+08:00,2026-10-01T13:30:29.000+08:00,2026-10-01T13:30:29.408+08:00,20261001,13:30:22,6543,tse,2317,鴻海,20261001,253.5000,253.5000,13:29:55,22988,1,1,13:24:59,253.5000,1,20,200,
close_window,2026-10-01T13:30:29.000+08:00,2026-10-01T13:30:29.000+08:00,2026-10-01T13:30:29.408+08:00,20261001,13:30:22,6543,tse,2330,台積電,20261001,-,2510.0000,13:29:57,14277,-,-,13:24:59,2505.0000,13,12,200,
close_window,2026-10-01T13:30:29.000+08:00,2026-10-01T13:30:29.000+08:00,2026-10-01T13:30:29.408+08:00,20261001,13:30:22,6543,tse,2454,聯發科,20261001,-,4985.0000,13:29:56,3472,-,-,13:24:52,4970.0000,1,12,200,
close_window,2026-10-01T13:30:30.000+08:00,2026-10-01T13:30:30.000+08:00,2026-10-01T13:30:30.407+08:00,20261001,13:30:22,7543,otc,1240,茂生農經,20261001,-,-,13:25:17,16,-,-,13:01:42,54.1000,1,20,200,
close_window,2026-10-01T13:30:30.000+08:00,2026-10-01T13:30:30.000+08:00,2026-10-01T13:30:30.407+08:00,20261001,13:30:22,7543,otc,1781,合世,20261001,-,-,13:30:00,30,-,-,13:18:45,9.9900,1,20,200,
close_window,2026-10-01T13:30:30.000+08:00,2026-10-01T13:30:30.000+08:00,2026-10-01T13:30:30.407+08:00,20261001,13:30:22,7543,otc,1813,寶利徠,20261001,-,-,13:30:00,5,-,-,13:02:38,11.3000,2,20,200,
close_window,2026-10-01T13:30:30.000+08:00,2026-10-01T13:30:30.000+08:00,2026-10-01T13:30:30.407+08:00,20261001,13:30:22,7543,tse,1341,富林-KY,20261001,-,-,13:25:16,2,-,-,13:14:14,59.0000,1,20,200,
close_window,2026-10-01T13:30:30.000+08:00,2026-10-01T13:30:30.000+08:00,2026-10-01T13:30:30.407+08:00,20261001,13:30:22,7543,tse,1410,南染,20261001,24.1500,24.1500,13:30:00,39,2,2,13:30:00,24.1500,2,20,200,
close_window,2026-10-01T13:30:30.000+08:00,2026-10-01T13:30:30.000+08:00,2026-10-01T13:30:30.407+08:00,20261001,13:30:22,7543,tse,2317,鴻海,20261001,253.5000,253.5000,13:29:55,22988,1,1,13:24:59,253.5000,1,20,200,
close_window,2026-10-01T13:30:30.000+08:00,2026-10-01T13:30:30.000+08:00,2026-10-01T13:30:30.407+08:00,20261001,13:30:22,7543,tse,2330,台積電,20261001,-,2510.0000,13:29:57,14277,-,-,13:24:59,2505.0000,13,12,200,
close_window,2026-10-01T13:30:30.000+08:00,2026-10-01T13:30:30.000+08:00,2026-10-01T13:30:30.407+08:00,20261001,13:30:22,7543,tse,2454,聯發科,20261001,-,4985.0000,13:29:56,3472,-,-,13:24:52,4970.0000,1,12,200,
close_window,2026-10-01T13:30:31.000+08:00,2026-10-01T13:30:31.000+08:00,2026-10-01T13:30:31.411+08:00,20261001,13:30:22,8545,otc,1240,茂生農經,20261001,-,-,13:25:17,16,-,-,13:01:42,54.1000,1,20,200,
close_window,2026-10-01T13:30:31.000+08:00,2026-10-01T13:30:31.000+08:00,2026-10-01T13:30:31.411+08:00,20261001,13:30:22,8545,otc,1781,合世,20261001,-,-,13:30:00,30,-,-,13:18:45,9.9900,1,20,200,
close_window,2026-10-01T13:30:31.000+08:00,2026-10-01T13:30:31.000+08:00,2026-10-01T13:30:31.411+08:00,20261001,13:30:22,8545,otc,1813,寶利徠,20261001,-,-,13:30:00,5,-,-,13:02:38,11.3000,2,20,200,
close_window,2026-10-01T13:30:31.000+08:00,2026-10-01T13:30:31.000+08:00,2026-10-01T13:30:31.411+08:00,20261001,13:30:22,8545,tse,1341,富林-KY,20261001,-,-,13:25:16,2,-,-,13:14:14,59.0000,1,20,200,
close_window,2026-10-01T13:30:31.000+08:00,2026-10-01T13:30:31.000+08:00,2026-10-01T13:30:31.411+08:00,20261001,13:30:22,8545,tse,1410,南染,20261001,24.1500,24.1500,13:30:00,39,2,2,13:30:00,24.1500,2,20,200,
close_window,2026-10-01T13:30:31.000+08:00,2026-10-01T13:30:31.000+08:00,2026-10-01T13:30:31.411+08:00,20261001,13:30:22,8545,tse,2317,鴻海,20261001,253.5000,253.5000,13:29:55,22988,1,1,13:24:59,253.5000,1,20,200,
close_window,2026-10-01T13:30:31.000+08:00,2026-10-01T13:30:31.000+08:00,2026-10-01T13:30:31.411+08:00,20261001,13:30:22,8545,tse,2330,台積電,20261001,-,2510.0000,13:29:57,14277,-,-,13:24:59,2505.0000,13,12,200,
close_window,2026-10-01T13:30:31.000+08:00,2026-10-01T13:30:31.000+08:00,2026-10-01T13:30:31.411+08:00,20261001,13:30:22,8545,tse,2454,聯發科,20261001,-,4985.0000,13:29:56,3472,-,-,13:24:52,4970.0000,1,12,200,
close_window,2026-10-01T13:30:32.000+08:00,2026-10-01T13:30:32.000+08:00,2026-10-01T13:30:32.411+08:00,20261001,13:30:22,9547,otc,1240,茂生農經,20261001,-,-,13:25:17,16,-,-,13:01:42,54.1000,1,20,200,
close_window,2026-10-01T13:30:32.000+08:00,2026-10-01T13:30:32.000+08:00,2026-10-01T13:30:32.411+08:00,20261001,13:30:22,9547,otc,1781,合世,20261001,-,-,13:30:00,30,-,-,13:18:45,9.9900,1,20,200,
close_window,2026-10-01T13:30:32.000+08:00,2026-10-01T13:30:32.000+08:00,2026-10-01T13:30:32.411+08:00,20261001,13:30:22,9547,otc,1813,寶利徠,20261001,-,-,13:30:00,5,-,-,13:02:38,11.3000,2,20,200,
close_window,2026-10-01T13:30:32.000+08:00,2026-10-01T13:30:32.000+08:00,2026-10-01T13:30:32.411+08:00,20261001,13:30:22,9547,tse,1341,富林-KY,20261001,-,-,13:25:16,2,-,-,13:14:14,59.0000,1,20,200,
close_window,2026-10-01T13:30:32.000+08:00,2026-10-01T13:30:32.000+08:00,2026-10-01T13:30:32.411+08:00,20261001,13:30:22,9547,tse,1410,南染,20261001,24.1500,24.1500,13:30:00,39,2,2,13:30:00,24.1500,2,20,200,
close_window,2026-10-01T13:30:32.000+08:00,2026-10-01T13:30:32.000+08:00,2026-10-01T13:30:32.411+08:00,20261001,13:30:22,9547,tse,2317,鴻海,20261001,253.5000,253.5000,13:29:55,22988,1,1,13:24:59,253.5000,1,20,200,
close_window,2026-10-01T13:30:32.000+08:00,2026-10-01T13:30:32.000+08:00,2026-10-01T13:30:32.411+08:00,20261001,13:30:22,9547,tse,2330,台積電,20261001,-,2510.0000,13:29:57,14277,-,-,13:24:59,2505.0000,13,12,200,
close_window,2026-10-01T13:30:32.000+08:00,2026-10-01T13:30:32.000+08:00,2026-10-01T13:30:32.411+08:00,20261001,13:30:22,9547,tse,2454,聯發科,20261001,-,4985.0000,13:29:56,3472,-,-,13:24:52,4970.0000,1,12,200,
close_window,2026-10-01T13:30:33.000+08:00,2026-10-01T13:30:33.000+08:00,2026-10-01T13:30:34.133+08:00,20261001,13:30:22,11268,otc,1240,茂生農經,20261001,-,-,13:25:17,16,-,-,13:01:42,54.1000,1,20,200,
close_window,2026-10-01T13:30:33.000+08:00,2026-10-01T13:30:33.000+08:00,2026-10-01T13:30:34.133+08:00,20261001,13:30:22,11268,otc,1781,合世,20261001,-,-,13:30:00,30,-,-,13:18:45,9.9900,1,20,200,
close_window,2026-10-01T13:30:33.000+08:00,2026-10-01T13:30:33.000+08:00,2026-10-01T13:30:34.133+08:00,20261001,13:30:22,11268,otc,1813,寶利徠,20261001,-,-,13:30:00,5,-,-,13:02:38,11.3000,2,20,200,
close_window,2026-10-01T13:30:33.000+08:00,2026-10-01T13:30:33.000+08:00,2026-10-01T13:30:34.133+08:00,20261001,13:30:22,11268,tse,1341,富林-KY,20261001,-,-,13:25:16,2,-,-,13:14:14,59.0000,1,20,200,
close_window,2026-10-01T13:30:33.000+08:00,2026-10-01T13:30:33.000+08:00,2026-10-01T13:30:34.133+08:00,20261001,13:30:22,11268,tse,1410,南染,20261001,24.1500,24.1500,13:30:00,39,2,2,13:30:00,24.1500,2,20,200,
close_window,2026-10-01T13:30:33.000+08:00,2026-10-01T13:30:33.000+08:00,2026-10-01T13:30:34.133+08:00,20261001,13:30:22,11268,tse,2317,鴻海,20261001,253.5000,253.5000,13:29:55,22988,1,1,13:24:59,253.5000,1,20,200,
close_window,2026-10-01T13:30:33.000+08:00,2026-10-01T13:30:33.000+08:00,2026-10-01T13:30:34.133+08:00,20261001,13:30:22,11268,tse,2330,台積電,20261001,-,2510.0000,13:29:57,14277,-,-,13:24:59,2505.0000,13,12,200,
close_window,2026-10-01T13:30:33.000+08:00,2026-10-01T13:30:33.000+08:00,2026-10-01T13:30:34.133+08:00,20261001,13:30:22,11268,tse,2454,聯發科,20261001,-,4985.0000,13:29:56,3472,-,-,13:24:52,4970.0000,1,12,200,
close_window,2026-10-01T13:30:34.000+08:00,2026-10-01T13:30:34.000+08:00,2026-10-01T13:30:34.408+08:00,20261001,13:30:22,11545,otc,1240,茂生農經,20261001,-,-,13:25:17,16,-,-,13:01:42,54.1000,1,20,200,
close_window,2026-10-01T13:30:34.000+08:00,2026-10-01T13:30:34.000+08:00,2026-10-01T13:30:34.408+08:00,20261001,13:30:22,11545,otc,1781,合世,20261001,-,-,13:30:00,30,-,-,13:18:45,9.9900,1,20,200,
close_window,2026-10-01T13:30:34.000+08:00,2026-10-01T13:30:34.000+08:00,2026-10-01T13:30:34.408+08:00,20261001,13:30:22,11545,otc,1813,寶利徠,20261001,-,-,13:30:00,5,-,-,13:02:38,11.3000,2,20,200,
close_window,2026-10-01T13:30:34.000+08:00,2026-10-01T13:30:34.000+08:00,2026-10-01T13:30:34.408+08:00,20261001,13:30:22,11545,tse,1341,富林-KY,20261001,-,-,13:25:16,2,-,-,13:14:14,59.0000,1,20,200,
close_window,2026-10-01T13:30:34.000+08:00,2026-10-01T13:30:34.000+08:00,2026-10-01T13:30:34.408+08:00,20261001,13:30:22,11545,tse,1410,南染,20261001,24.1500,24.1500,13:30:00,39,2,2,13:30:00,24.1500,2,20,200,
close_window,2026-10-01T13:30:34.000+08:00,2026-10-01T13:30:34.000+08:00,2026-10-01T13:30:34.408+08:00,20261001,13:30:22,11545,tse,2317,鴻海,20261001,253.5000,253.5000,13:29:55,22988,1,1,13:24:59,253.5000,1,20,200,
close_window,2026-10-01T13:30:34.000+08:00,2026-10-01T13:30:34.000+08:00,2026-10-01T13:30:34.408+08:00,20261001,13:30:22,11545,tse,2330,台積電,20261001,-,2510.0000,13:29:57,14277,-,-,13:24:59,2505.0000,13,12,200,
close_window,2026-10-01T13:30:34.000+08:00,2026-10-01T13:30:34.000+08:00,2026-10-01T13:30:34.408+08:00,20261001,13:30:22,11545,tse,2454,聯發科,20261001,-,4985.0000,13:29:56,3472,-,-,13:24:52,4970.0000,1,12,200,
close_window,2026-10-01T13:30:35.000+08:00,2026-10-01T13:30:35.000+08:00,2026-10-01T13:30:39.527+08:00,20261001,13:30:22,15897,otc,1240,茂生農經,20261001,-,-,13:25:17,16,-,-,13:01:42,54.1000,1,20,200,
close_window,2026-10-01T13:30:35.000+08:00,2026-10-01T13:30:35.000+08:00,2026-10-01T13:30:39.527+08:00,20261001,13:30:22,15897,otc,1781,合世,20261001,-,-,13:30:00,30,-,-,13:18:45,9.9900,1,20,200,
close_window,2026-10-01T13:30:35.000+08:00,2026-10-01T13:30:35.000+08:00,2026-10-01T13:30:39.527+08:00,20261001,13:30:22,15897,otc,1813,寶利徠,20261001,-,-,13:30:00,5,-,-,13:02:38,11.3000,2,20,200,
close_window,2026-10-01T13:30:35.000+08:00,2026-10-01T13:30:35.000+08:00,2026-10-01T13:30:39.527+08:00,20261001,13:30:22,15897,tse,1341,富林-KY,20261001,-,-,13:25:16,2,-,-,13:14:14,59.0000,1,20,200,
close_window,2026-10-01T13:30:35.000+08:00,2026-10-01T13:30:35.000+08:00,2026-10-01T13:30:39.527+08:00,20261001,13:30:22,15897,tse,1410,南染,20261001,24.1500,24.1500,13:30:00,39,2,2,13:30:00,24.1500,2,20,200,
close_window,2026-10-01T13:30:35.000+08:00,2026-10-01T13:30:35.000+08:00,2026-10-01T13:30:39.527+08:00,20261001,13:30:22,15897,tse,2317,鴻海,20261001,253.5000,253.5000,13:29:55,22988,1,1,13:24:59,253.5000,1,20,200,
close_window,2026-10-01T13:30:35.000+08:00,2026-10-01T13:30:35.000+08:00,2026-10-01T13:30:39.527+08:00,20261001,13:30:22,15897,tse,2330,台積電,20261001,-,2510.0000,13:29:57,14277,-,-,13:24:59,2505.0000,13,12,200,
close_window,2026-10-01T13:30:35.000+08:00,2026-10-01T13:30:35.000+08:00,2026-10-01T13:30:39.527+08:00,20261001,13:30:22,15897,tse,2454,聯發科,20261001,-,4985.0000,13:29:56,3472,-,-,13:24:52,4970.0000,1,12,200,
close_window,2026-10-01T13:30:36.000+08:00,2026-10-01T13:30:36.000+08:00,2026-10-01T13:30:36.538+08:00,20261001,13:30:22,13674,otc,1240,茂生農經,20261001,-,-,13:25:17,16,-,-,13:01:42,54.1000,1,20,200,
close_window,2026-10-01T13:30:36.000+08:00,2026-10-01T13:30:36.000+08:00,2026-10-01T13:30:36.538+08:00,20261001,13:30:22,13674,otc,1781,合世,20261001,-,-,13:30:00,30,-,-,13:18:45,9.9900,1,20,200,
close_window,2026-10-01T13:30:36.000+08:00,2026-10-01T13:30:36.000+08:00,2026-10-01T13:30:36.538+08:00,20261001,13:30:22,13674,otc,1813,寶利徠,20261001,-,-,13:30:00,5,-,-,13:02:38,11.3000,2,20,200,
close_window,2026-10-01T13:30:36.000+08:00,2026-10-01T13:30:36.000+08:00,2026-10-01T13:30:36.538+08:00,20261001,13:30:22,13674,tse,1341,富林-KY,20261001,-,-,13:25:16,2,-,-,13:14:14,59.0000,1,20,200,
close_window,2026-10-01T13:30:36.000+08:00,2026-10-01T13:30:36.000+08:00,2026-10-01T13:30:36.538+08:00,20261001,13:30:22,13674,tse,1410,南染,20261001,24.1500,24.1500,13:30:00,39,2,2,13:30:00,24.1500,2,20,200,
close_window,2026-10-01T13:30:36.000+08:00,2026-10-01T13:30:36.000+08:00,2026-10-01T13:30:36.538+08:00,20261001,13:30:22,13674,tse,2317,鴻海,20261001,253.5000,253.5000,13:29:55,22988,1,1,13:24:59,253.5000,1,20,200,
close_window,2026-10-01T13:30:36.000+08:00,2026-10-01T13:30:36.000+08:00,2026-10-01T13:30:36.538+08:00,20261001,13:30:22,13674,tse,2330,台積電,20261001,-,2510.0000,13:29:57,14277,-,-,13:24:59,2505.0000,13,12,200,
close_window,2026-10-01T13:30:36.000+08:00,2026-10-01T13:30:36.000+08:00,2026-10-01T13:30:36.538+08:00,20261001,13:30:22,13674,tse,2454,聯發科,20261001,-,4985.0000,13:29:56,3472,-,-,13:24:52,4970.0000,1,12,200,
close_window,2026-10-01T13:30:37.000+08:00,2026-10-01T13:30:37.000+08:00,2026-10-01T13:30:37.411+08:00,20261001,13:30:22,14545,otc,1240,茂生農經,20261001,-,-,13:25:17,16,-,-,13:01:42,54.1000,1,20,200,
close_window,2026-10-01T13:30:37.000+08:00,2026-10-01T13:30:37.000+08:00,2026-10-01T13:30:37.411+08:00,20261001,13:30:22,14545,otc,1781,合世,20261001,-,-,13:30:00,30,-,-,13:18:45,9.9900,1,20,200,
close_window,2026-10-01T13:30:37.000+08:00,2026-10-01T13:30:37.000+08:00,2026-10-01T13:30:37.411+08:00,20261001,13:30:22,14545,otc,1813,寶利徠,20261001,-,-,13:30:00,5,-,-,13:02:38,11.3000,2,20,200,
close_window,2026-10-01T13:30:37.000+08:00,2026-10-01T13:30:37.000+08:00,2026-10-01T13:30:37.411+08:00,20261001,13:30:22,14545,tse,1341,富林-KY,20261001,-,-,13:25:16,2,-,-,13:14:14,59.0000,1,20,200,
close_window,2026-10-01T13:30:37.000+08:00,2026-10-01T13:30:37.000+08:00,2026-10-01T13:30:37.411+08:00,20261001,13:30:22,14545,tse,1410,南染,20261001,24.1500,24.1500,13:30:00,39,2,2,13:30:00,24.1500,2,20,200,
close_window,2026-10-01T13:30:37.000+08:00,2026-10-01T13:30:37.000+08:00,2026-10-01T13:30:37.411+08:00,20261001,13:30:22,14545,tse,2317,鴻海,20261001,253.5000,253.5000,13:29:55,22988,1,1,13:24:59,253.5000,1,20,200,
close_window,2026-10-01T13:30:37.000+08:00,2026-10-01T13:30:37.000+08:00,2026-10-01T13:30:37.411+08:00,20261001,13:30:22,14545,tse,2330,台積電,20261001,-,2510.0000,13:29:57,14277,-,-,13:24:59,2505.0000,13,12,200,
close_window,2026-10-01T13:30:37.000+08:00,2026-10-01T13:30:37.000+08:00,2026-10-01T13:30:37.411+08:00,20261001,13:30:22,14545,tse,2454,聯發科,20261001,-,4985.0000,13:29:56,3472,-,-,13:24:52,4970.0000,1,12,200,
close_window,2026-10-01T13:30:38.000+08:00,2026-10-01T13:30:38.000+08:00,2026-10-01T13:30:39.077+08:00,20261001,13:30:22,15544,otc,1240,茂生農經,20261001,-,-,13:25:17,16,-,-,13:01:42,54.1000,1,20,200,
close_window,2026-10-01T13:30:38.000+08:00,2026-10-01T13:30:38.000+08:00,2026-10-01T13:30:39.077+08:00,20261001,13:30:22,15544,otc,1781,合世,20261001,-,-,13:30:00,30,-,-,13:18:45,9.9900,1,20,200,
close_window,2026-10-01T13:30:38.000+08:00,2026-10-01T13:30:38.000+08:00,2026-10-01T13:30:39.077+08:00,20261001,13:30:22,15544,otc,1813,寶利徠,20261001,-,-,13:30:00,5,-,-,13:02:38,11.3000,2,20,200,
close_window,2026-10-01T13:30:38.000+08:00,2026-10-01T13:30:38.000+08:00,2026-10-01T13:30:39.077+08:00,20261001,13:30:22,15544,tse,1341,富林-KY,20261001,-,-,13:25:16,2,-,-,13:14:14,59.0000,1,20,200,
close_window,2026-10-01T13:30:38.000+08:00,2026-10-01T13:30:38.000+08:00,2026-10-01T13:30:39.077+08:00,20261001,13:30:22,15544,tse,1410,南染,20261001,24.1500,24.1500,13:30:00,39,2,2,13:30:00,24.1500,2,20,200,
close_window,2026-10-01T13:30:38.000+08:00,2026-10-01T13:30:38.000+08:00,2026-10-01T13:30:39.077+08:00,20261001,13:30:22,15544,tse,2317,鴻海,20261001,253.5000,253.5000,13:29:55,22988,1,1,13:24:59,253.5000,1,20,200,
close_window,2026-10-01T13:30:38.000+08:00,2026-10-01T13:30:38.000+08:00,2026-10-01T13:30:39.077+08:00,20261001,13:30:22,15544,tse,2330,台積電,20261001,-,2510.0000,13:29:57,14277,-,-,13:24:59,2505.0000,13,12,200,
close_window,2026-10-01T13:30:38.000+08:00,2026-10-01T13:30:38.000+08:00,2026-10-01T13:30:39.077+08:00,20261001,13:30:22,15544,tse,2454,聯發科,20261001,-,4985.0000,13:29:56,3472,-,-,13:24:52,4970.0000,1,12,200,
close_window,2026-10-01T13:30:39.000+08:00,2026-10-01T13:30:39.000+08:00,2026-10-01T13:30:39.405+08:00,20261001,13:30:22,16541,otc,1240,茂生農經,20261001,-,-,13:25:17,16,-,-,13:01:42,54.1000,1,20,200,
close_window,2026-10-01T13:30:39.000+08:00,2026-10-01T13:30:39.000+08:00,2026-10-01T13:30:39.405+08:00,20261001,13:30:22,16541,otc,1781,合世,20261001,-,-,13:30:00,30,-,-,13:18:45,9.9900,1,20,200,
close_window,2026-10-01T13:30:39.000+08:00,2026-10-01T13:30:39.000+08:00,2026-10-01T13:30:39.405+08:00,20261001,13:30:22,16541,otc,1813,寶利徠,20261001,-,-,13:30:00,5,-,-,13:02:38,11.3000,2,20,200,
close_window,2026-10-01T13:30:39.000+08:00,2026-10-01T13:30:39.000+08:00,2026-10-01T13:30:39.405+08:00,20261001,13:30:22,16541,tse,1341,富林-KY,20261001,-,-,13:25:16,2,-,-,13:14:14,59.0000,1,20,200,
close_window,2026-10-01T13:30:39.000+08:00,2026-10-01T13:30:39.000+08:00,2026-10-01T13:30:39.405+08:00,20261001,13:30:22,16541,tse,1410,南染,20261001,24.1500,24.1500,13:30:00,39,2,2,13:30:00,24.1500,2,20,200,
close_window,2026-10-01T13:30:39.000+08:00,2026-10-01T13:30:39.000+08:00,2026-10-01T13:30:39.405+08:00,20261001,13:30:22,16541,tse,2317,鴻海,20261001,253.5000,253.5000,13:29:55,22988,1,1,13:24:59,253.5000,1,20,200,
close_window,2026-10-01T13:30:39.000+08:00,2026-10-01T13:30:39.000+08:00,2026-10-01T13:30:39.405+08:00,20261001,13:30:22,16541,tse,2330,台積電,20261001,-,2510.0000,13:29:57,14277,-,-,13:24:59,2505.0000,13,12,200,
close_window,2026-10-01T13:30:39.000+08:00,2026-10-01T13:30:39.000+08:00,2026-10-01T13:30:39.405+08:00,20261001,13:30:22,16541,tse,2454,聯發科,20261001,-,4985.0000,13:29:56,3472,-,-,13:24:52,4970.0000,1,12,200,
close_window,2026-10-01T13:30:40.000+08:00,2026-10-01T13:30:40.000+08:00,2026-10-01T13:30:41.453+08:00,20261001,13:30:22,18458,otc,1240,茂生農經,20261001,-,-,13:25:17,16,-,-,13:01:42,54.1000,1,20,200,
close_window,2026-10-01T13:30:40.000+08:00,2026-10-01T13:30:40.000+08:00,2026-10-01T13:30:41.453+08:00,20261001,13:30:22,18458,otc,1781,合世,20261001,-,-,13:30:00,30,-,-,13:18:45,9.9900,1,20,200,
close_window,2026-10-01T13:30:40.000+08:00,2026-10-01T13:30:40.000+08:00,2026-10-01T13:30:41.453+08:00,20261001,13:30:22,18458,otc,1813,寶利徠,20261001,-,-,13:30:00,5,-,-,13:02:38,11.3000,2,20,200,
close_window,2026-10-01T13:30:40.000+08:00,2026-10-01T13:30:40.000+08:00,2026-10-01T13:30:41.453+08:00,20261001,13:30:22,18458,tse,1341,富林-KY,20261001,-,-,13:25:16,2,-,-,13:14:14,59.0000,1,20,200,
close_window,2026-10-01T13:30:40.000+08:00,2026-10-01T13:30:40.000+08:00,2026-10-01T13:30:41.453+08:00,20261001,13:30:22,18458,tse,1410,南染,20261001,24.1500,24.1500,13:30:00,39,2,2,13:30:00,24.1500,2,20,200,
close_window,2026-10-01T13:30:40.000+08:00,2026-10-01T13:30:40.000+08:00,2026-10-01T13:30:41.453+08:00,20261001,13:30:22,18458,tse,2317,鴻海,20261001,253.5000,253.5000,13:29:55,22988,1,1,13:24:59,253.5000,1,20,200,
close_window,2026-10-01T13:30:40.000+08:00,2026-10-01T13:30:40.000+08:00,2026-10-01T13:30:41.453+08:00,20261001,13:30:22,18458,tse,2330,台積電,20261001,-,2510.0000,13:29:57,14277,-,-,13:24:59,2505.0000,13,12,200,
close_window,2026-10-01T13:30:40.000+08:00,2026-10-01T13:30:40.000+08:00,2026-10-01T13:30:41.453+08:00,20261001,13:30:22,18458,tse,2454,聯發科,20261001,-,4985.0000,13:29:56,3472,-,-,13:24:52,4970.0000,1,12,200,
close_window,2026-10-01T13:30:41.000+08:00,2026-10-01T13:30:41.000+08:00,2026-10-01T13:30:41.413+08:00,20261001,13:30:22,18549,otc,1240,茂生農經,20261001,-,-,13:25:17,16,-,-,13:01:42,54.1000,1,20,200,
close_window,2026-10-01T13:30:41.000+08:00,2026-10-01T13:30:41.000+08:00,2026-10-01T13:30:41.413+08:00,20261001,13:30:22,18549,otc,1781,合世,20261001,-,-,13:30:00,30,-,-,13:18:45,9.9900,1,20,200,
close_window,2026-10-01T13:30:41.000+08:00,2026-10-01T13:30:41.000+08:00,2026-10-01T13:30:41.413+08:00,20261001,13:30:22,18549,otc,1813,寶利徠,20261001,-,-,13:30:00,5,-,-,13:02:38,11.3000,2,20,200,
close_window,2026-10-01T13:30:41.000+08:00,2026-10-01T13:30:41.000+08:00,2026-10-01T13:30:41.413+08:00,20261001,13:30:22,18549,tse,1341,富林-KY,20261001,-,-,13:25:16,2,-,-,13:14:14,59.0000,1,20,200,
close_window,2026-10-01T13:30:41.000+08:00,2026-10-01T13:30:41.000+08:00,2026-10-01T13:30:41.413+08:00,20261001,13:30:22,18549,tse,1410,南染,20261001,24.1500,24.1500,13:30:00,39,2,2,13:30:00,24.1500,2,20,200,
close_window,2026-10-01T13:30:41.000+08:00,2026-10-01T13:30:41.000+08:00,2026-10-01T13:30:41.413+08:00,20261001,13:30:22,18549,tse,2317,鴻海,20261001,253.5000,253.5000,13:29:55,22988,1,1,13:24:59,253.5000,1,20,200,
close_window,2026-10-01T13:30:41.000+08:00,2026-10-01T13:30:41.000+08:00,2026-10-01T13:30:41.413+08:00,20261001,13:30:22,18549,tse,2330,台積電,20261001,-,2510.0000,13:29:57,14277,-,-,13:24:59,2505.0000,13,12,200,
close_window,2026-10-01T13:30:41.000+08:00,2026-10-01T13:30:41.000+08:00,2026-10-01T13:30:41.413+08:00,20261001,13:30:22,18549,tse,2454,聯發科,20261001,-,4985.0000,13:29:56,3472,-,-,13:24:52,4970.0000,1,12,200,
close_window,2026-10-01T13:30:42.000+08:00,2026-10-01T13:30:42.000+08:00,2026-10-01T13:30:43.932+08:00,20261001,13:30:22,21068,otc,1240,茂生農經,20261001,-,-,13:25:17,16,-,-,13:01:42,54.1000,1,20,200,
close_window,2026-10-01T13:30:42.000+08:00,2026-10-01T13:30:42.000+08:00,2026-10-01T13:30:43.932+08:00,20261001,13:30:22,21068,otc,1781,合世,20261001,-,-,13:30:00,30,-,-,13:18:45,9.9900,1,20,200,
close_window,2026-10-01T13:30:42.000+08:00,2026-10-01T13:30:42.000+08:00,2026-10-01T13:30:43.932+08:00,20261001,13:30:22,21068,otc,1813,寶利徠,20261001,-,-,13:30:00,5,-,-,13:02:38,11.3000,2,20,200,
close_window,2026-10-01T13:30:42.000+08:00,2026-10-01T13:30:42.000+08:00,2026-10-01T13:30:43.932+08:00,20261001,13:30:22,21068,tse,1341,富林-KY,20261001,-,-,13:25:16,2,-,-,13:14:14,59.0000,1,20,200,
close_window,2026-10-01T13:30:42.000+08:00,2026-10-01T13:30:42.000+08:00,2026-10-01T13:30:43.932+08:00,20261001,13:30:22,21068,tse,1410,南染,20261001,24.1500,24.1500,13:30:00,39,2,2,13:30:00,24.1500,2,20,200,
close_window,2026-10-01T13:30:42.000+08:00,2026-10-01T13:30:42.000+08:00,2026-10-01T13:30:43.932+08:00,20261001,13:30:22,21068,tse,2317,鴻海,20261001,253.5000,253.5000,13:29:55,22988,1,1,13:24:59,253.5000,1,20,200,
close_window,2026-10-01T13:30:42.000+08:00,2026-10-01T13:30:42.000+08:00,2026-10-01T13:30:43.932+08:00,20261001,13:30:22,21068,tse,2330,台積電,20261001,-,2510.0000,13:29:57,14277,-,-,13:24:59,2505.0000,13,12,200,
close_window,2026-10-01T13:30:42.000+08:00,2026-10-01T13:30:42.000+08:00,2026-10-01T13:30:43.932+08:00,20261001,13:30:22,21068,tse,2454,聯發科,20261001,-,4985.0000,13:29:56,3472,-,-,13:24:52,4970.0000,1,12,200,
close_window,2026-10-01T13:30:43.000+08:00,2026-10-01T13:30:43.000+08:00,2026-10-01T13:30:45.347+08:00,20261001,13:30:22,22482,otc,1240,茂生農經,20261001,-,-,13:25:17,16,-,-,13:01:42,54.1000,1,20,200,
close_window,2026-10-01T13:30:43.000+08:00,2026-10-01T13:30:43.000+08:00,2026-10-01T13:30:45.347+08:00,20261001,13:30:22,22482,otc,1781,合世,20261001,-,-,13:30:00,30,-,-,13:18:45,9.9900,1,20,200,
close_window,2026-10-01T13:30:43.000+08:00,2026-10-01T13:30:43.000+08:00,2026-10-01T13:30:45.347+08:00,20261001,13:30:22,22482,otc,1813,寶利徠,20261001,-,-,13:30:00,5,-,-,13:02:38,11.3000,2,20,200,
close_window,2026-10-01T13:30:43.000+08:00,2026-10-01T13:30:43.000+08:00,2026-10-01T13:30:45.347+08:00,20261001,13:30:22,22482,tse,1341,富林-KY,20261001,-,-,13:25:16,2,-,-,13:14:14,59.0000,1,20,200,
close_window,2026-10-01T13:30:43.000+08:00,2026-10-01T13:30:43.000+08:00,2026-10-01T13:30:45.347+08:00,20261001,13:30:22,22482,tse,1410,南染,20261001,24.1500,24.1500,13:30:00,39,2,2,13:30:00,24.1500,2,20,200,
close_window,2026-10-01T13:30:43.000+08:00,2026-10-01T13:30:43.000+08:00,2026-10-01T13:30:45.347+08:00,20261001,13:30:22,22482,tse,2317,鴻海,20261001,253.5000,253.5000,13:29:55,22988,1,1,13:24:59,253.5000,1,20,200,
close_window,2026-10-01T13:30:43.000+08:00,2026-10-01T13:30:43.000+08:00,2026-10-01T13:30:45.347+08:00,20261001,13:30:22,22482,tse,2330,台積電,20261001,-,2510.0000,13:29:57,14277,-,-,13:24:59,2505.0000,13,12,200,
close_window,2026-10-01T13:30:43.000+08:00,2026-10-01T13:30:43.000+08:00,2026-10-01T13:30:45.347+08:00,20261001,13:30:22,22482,tse,2454,聯發科,20261001,-,4985.0000,13:29:56,3472,-,-,13:24:52,4970.0000,1,12,200,
close_window,2026-10-01T13:30:44.000+08:00,2026-10-01T13:30:44.000+08:00,2026-10-01T13:30:44.410+08:00,20261001,13:30:22,21546,otc,1240,茂生農經,20261001,-,-,13:25:17,16,-,-,13:01:42,54.1000,1,20,200,
close_window,2026-10-01T13:30:44.000+08:00,2026-10-01T13:30:44.000+08:00,2026-10-01T13:30:44.410+08:00,20261001,13:30:22,21546,otc,1781,合世,20261001,-,-,13:30:00,30,-,-,13:18:45,9.9900,1,20,200,
close_window,2026-10-01T13:30:44.000+08:00,2026-10-01T13:30:44.000+08:00,2026-10-01T13:30:44.410+08:00,20261001,13:30:22,21546,otc,1813,寶利徠,20261001,-,-,13:30:00,5,-,-,13:02:38,11.3000,2,20,200,
close_window,2026-10-01T13:30:44.000+08:00,2026-10-01T13:30:44.000+08:00,2026-10-01T13:30:44.410+08:00,20261001,13:30:22,21546,tse,1341,富林-KY,20261001,-,-,13:25:16,2,-,-,13:14:14,59.0000,1,20,200,
close_window,2026-10-01T13:30:44.000+08:00,2026-10-01T13:30:44.000+08:00,2026-10-01T13:30:44.410+08:00,20261001,13:30:22,21546,tse,1410,南染,20261001,24.1500,24.1500,13:30:00,39,2,2,13:30:00,24.1500,2,20,200,
close_window,2026-10-01T13:30:44.000+08:00,2026-10-01T13:30:44.000+08:00,2026-10-01T13:30:44.410+08:00,20261001,13:30:22,21546,tse,2317,鴻海,20261001,253.5000,253.5000,13:29:55,22988,1,1,13:24:59,253.5000,1,20,200,
close_window,2026-10-01T13:30:44.000+08:00,2026-10-01T13:30:44.000+08:00,2026-10-01T13:30:44.410+08:00,20261001,13:30:22,21546,tse,2330,台積電,20261001,-,2510.0000,13:29:57,14277,-,-,13:24:59,2505.0000,13,12,200,
close_window,2026-10-01T13:30:44.000+08:00,2026-10-01T13:30:44.000+08:00,2026-10-01T13:30:44.410+08:00,20261001,13:30:22,21546,tse,2454,聯發科,20261001,-,4985.0000,13:29:56,3472,-,-,13:24:52,4970.0000,1,12,200,
close_window,2026-10-01T13:30:45.000+08:00,2026-10-01T13:30:45.000+08:00,2026-10-01T13:30:45.415+08:00,20261001,13:30:22,22545,otc,1240,茂生農經,20261001,-,-,13:25:17,16,-,-,13:01:42,54.1000,1,20,200,
close_window,2026-10-01T13:30:45.000+08:00,2026-10-01T13:30:45.000+08:00,2026-10-01T13:30:45.415+08:00,20261001,13:30:22,22545,otc,1781,合世,20261001,-,-,13:30:00,30,-,-,13:18:45,9.9900,1,20,200,
close_window,2026-10-01T13:30:45.000+08:00,2026-10-01T13:30:45.000+08:00,2026-10-01T13:30:45.415+08:00,20261001,13:30:22,22545,otc,1813,寶利徠,20261001,-,-,13:30:00,5,-,-,13:02:38,11.3000,2,20,200,
close_window,2026-10-01T13:30:45.000+08:00,2026-10-01T13:30:45.000+08:00,2026-10-01T13:30:45.415+08:00,20261001,13:30:22,22545,tse,1341,富林-KY,20261001,-,-,13:25:16,2,-,-,13:14:14,59.0000,1,20,200,
close_window,2026-10-01T13:30:45.000+08:00,2026-10-01T13:30:45.000+08:00,2026-10-01T13:30:45.415+08:00,20261001,13:30:22,22545,tse,1410,南染,20261001,24.1500,24.1500,13:30:00,39,2,2,13:30:00,24.1500,2,20,200,
close_window,2026-10-01T13:30:45.000+08:00,2026-10-01T13:30:45.000+08:00,2026-10-01T13:30:45.415+08:00,20261001,13:30:22,22545,tse,2317,鴻海,20261001,253.5000,253.5000,13:29:55,22988,1,1,13:24:59,253.5000,1,20,200,
close_window,2026-10-01T13:30:45.000+08:00,2026-10-01T13:30:45.000+08:00,2026-10-01T13:30:45.415+08:00,20261001,13:30:22,22545,tse,2330,台積電,20261001,-,2510.0000,13:29:57,14277,-,-,13:24:59,2505.0000,13,12,200,
close_window,2026-10-01T13:30:45.000+08:00,2026-10-01T13:30:45.000+08:00,2026-10-01T13:30:45.415+08:00,20261001,13:30:22,22545,tse,2454,聯發科,20261001,-,4985.0000,13:29:56,3472,-,-,13:24:52,4970.0000,1,12,200,
close_window,2026-10-01T13:30:46.000+08:00,2026-10-01T13:30:46.000+08:00,2026-10-01T13:30:46.407+08:00,20261001,13:30:22,23543,otc,1240,茂生農經,20261001,-,-,13:25:17,16,-,-,13:01:42,54.1000,1,20,200,
close_window,2026-10-01T13:30:46.000+08:00,2026-10-01T13:30:46.000+08:00,2026-10-01T13:30:46.407+08:00,20261001,13:30:22,23543,otc,1781,合世,20261001,-,-,13:30:00,30,-,-,13:18:45,9.9900,1,20,200,
close_window,2026-10-01T13:30:46.000+08:00,2026-10-01T13:30:46.000+08:00,2026-10-01T13:30:46.407+08:00,20261001,13:30:22,23543,otc,1813,寶利徠,20261001,-,-,13:30:00,5,-,-,13:02:38,11.3000,2,20,200,
close_window,2026-10-01T13:30:46.000+08:00,2026-10-01T13:30:46.000+08:00,2026-10-01T13:30:46.407+08:00,20261001,13:30:22,23543,tse,1341,富林-KY,20261001,-,-,13:25:16,2,-,-,13:14:14,59.0000,1,20,200,
close_window,2026-10-01T13:30:46.000+08:00,2026-10-01T13:30:46.000+08:00,2026-10-01T13:30:46.407+08:00,20261001,13:30:22,23543,tse,1410,南染,20261001,24.1500,24.1500,13:30:00,39,2,2,13:30:00,24.1500,2,20,200,
close_window,2026-10-01T13:30:46.000+08:00,2026-10-01T13:30:46.000+08:00,2026-10-01T13:30:46.407+08:00,20261001,13:30:22,23543,tse,2317,鴻海,20261001,253.5000,253.5000,13:29:55,22988,1,1,13:24:59,253.5000,1,20,200,
close_window,2026-10-01T13:30:46.000+08:00,2026-10-01T13:30:46.000+08:00,2026-10-01T13:30:46.407+08:00,20261001,13:30:22,23543,tse,2330,台積電,20261001,-,2510.0000,13:29:57,14277,-,-,13:24:59,2505.0000,13,12,200,
close_window,2026-10-01T13:30:46.000+08:00,2026-10-01T13:30:46.000+08:00,2026-10-01T13:30:46.407+08:00,20261001,13:30:22,23543,tse,2454,聯發科,20261001,-,4985.0000,13:29:56,3472,-,-,13:24:52,4970.0000,1,12,200,
close_window,2026-10-01T13:30:47.000+08:00,2026-10-01T13:30:47.000+08:00,2026-10-01T13:30:47.412+08:00,20261001,13:30:22,24546,otc,1240,茂生農經,20261001,-,-,13:25:17,16,-,-,13:01:42,54.1000,1,20,200,
close_window,2026-10-01T13:30:47.000+08:00,2026-10-01T13:30:47.000+08:00,2026-10-01T13:30:47.412+08:00,20261001,13:30:22,24546,otc,1781,合世,20261001,-,-,13:30:00,30,-,-,13:18:45,9.9900,1,20,200,
close_window,2026-10-01T13:30:47.000+08:00,2026-10-01T13:30:47.000+08:00,2026-10-01T13:30:47.412+08:00,20261001,13:30:22,24546,otc,1813,寶利徠,20261001,-,-,13:30:00,5,-,-,13:02:38,11.3000,2,20,200,
close_window,2026-10-01T13:30:47.000+08:00,2026-10-01T13:30:47.000+08:00,2026-10-01T13:30:47.412+08:00,20261001,13:30:22,24546,tse,1341,富林-KY,20261001,-,-,13:25:16,2,-,-,13:14:14,59.0000,1,20,200,
close_window,2026-10-01T13:30:47.000+08:00,2026-10-01T13:30:47.000+08:00,2026-10-01T13:30:47.412+08:00,20261001,13:30:22,24546,tse,1410,南染,20261001,24.1500,24.1500,13:30:00,39,2,2,13:30:00,24.1500,2,20,200,
close_window,2026-10-01T13:30:47.000+08:00,2026-10-01T13:30:47.000+08:00,2026-10-01T13:30:47.412+08:00,20261001,13:30:22,24546,tse,2317,鴻海,20261001,253.5000,253.5000,13:29:55,22988,1,1,13:24:59,253.5000,1,20,200,
close_window,2026-10-01T13:30:47.000+08:00,2026-10-01T13:30:47.000+08:00,2026-10-01T13:30:47.412+08:00,20261001,13:30:22,24546,tse,2330,台積電,20261001,-,2510.0000,13:29:57,14277,-,-,13:24:59,2505.0000,13,12,200,
close_window,2026-10-01T13:30:47.000+08:00,2026-10-01T13:30:47.000+08:00,2026-10-01T13:30:47.412+08:00,20261001,13:30:22,24546,tse,2454,聯發科,20261001,-,4985.0000,13:29:56,3472,-,-,13:24:52,4970.0000,1,12,200,
close_window,2026-10-01T13:30:48.000+08:00,2026-10-01T13:30:48.000+08:00,2026-10-01T13:30:48.413+08:00,20261001,13:30:22,25546,otc,1240,茂生農經,20261001,-,-,13:25:17,16,-,-,13:01:42,54.1000,1,20,200,
close_window,2026-10-01T13:30:48.000+08:00,2026-10-01T13:30:48.000+08:00,2026-10-01T13:30:48.413+08:00,20261001,13:30:22,25546,otc,1781,合世,20261001,-,-,13:30:00,30,-,-,13:18:45,9.9900,1,20,200,
close_window,2026-10-01T13:30:48.000+08:00,2026-10-01T13:30:48.000+08:00,2026-10-01T13:30:48.413+08:00,20261001,13:30:22,25546,otc,1813,寶利徠,20261001,-,-,13:30:00,5,-,-,13:02:38,11.3000,2,20,200,
close_window,2026-10-01T13:30:48.000+08:00,2026-10-01T13:30:48.000+08:00,2026-10-01T13:30:48.413+08:00,20261001,13:30:22,25546,tse,1341,富林-KY,20261001,-,-,13:25:16,2,-,-,13:14:14,59.0000,1,20,200,
close_window,2026-10-01T13:30:48.000+08:00,2026-10-01T13:30:48.000+08:00,2026-10-01T13:30:48.413+08:00,20261001,13:30:22,25546,tse,1410,南染,20261001,24.1500,24.1500,13:30:00,39,2,2,13:30:00,24.1500,2,20,200,
close_window,2026-10-01T13:30:48.000+08:00,2026-10-01T13:30:48.000+08:00,2026-10-01T13:30:48.413+08:00,20261001,13:30:22,25546,tse,2317,鴻海,20261001,253.5000,253.5000,13:29:55,22988,1,1,13:24:59,253.5000,1,20,200,
close_window,2026-10-01T13:30:48.000+08:00,2026-10-01T13:30:48.000+08:00,2026-10-01T13:30:48.413+08:00,20261001,13:30:22,25546,tse,2330,台積電,20261001,-,2510.0000,13:29:57,14277,-,-,13:24:59,2505.0000,13,12,200,
close_window,2026-10-01T13:30:48.000+08:00,2026-10-01T13:30:48.000+08:00,2026-10-01T13:30:48.413+08:00,20261001,13:30:22,25546,tse,2454,聯發科,20261001,-,4985.0000,13:29:56,3472,-,-,13:24:52,4970.0000,1,12,200,
close_window,2026-10-01T13:30:49.000+08:00,2026-10-01T13:30:49.000+08:00,2026-10-01T13:30:49.410+08:00,20261001,13:30:22,26546,otc,1240,茂生農經,20261001,-,-,13:25:17,16,-,-,13:01:42,54.1000,1,20,200,
close_window,2026-10-01T13:30:49.000+08:00,2026-10-01T13:30:49.000+08:00,2026-10-01T13:30:49.410+08:00,20261001,13:30:22,26546,otc,1781,合世,20261001,-,-,13:30:00,30,-,-,13:18:45,9.9900,1,20,200,
close_window,2026-10-01T13:30:49.000+08:00,2026-10-01T13:30:49.000+08:00,2026-10-01T13:30:49.410+08:00,20261001,13:30:22,26546,otc,1813,寶利徠,20261001,-,-,13:30:00,5,-,-,13:02:38,11.3000,2,20,200,
close_window,2026-10-01T13:30:49.000+08:00,2026-10-01T13:30:49.000+08:00,2026-10-01T13:30:49.410+08:00,20261001,13:30:22,26546,tse,1341,富林-KY,20261001,-,-,13:25:16,2,-,-,13:14:14,59.0000,1,20,200,
close_window,2026-10-01T13:30:49.000+08:00,2026-10-01T13:30:49.000+08:00,2026-10-01T13:30:49.410+08:00,20261001,13:30:22,26546,tse,1410,南染,20261001,24.1500,24.1500,13:30:00,39,2,2,13:30:00,24.1500,2,20,200,
close_window,2026-10-01T13:30:49.000+08:00,2026-10-01T13:30:49.000+08:00,2026-10-01T13:30:49.410+08:00,20261001,13:30:22,26546,tse,2317,鴻海,20261001,253.5000,253.5000,13:29:55,22988,1,1,13:24:59,253.5000,1,20,200,
close_window,2026-10-01T13:30:49.000+08:00,2026-10-01T13:30:49.000+08:00,2026-10-01T13:30:49.410+08:00,20261001,13:30:22,26546,tse,2330,台積電,20261001,-,2510.0000,13:29:57,14277,-,-,13:24:59,2505.0000,13,12,200,
close_window,2026-10-01T13:30:49.000+08:00,2026-10-01T13:30:49.000+08:00,2026-10-01T13:30:49.410+08:00,20261001,13:30:22,26546,tse,2454,聯發科,20261001,-,4985.0000,13:29:56,3472,-,-,13:24:52,4970.0000,1,12,200,
close_window,2026-10-01T13:30:50.000+08:00,2026-10-01T13:30:50.000+08:00,2026-10-01T13:30:50.417+08:00,20261001,13:30:22,27551,otc,1240,茂生農經,20261001,-,-,13:25:17,16,-,-,13:01:42,54.1000,1,20,200,
close_window,2026-10-01T13:30:50.000+08:00,2026-10-01T13:30:50.000+08:00,2026-10-01T13:30:50.417+08:00,20261001,13:30:22,27551,otc,1781,合世,20261001,-,-,13:30:00,30,-,-,13:18:45,9.9900,1,20,200,
close_window,2026-10-01T13:30:50.000+08:00,2026-10-01T13:30:50.000+08:00,2026-10-01T13:30:50.417+08:00,20261001,13:30:22,27551,otc,1813,寶利徠,20261001,-,-,13:30:00,5,-,-,13:02:38,11.3000,2,20,200,
close_window,2026-10-01T13:30:50.000+08:00,2026-10-01T13:30:50.000+08:00,2026-10-01T13:30:50.417+08:00,20261001,13:30:22,27551,tse,1341,富林-KY,20261001,-,-,13:25:16,2,-,-,13:14:14,59.0000,1,20,200,
close_window,2026-10-01T13:30:50.000+08:00,2026-10-01T13:30:50.000+08:00,2026-10-01T13:30:50.417+08:00,20261001,13:30:22,27551,tse,1410,南染,20261001,24.1500,24.1500,13:30:00,39,2,2,13:30:00,24.1500,2,20,200,
close_window,2026-10-01T13:30:50.000+08:00,2026-10-01T13:30:50.000+08:00,2026-10-01T13:30:50.417+08:00,20261001,13:30:22,27551,tse,2317,鴻海,20261001,253.5000,253.5000,13:29:55,22988,1,1,13:24:59,253.5000,1,20,200,
close_window,2026-10-01T13:30:50.000+08:00,2026-10-01T13:30:50.000+08:00,2026-10-01T13:30:50.417+08:00,20261001,13:30:22,27551,tse,2330,台積電,20261001,-,2510.0000,13:29:57,14277,-,-,13:24:59,2505.0000,13,12,200,
close_window,2026-10-01T13:30:50.000+08:00,2026-10-01T13:30:50.000+08:00,2026-10-01T13:30:50.417+08:00,20261001,13:30:22,27551,tse,2454,聯發科,20261001,-,4985.0000,13:29:56,3472,-,-,13:24:52,4970.0000,1,12,200,
close_window,2026-10-01T13:30:51.000+08:00,2026-10-01T13:30:51.000+08:00,2026-10-01T13:30:51.425+08:00,20261001,13:30:22,28560,otc,1240,茂生農經,20261001,-,-,13:25:17,16,-,-,13:01:42,54.1000,1,20,200,
close_window,2026-10-01T13:30:51.000+08:00,2026-10-01T13:30:51.000+08:00,2026-10-01T13:30:51.425+08:00,20261001,13:30:22,28560,otc,1781,合世,20261001,-,-,13:30:00,30,-,-,13:18:45,9.9900,1,20,200,
close_window,2026-10-01T13:30:51.000+08:00,2026-10-01T13:30:51.000+08:00,2026-10-01T13:30:51.425+08:00,20261001,13:30:22,28560,otc,1813,寶利徠,20261001,-,-,13:30:00,5,-,-,13:02:38,11.3000,2,20,200,
close_window,2026-10-01T13:30:51.000+08:00,2026-10-01T13:30:51.000+08:00,2026-10-01T13:30:51.425+08:00,20261001,13:30:22,28560,tse,1341,富林-KY,20261001,-,-,13:25:16,2,-,-,13:14:14,59.0000,1,20,200,
close_window,2026-10-01T13:30:51.000+08:00,2026-10-01T13:30:51.000+08:00,2026-10-01T13:30:51.425+08:00,20261001,13:30:22,28560,tse,1410,南染,20261001,24.1500,24.1500,13:30:00,39,2,2,13:30:00,24.1500,2,20,200,
close_window,2026-10-01T13:30:51.000+08:00,2026-10-01T13:30:51.000+08:00,2026-10-01T13:30:51.425+08:00,20261001,13:30:22,28560,tse,2317,鴻海,20261001,253.5000,253.5000,13:29:55,22988,1,1,13:24:59,253.5000,1,20,200,
close_window,2026-10-01T13:30:51.000+08:00,2026-10-01T13:30:51.000+08:00,2026-10-01T13:30:51.425+08:00,20261001,13:30:22,28560,tse,2330,台積電,20261001,-,2510.0000,13:29:57,14277,-,-,13:24:59,2505.0000,13,12,200,
close_window,2026-10-01T13:30:51.000+08:00,2026-10-01T13:30:51.000+08:00,2026-10-01T13:30:51.425+08:00,20261001,13:30:22,28560,tse,2454,聯發科,20261001,-,4985.0000,13:29:56,3472,-,-,13:24:52,4970.0000,1,12,200,
close_window,2026-10-01T13:30:52.000+08:00,2026-10-01T13:30:52.000+08:00,2026-10-01T13:30:54.373+08:00,20261001,13:30:22,31379,otc,1240,茂生農經,20261001,-,-,13:25:17,16,-,-,13:01:42,54.1000,1,20,200,
close_window,2026-10-01T13:30:52.000+08:00,2026-10-01T13:30:52.000+08:00,2026-10-01T13:30:54.373+08:00,20261001,13:30:22,31379,otc,1781,合世,20261001,-,-,13:30:00,30,-,-,13:18:45,9.9900,1,20,200,
close_window,2026-10-01T13:30:52.000+08:00,2026-10-01T13:30:52.000+08:00,2026-10-01T13:30:54.373+08:00,20261001,13:30:22,31379,otc,1813,寶利徠,20261001,-,-,13:30:00,5,-,-,13:02:38,11.3000,2,20,200,
close_window,2026-10-01T13:30:52.000+08:00,2026-10-01T13:30:52.000+08:00,2026-10-01T13:30:54.373+08:00,20261001,13:30:22,31379,tse,1341,富林-KY,20261001,-,-,13:25:16,2,-,-,13:14:14,59.0000,1,20,200,
close_window,2026-10-01T13:30:52.000+08:00,2026-10-01T13:30:52.000+08:00,2026-10-01T13:30:54.373+08:00,20261001,13:30:22,31379,tse,1410,南染,20261001,24.1500,24.1500,13:30:00,39,2,2,13:30:00,24.1500,2,20,200,
close_window,2026-10-01T13:30:52.000+08:00,2026-10-01T13:30:52.000+08:00,2026-10-01T13:30:54.373+08:00,20261001,13:30:22,31379,tse,2317,鴻海,20261001,253.5000,253.5000,13:29:55,22988,1,1,13:24:59,253.5000,1,20,200,
close_window,2026-10-01T13:30:52.000+08:00,2026-10-01T13:30:52.000+08:00,2026-10-01T13:30:54.373+08:00,20261001,13:30:22,31379,tse,2330,台積電,20261001,-,2510.0000,13:29:57,14277,-,-,13:24:59,2505.0000,13,12,200,
close_window,2026-10-01T13:30:52.000+08:00,2026-10-01T13:30:52.000+08:00,2026-10-01T13:30:54.373+08:00,20261001,13:30:22,31379,tse,2454,聯發科,20261001,-,4985.0000,13:29:56,3472,-,-,13:24:52,4970.0000,1,12,200,
close_window,2026-10-01T13:30:53.000+08:00,2026-10-01T13:30:53.000+08:00,2026-10-01T13:30:56.454+08:00,20261001,13:30:22,33460,otc,1240,茂生農經,20261001,-,-,13:25:17,16,-,-,13:01:42,54.1000,1,20,200,
close_window,2026-10-01T13:30:53.000+08:00,2026-10-01T13:30:53.000+08:00,2026-10-01T13:30:56.454+08:00,20261001,13:30:22,33460,otc,1781,合世,20261001,-,-,13:30:00,30,-,-,13:18:45,9.9900,1,20,200,
close_window,2026-10-01T13:30:53.000+08:00,2026-10-01T13:30:53.000+08:00,2026-10-01T13:30:56.454+08:00,20261001,13:30:22,33460,otc,1813,寶利徠,20261001,-,-,13:30:00,5,-,-,13:02:38,11.3000,2,20,200,
close_window,2026-10-01T13:30:53.000+08:00,2026-10-01T13:30:53.000+08:00,2026-10-01T13:30:56.454+08:00,20261001,13:30:22,33460,tse,1341,富林-KY,20261001,-,-,13:25:16,2,-,-,13:14:14,59.0000,1,20,200,
close_window,2026-10-01T13:30:53.000+08:00,2026-10-01T13:30:53.000+08:00,2026-10-01T13:30:56.454+08:00,20261001,13:30:22,33460,tse,1410,南染,20261001,24.1500,24.1500,13:30:00,39,2,2,13:30:00,24.1500,2,20,200,
close_window,2026-10-01T13:30:53.000+08:00,2026-10-01T13:30:53.000+08:00,2026-10-01T13:30:56.454+08:00,20261001,13:30:22,33460,tse,2317,鴻海,20261001,253.5000,253.5000,13:29:55,22988,1,1,13:24:59,253.5000,1,20,200,
close_window,2026-10-01T13:30:53.000+08:00,2026-10-01T13:30:53.000+08:00,2026-10-01T13:30:56.454+08:00,20261001,13:30:22,33460,tse,2330,台積電,20261001,-,2510.0000,13:29:57,14277,-,-,13:24:59,2505.0000,13,12,200,
close_window,2026-10-01T13:30:53.000+08:00,2026-10-01T13:30:53.000+08:00,2026-10-01T13:30:56.454+08:00,20261001,13:30:22,33460,tse,2454,聯發科,20261001,-,4985.0000,13:29:56,3472,-,-,13:24:52,4970.0000,1,12,200,
close_window,2026-10-01T13:30:54.000+08:00,2026-10-01T13:30:54.000+08:00,2026-10-01T13:30:54.405+08:00,20261001,13:30:22,31541,otc,1240,茂生農經,20261001,-,-,13:25:17,16,-,-,13:01:42,54.1000,1,20,200,
close_window,2026-10-01T13:30:54.000+08:00,2026-10-01T13:30:54.000+08:00,2026-10-01T13:30:54.405+08:00,20261001,13:30:22,31541,otc,1781,合世,20261001,-,-,13:30:00,30,-,-,13:18:45,9.9900,1,20,200,
close_window,2026-10-01T13:30:54.000+08:00,2026-10-01T13:30:54.000+08:00,2026-10-01T13:30:54.405+08:00,20261001,13:30:22,31541,otc,1813,寶利徠,20261001,-,-,13:30:00,5,-,-,13:02:38,11.3000,2,20,200,
close_window,2026-10-01T13:30:54.000+08:00,2026-10-01T13:30:54.000+08:00,2026-10-01T13:30:54.405+08:00,20261001,13:30:22,31541,tse,1341,富林-KY,20261001,-,-,13:25:16,2,-,-,13:14:14,59.0000,1,20,200,
close_window,2026-10-01T13:30:54.000+08:00,2026-10-01T13:30:54.000+08:00,2026-10-01T13:30:54.405+08:00,20261001,13:30:22,31541,tse,1410,南染,20261001,24.1500,24.1500,13:30:00,39,2,2,13:30:00,24.1500,2,20,200,
close_window,2026-10-01T13:30:54.000+08:00,2026-10-01T13:30:54.000+08:00,2026-10-01T13:30:54.405+08:00,20261001,13:30:22,31541,tse,2317,鴻海,20261001,253.5000,253.5000,13:29:55,22988,1,1,13:24:59,253.5000,1,20,200,
close_window,2026-10-01T13:30:54.000+08:00,2026-10-01T13:30:54.000+08:00,2026-10-01T13:30:54.405+08:00,20261001,13:30:22,31541,tse,2330,台積電,20261001,-,2510.0000,13:29:57,14277,-,-,13:24:59,2505.0000,13,12,200,
close_window,2026-10-01T13:30:54.000+08:00,2026-10-01T13:30:54.000+08:00,2026-10-01T13:30:54.405+08:00,20261001,13:30:22,31541,tse,2454,聯發科,20261001,-,4985.0000,13:29:56,3472,-,-,13:24:52,4970.0000,1,12,200,
close_window,2026-10-01T13:30:55.000+08:00,2026-10-01T13:30:55.000+08:00,2026-10-01T13:30:59.560+08:00,20261001,13:30:22,36404,otc,1240,茂生農經,20261001,-,-,13:25:17,16,-,-,13:01:42,54.1000,1,20,200,
close_window,2026-10-01T13:30:55.000+08:00,2026-10-01T13:30:55.000+08:00,2026-10-01T13:30:59.560+08:00,20261001,13:30:22,36404,otc,1781,合世,20261001,-,-,13:30:00,30,-,-,13:18:45,9.9900,1,20,200,
close_window,2026-10-01T13:30:55.000+08:00,2026-10-01T13:30:55.000+08:00,2026-10-01T13:30:59.560+08:00,20261001,13:30:22,36404,otc,1813,寶利徠,20261001,-,-,13:30:00,5,-,-,13:02:38,11.3000,2,20,200,
close_window,2026-10-01T13:30:55.000+08:00,2026-10-01T13:30:55.000+08:00,2026-10-01T13:30:59.560+08:00,20261001,13:30:22,36404,tse,1341,富林-KY,20261001,-,-,13:25:16,2,-,-,13:14:14,59.0000,1,20,200,
close_window,2026-10-01T13:30:55.000+08:00,2026-10-01T13:30:55.000+08:00,2026-10-01T13:30:59.560+08:00,20261001,13:30:22,36404,tse,1410,南染,20261001,24.1500,24.1500,13:30:00,39,2,2,13:30:00,24.1500,2,20,200,
close_window,2026-10-01T13:30:55.000+08:00,2026-10-01T13:30:55.000+08:00,2026-10-01T13:30:59.560+08:00,20261001,13:30:22,36404,tse,2317,鴻海,20261001,253.5000,253.5000,13:29:55,22988,1,1,13:24:59,253.5000,1,20,200,
close_window,2026-10-01T13:30:55.000+08:00,2026-10-01T13:30:55.000+08:00,2026-10-01T13:30:59.560+08:00,20261001,13:30:22,36404,tse,2330,台積電,20261001,-,2510.0000,13:29:57,14277,-,-,13:24:59,2505.0000,13,12,200,
close_window,2026-10-01T13:30:55.000+08:00,2026-10-01T13:30:55.000+08:00,2026-10-01T13:30:59.560+08:00,20261001,13:30:22,36404,tse,2454,聯發科,20261001,-,4985.0000,13:29:56,3472,-,-,13:24:52,4970.0000,1,12,200,
close_window,2026-10-01T13:30:56.000+08:00,2026-10-01T13:30:56.000+08:00,2026-10-01T13:30:59.010+08:00,20261001,13:30:22,35238,otc,1240,茂生農經,20261001,-,-,13:25:17,16,-,-,13:01:42,54.1000,1,20,200,
close_window,2026-10-01T13:30:56.000+08:00,2026-10-01T13:30:56.000+08:00,2026-10-01T13:30:59.010+08:00,20261001,13:30:22,35238,otc,1781,合世,20261001,-,-,13:30:00,30,-,-,13:18:45,9.9900,1,20,200,
close_window,2026-10-01T13:30:56.000+08:00,2026-10-01T13:30:56.000+08:00,2026-10-01T13:30:59.010+08:00,20261001,13:30:22,35238,otc,1813,寶利徠,20261001,-,-,13:30:00,5,-,-,13:02:38,11.3000,2,20,200,
close_window,2026-10-01T13:30:56.000+08:00,2026-10-01T13:30:56.000+08:00,2026-10-01T13:30:59.010+08:00,20261001,13:30:22,35238,tse,1341,富林-KY,20261001,-,-,13:25:16,2,-,-,13:14:14,59.0000,1,20,200,
close_window,2026-10-01T13:30:56.000+08:00,2026-10-01T13:30:56.000+08:00,2026-10-01T13:30:59.010+08:00,20261001,13:30:22,35238,tse,1410,南染,20261001,24.1500,24.1500,13:30:00,39,2,2,13:30:00,24.1500,2,20,200,
close_window,2026-10-01T13:30:56.000+08:00,2026-10-01T13:30:56.000+08:00,2026-10-01T13:30:59.010+08:00,20261001,13:30:22,35238,tse,2317,鴻海,20261001,253.5000,253.5000,13:29:55,22988,1,1,13:24:59,253.5000,1,20,200,
close_window,2026-10-01T13:30:56.000+08:00,2026-10-01T13:30:56.000+08:00,2026-10-01T13:30:59.010+08:00,20261001,13:30:22,35238,tse,2330,台積電,20261001,-,2510.0000,13:29:57,14277,-,-,13:24:59,2505.0000,13,12,200,
close_window,2026-10-01T13:30:56.000+08:00,2026-10-01T13:30:56.000+08:00,2026-10-01T13:30:59.010+08:00,20261001,13:30:22,35238,tse,2454,聯發科,20261001,-,4985.0000,13:29:56,3472,-,-,13:24:52,4970.0000,1,12,200,
close_window,2026-10-01T13:30:57.000+08:00,2026-10-01T13:30:57.000+08:00,2026-10-01T13:30:59.879+08:00,20261001,13:30:22,36886,otc,1240,茂生農經,20261001,-,-,13:25:17,16,-,-,13:01:42,54.1000,1,20,200,
close_window,2026-10-01T13:30:57.000+08:00,2026-10-01T13:30:57.000+08:00,2026-10-01T13:30:59.879+08:00,20261001,13:30:22,36886,otc,1781,合世,20261001,-,-,13:30:00,30,-,-,13:18:45,9.9900,1,20,200,
close_window,2026-10-01T13:30:57.000+08:00,2026-10-01T13:30:57.000+08:00,2026-10-01T13:30:59.879+08:00,20261001,13:30:22,36886,otc,1813,寶利徠,20261001,-,-,13:30:00,5,-,-,13:02:38,11.3000,2,20,200,
close_window,2026-10-01T13:30:57.000+08:00,2026-10-01T13:30:57.000+08:00,2026-10-01T13:30:59.879+08:00,20261001,13:30:22,36886,tse,1341,富林-KY,20261001,-,-,13:25:16,2,-,-,13:14:14,59.0000,1,20,200,
close_window,2026-10-01T13:30:57.000+08:00,2026-10-01T13:30:57.000+08:00,2026-10-01T13:30:59.879+08:00,20261001,13:30:22,36886,tse,1410,南染,20261001,24.1500,24.1500,13:30:00,39,2,2,13:30:00,24.1500,2,20,200,
close_window,2026-10-01T13:30:57.000+08:00,2026-10-01T13:30:57.000+08:00,2026-10-01T13:30:59.879+08:00,20261001,13:30:22,36886,tse,2317,鴻海,20261001,253.5000,253.5000,13:29:55,22988,1,1,13:24:59,253.5000,1,20,200,
close_window,2026-10-01T13:30:57.000+08:00,2026-10-01T13:30:57.000+08:00,2026-10-01T13:30:59.879+08:00,20261001,13:30:22,36886,tse,2330,台積電,20261001,-,2510.0000,13:29:57,14277,-,-,13:24:59,2505.0000,13,12,200,
close_window,2026-10-01T13:30:57.000+08:00,2026-10-01T13:30:57.000+08:00,2026-10-01T13:30:59.879+08:00,20261001,13:30:22,36886,tse,2454,聯發科,20261001,-,4985.0000,13:29:56,3472,-,-,13:24:52,4970.0000,1,12,200,
close_window,2026-10-01T13:30:58.000+08:00,2026-10-01T13:30:58.000+08:00,2026-10-01T13:30:58.671+08:00,20261001,13:30:22,35672,otc,1240,茂生農經,20261001,-,-,13:25:17,16,-,-,13:01:42,54.1000,1,20,200,
close_window,2026-10-01T13:30:58.000+08:00,2026-10-01T13:30:58.000+08:00,2026-10-01T13:30:58.671+08:00,20261001,13:30:22,35672,otc,1781,合世,20261001,-,-,13:30:00,30,-,-,13:18:45,9.9900,1,20,200,
close_window,2026-10-01T13:30:58.000+08:00,2026-10-01T13:30:58.000+08:00,2026-10-01T13:30:58.671+08:00,20261001,13:30:22,35672,otc,1813,寶利徠,20261001,-,-,13:30:00,5,-,-,13:02:38,11.3000,2,20,200,
close_window,2026-10-01T13:30:58.000+08:00,2026-10-01T13:30:58.000+08:00,2026-10-01T13:30:58.671+08:00,20261001,13:30:22,35672,tse,1341,富林-KY,20261001,-,-,13:25:16,2,-,-,13:14:14,59.0000,1,20,200,
close_window,2026-10-01T13:30:58.000+08:00,2026-10-01T13:30:58.000+08:00,2026-10-01T13:30:58.671+08:00,20261001,13:30:22,35672,tse,1410,南染,20261001,24.1500,24.1500,13:30:00,39,2,2,13:30:00,24.1500,2,20,200,
close_window,2026-10-01T13:30:58.000+08:00,2026-10-01T13:30:58.000+08:00,2026-10-01T13:30:58.671+08:00,20261001,13:30:22,35672,tse,2317,鴻海,20261001,253.5000,253.5000,13:29:55,22988,1,1,13:24:59,253.5000,1,20,200,
close_window,2026-10-01T13:30:58.000+08:00,2026-10-01T13:30:58.000+08:00,2026-10-01T13:30:58.671+08:00,20261001,13:30:22,35672,tse,2330,台積電,20261001,-,2510.0000,13:29:57,14277,-,-,13:24:59,2505.0000,13,12,200,
close_window,2026-10-01T13:30:58.000+08:00,2026-10-01T13:30:58.000+08:00,2026-10-01T13:30:58.671+08:00,20261001,13:30:22,35672,tse,2454,聯發科,20261001,-,4985.0000,13:29:56,3472,-,-,13:24:52,4970.0000,1,12,200,
close_window,2026-10-01T13:30:59.000+08:00,2026-10-01T13:30:59.000+08:00,2026-10-01T13:31:00.260+08:00,20261001,13:30:22,37190,otc,1240,茂生農經,20261001,-,-,13:25:17,16,-,-,13:01:42,54.1000,1,20,200,
close_window,2026-10-01T13:30:59.000+08:00,2026-10-01T13:30:59.000+08:00,2026-10-01T13:31:00.260+08:00,20261001,13:30:22,37190,otc,1781,合世,20261001,-,-,13:30:00,30,-,-,13:18:45,9.9900,1,20,200,
close_window,2026-10-01T13:30:59.000+08:00,2026-10-01T13:30:59.000+08:00,2026-10-01T13:31:00.260+08:00,20261001,13:30:22,37190,otc,1813,寶利徠,20261001,-,-,13:30:00,5,-,-,13:02:38,11.3000,2,20,200,
close_window,2026-10-01T13:30:59.000+08:00,2026-10-01T13:30:59.000+08:00,2026-10-01T13:31:00.260+08:00,20261001,13:30:22,37190,tse,1341,富林-KY,20261001,-,-,13:25:16,2,-,-,13:14:14,59.0000,1,20,200,
close_window,2026-10-01T13:30:59.000+08:00,2026-10-01T13:30:59.000+08:00,2026-10-01T13:31:00.260+08:00,20261001,13:30:22,37190,tse,1410,南染,20261001,24.1500,24.1500,13:30:00,39,2,2,13:30:00,24.1500,2,20,200,
close_window,2026-10-01T13:30:59.000+08:00,2026-10-01T13:30:59.000+08:00,2026-10-01T13:31:00.260+08:00,20261001,13:30:22,37190,tse,2317,鴻海,20261001,253.5000,253.5000,13:29:55,22988,1,1,13:24:59,253.5000,1,20,200,
close_window,2026-10-01T13:30:59.000+08:00,2026-10-01T13:30:59.000+08:00,2026-10-01T13:31:00.260+08:00,20261001,13:30:22,37190,tse,2330,台積電,20261001,-,2510.0000,13:29:57,14277,-,-,13:24:59,2505.0000,13,12,200,
close_window,2026-10-01T13:30:59.000+08:00,2026-10-01T13:30:59.000+08:00,2026-10-01T13:31:00.260+08:00,20261001,13:30:22,37190,tse,2454,聯發科,20261001,-,4985.0000,13:29:56,3472,-,-,13:24:52,4970.0000,1,12,200,
close_window,2026-10-01T13:31:00.000+08:00,2026-10-01T13:31:00.000+08:00,2026-10-01T13:31:00.566+08:00,20261001,13:30:22,37703,otc,1240,茂生農經,20261001,-,-,13:25:17,16,-,-,13:01:42,54.1000,1,20,200,
close_window,2026-10-01T13:31:00.000+08:00,2026-10-01T13:31:00.000+08:00,2026-10-01T13:31:00.566+08:00,20261001,13:30:22,37703,otc,1781,合世,20261001,-,-,13:30:00,30,-,-,13:18:45,9.9900,1,20,200,
close_window,2026-10-01T13:31:00.000+08:00,2026-10-01T13:31:00.000+08:00,2026-10-01T13:31:00.566+08:00,20261001,13:30:22,37703,otc,1813,寶利徠,20261001,-,-,13:30:00,5,-,-,13:02:38,11.3000,2,20,200,
close_window,2026-10-01T13:31:00.000+08:00,2026-10-01T13:31:00.000+08:00,2026-10-01T13:31:00.566+08:00,20261001,13:30:22,37703,tse,1341,富林-KY,20261001,-,-,13:25:16,2,-,-,13:14:14,59.0000,1,20,200,
close_window,2026-10-01T13:31:00.000+08:00,2026-10-01T13:31:00.000+08:00,2026-10-01T13:31:00.566+08:00,20261001,13:30:22,37703,tse,1410,南染,20261001,24.1500,24.1500,13:30:00,39,2,2,13:30:00,24.1500,2,20,200,
close_window,2026-10-01T13:31:00.000+08:00,2026-10-01T13:31:00.000+08:00,2026-10-01T13:31:00.566+08:00,20261001,13:30:22,37703,tse,2317,鴻海,20261001,253.5000,253.5000,13:29:55,22988,1,1,13:24:59,253.5000,1,20,200,
close_window,2026-10-01T13:31:00.000+08:00,2026-10-01T13:31:00.000+08:00,2026-10-01T13:31:00.566+08:00,20261001,13:30:22,37703,tse,2330,台積電,20261001,-,2510.0000,13:29:57,14277,-,-,13:24:59,2505.0000,13,12,200,
close_window,2026-10-01T13:31:00.000+08:00,2026-10-01T13:31:00.000+08:00,2026-10-01T13:31:00.566+08:00,20261001,13:30:22,37703,tse,2454,聯發科,20261001,-,4985.0000,13:29:56,3472,-,-,13:24:52,4970.0000,1,12,200,
close_window,2026-10-01T13:31:01.000+08:00,2026-10-01T13:31:01.000+08:00,2026-10-01T13:31:02.305+08:00,20261001,13:30:22,38805,otc,1240,茂生農經,20261001,-,-,13:25:17,16,-,-,13:01:42,54.1000,1,20,200,
close_window,2026-10-01T13:31:01.000+08:00,2026-10-01T13:31:01.000+08:00,2026-10-01T13:31:02.305+08:00,20261001,13:30:22,38805,otc,1781,合世,20261001,-,-,13:30:00,30,-,-,13:18:45,9.9900,1,20,200,
close_window,2026-10-01T13:31:01.000+08:00,2026-10-01T13:31:01.000+08:00,2026-10-01T13:31:02.305+08:00,20261001,13:30:22,38805,otc,1813,寶利徠,20261001,-,-,13:30:00,5,-,-,13:02:38,11.3000,2,20,200,
close_window,2026-10-01T13:31:01.000+08:00,2026-10-01T13:31:01.000+08:00,2026-10-01T13:31:02.305+08:00,20261001,13:30:22,38805,tse,1341,富林-KY,20261001,-,-,13:25:16,2,-,-,13:14:14,59.0000,1,20,200,
close_window,2026-10-01T13:31:01.000+08:00,2026-10-01T13:31:01.000+08:00,2026-10-01T13:31:02.305+08:00,20261001,13:30:22,38805,tse,1410,南染,20261001,24.1500,24.1500,13:30:00,39,2,2,13:30:00,24.1500,2,20,200,
close_window,2026-10-01T13:31:01.000+08:00,2026-10-01T13:31:01.000+08:00,2026-10-01T13:31:02.305+08:00,20261001,13:30:22,38805,tse,2317,鴻海,20261001,253.5000,253.5000,13:29:55,22988,1,1,13:24:59,253.5000,1,20,200,
close_window,2026-10-01T13:31:01.000+08:00,2026-10-01T13:31:01.000+08:00,2026-10-01T13:31:02.305+08:00,20261001,13:30:22,38805,tse,2330,台積電,20261001,-,2510.0000,13:29:57,14277,-,-,13:24:59,2505.0000,13,12,200,
close_window,2026-10-01T13:31:01.000+08:00,2026-10-01T13:31:01.000+08:00,2026-10-01T13:31:02.305+08:00,20261001,13:30:22,38805,tse,2454,聯發科,20261001,-,4985.0000,13:29:56,3472,-,-,13:24:52,4970.0000,1,12,200,
close_window,2026-10-01T13:31:02.000+08:00,2026-10-01T13:31:02.000+08:00,2026-10-01T13:31:07.509+08:00,20261001,13:30:22,42739,otc,1240,茂生農經,20261001,-,-,13:25:17,16,-,-,13:01:42,54.1000,1,20,200,
close_window,2026-10-01T13:31:02.000+08:00,2026-10-01T13:31:02.000+08:00,2026-10-01T13:31:07.509+08:00,20261001,13:30:22,42739,otc,1781,合世,20261001,-,-,13:30:00,30,-,-,13:18:45,9.9900,1,20,200,
close_window,2026-10-01T13:31:02.000+08:00,2026-10-01T13:31:02.000+08:00,2026-10-01T13:31:07.509+08:00,20261001,13:30:22,42739,otc,1813,寶利徠,20261001,-,-,13:30:00,5,-,-,13:02:38,11.3000,2,20,200,
close_window,2026-10-01T13:31:02.000+08:00,2026-10-01T13:31:02.000+08:00,2026-10-01T13:31:07.509+08:00,20261001,13:30:22,42739,tse,1341,富林-KY,20261001,-,-,13:25:16,2,-,-,13:14:14,59.0000,1,20,200,
close_window,2026-10-01T13:31:02.000+08:00,2026-10-01T13:31:02.000+08:00,2026-10-01T13:31:07.509+08:00,20261001,13:30:22,42739,tse,1410,南染,20261001,24.1500,24.1500,13:30:00,39,2,2,13:30:00,24.1500,2,20,200,
close_window,2026-10-01T13:31:02.000+08:00,2026-10-01T13:31:02.000+08:00,2026-10-01T13:31:07.509+08:00,20261001,13:30:22,42739,tse,2317,鴻海,20261001,253.5000,253.5000,13:29:55,22988,1,1,13:24:59,253.5000,1,20,200,
close_window,2026-10-01T13:31:02.000+08:00,2026-10-01T13:31:02.000+08:00,2026-10-01T13:31:07.509+08:00,20261001,13:30:22,42739,tse,2330,台積電,20261001,-,2510.0000,13:29:57,14277,-,-,13:24:59,2505.0000,13,12,200,
close_window,2026-10-01T13:31:02.000+08:00,2026-10-01T13:31:02.000+08:00,2026-10-01T13:31:07.509+08:00,20261001,13:30:22,42739,tse,2454,聯發科,20261001,-,4985.0000,13:29:56,3472,-,-,13:24:52,4970.0000,1,12,200,
close_window,2026-10-01T13:31:03.000+08:00,2026-10-01T13:31:03.000+08:00,2026-10-01T13:31:05.556+08:00,20261001,13:30:22,42008,otc,1240,茂生農經,20261001,-,-,13:25:17,16,-,-,13:01:42,54.1000,1,20,200,
close_window,2026-10-01T13:31:03.000+08:00,2026-10-01T13:31:03.000+08:00,2026-10-01T13:31:05.556+08:00,20261001,13:30:22,42008,otc,1781,合世,20261001,-,-,13:30:00,30,-,-,13:18:45,9.9900,1,20,200,
close_window,2026-10-01T13:31:03.000+08:00,2026-10-01T13:31:03.000+08:00,2026-10-01T13:31:05.556+08:00,20261001,13:30:22,42008,otc,1813,寶利徠,20261001,-,-,13:30:00,5,-,-,13:02:38,11.3000,2,20,200,
close_window,2026-10-01T13:31:03.000+08:00,2026-10-01T13:31:03.000+08:00,2026-10-01T13:31:05.556+08:00,20261001,13:30:22,42008,tse,1341,富林-KY,20261001,-,-,13:25:16,2,-,-,13:14:14,59.0000,1,20,200,
close_window,2026-10-01T13:31:03.000+08:00,2026-10-01T13:31:03.000+08:00,2026-10-01T13:31:05.556+08:00,20261001,13:30:22,42008,tse,1410,南染,20261001,24.1500,24.1500,13:30:00,39,2,2,13:30:00,24.1500,2,20,200,
close_window,2026-10-01T13:31:03.000+08:00,2026-10-01T13:31:03.000+08:00,2026-10-01T13:31:05.556+08:00,20261001,13:30:22,42008,tse,2317,鴻海,20261001,253.5000,253.5000,13:29:55,22988,1,1,13:24:59,253.5000,1,20,200,
close_window,2026-10-01T13:31:03.000+08:00,2026-10-01T13:31:03.000+08:00,2026-10-01T13:31:05.556+08:00,20261001,13:30:22,42008,tse,2330,台積電,20261001,-,2510.0000,13:29:57,14277,-,-,13:24:59,2505.0000,13,12,200,
close_window,2026-10-01T13:31:03.000+08:00,2026-10-01T13:31:03.000+08:00,2026-10-01T13:31:05.556+08:00,20261001,13:30:22,42008,tse,2454,聯發科,20261001,-,4985.0000,13:29:56,3472,-,-,13:24:52,4970.0000,1,12,200,
close_window,2026-10-01T13:31:04.000+08:00,2026-10-01T13:31:04.000+08:00,2026-10-01T13:31:04.411+08:00,20261001,13:30:22,41545,otc,1240,茂生農經,20261001,-,-,13:25:17,16,-,-,13:01:42,54.1000,1,20,200,
close_window,2026-10-01T13:31:04.000+08:00,2026-10-01T13:31:04.000+08:00,2026-10-01T13:31:04.411+08:00,20261001,13:30:22,41545,otc,1781,合世,20261001,-,-,13:30:00,30,-,-,13:18:45,9.9900,1,20,200,
close_window,2026-10-01T13:31:04.000+08:00,2026-10-01T13:31:04.000+08:00,2026-10-01T13:31:04.411+08:00,20261001,13:30:22,41545,otc,1813,寶利徠,20261001,-,-,13:30:00,5,-,-,13:02:38,11.3000,2,20,200,
close_window,2026-10-01T13:31:04.000+08:00,2026-10-01T13:31:04.000+08:00,2026-10-01T13:31:04.411+08:00,20261001,13:30:22,41545,tse,1341,富林-KY,20261001,-,-,13:25:16,2,-,-,13:14:14,59.0000,1,20,200,
close_window,2026-10-01T13:31:04.000+08:00,2026-10-01T13:31:04.000+08:00,2026-10-01T13:31:04.411+08:00,20261001,13:30:22,41545,tse,1410,南染,20261001,24.1500,24.1500,13:30:00,39,2,2,13:30:00,24.1500,2,20,200,
close_window,2026-10-01T13:31:04.000+08:00,2026-10-01T13:31:04.000+08:00,2026-10-01T13:31:04.411+08:00,20261001,13:30:22,41545,tse,2317,鴻海,20261001,253.5000,253.5000,13:29:55,22988,1,1,13:24:59,253.5000,1,20,200,
close_window,2026-10-01T13:31:04.000+08:00,2026-10-01T13:31:04.000+08:00,2026-10-01T13:31:04.411+08:00,20261001,13:30:22,41545,tse,2330,台積電,20261001,-,2510.0000,13:29:57,14277,-,-,13:24:59,2505.0000,13,12,200,
close_window,2026-10-01T13:31:04.000+08:00,2026-10-01T13:31:04.000+08:00,2026-10-01T13:31:04.411+08:00,20261001,13:30:22,41545,tse,2454,聯發科,20261001,-,4985.0000,13:29:56,3472,-,-,13:24:52,4970.0000,1,12,200,
close_window,2026-10-01T13:31:05.000+08:00,2026-10-01T13:31:05.000+08:00,2026-10-01T13:31:06.188+08:00,20261001,13:30:22,43196,otc,1240,茂生農經,20261001,-,-,13:25:17,16,-,-,13:01:42,54.1000,1,20,200,
close_window,2026-10-01T13:31:05.000+08:00,2026-10-01T13:31:05.000+08:00,2026-10-01T13:31:06.188+08:00,20261001,13:30:22,43196,otc,1781,合世,20261001,-,-,13:30:00,30,-,-,13:18:45,9.9900,1,20,200,
close_window,2026-10-01T13:31:05.000+08:00,2026-10-01T13:31:05.000+08:00,2026-10-01T13:31:06.188+08:00,20261001,13:30:22,43196,otc,1813,寶利徠,20261001,-,-,13:30:00,5,-,-,13:02:38,11.3000,2,20,200,
close_window,2026-10-01T13:31:05.000+08:00,2026-10-01T13:31:05.000+08:00,2026-10-01T13:31:06.188+08:00,20261001,13:30:22,43196,tse,1341,富林-KY,20261001,-,-,13:25:16,2,-,-,13:14:14,59.0000,1,20,200,
close_window,2026-10-01T13:31:05.000+08:00,2026-10-01T13:31:05.000+08:00,2026-10-01T13:31:06.188+08:00,20261001,13:30:22,43196,tse,1410,南染,20261001,24.1500,24.1500,13:30:00,39,2,2,13:30:00,24.1500,2,20,200,
close_window,2026-10-01T13:31:05.000+08:00,2026-10-01T13:31:05.000+08:00,2026-10-01T13:31:06.188+08:00,20261001,13:30:22,43196,tse,2317,鴻海,20261001,253.5000,253.5000,13:29:55,22988,1,1,13:24:59,253.5000,1,20,200,
close_window,2026-10-01T13:31:05.000+08:00,2026-10-01T13:31:05.000+08:00,2026-10-01T13:31:06.188+08:00,20261001,13:30:22,43196,tse,2330,台積電,20261001,-,2510.0000,13:29:57,14277,-,-,13:24:59,2505.0000,13,12,200,
close_window,2026-10-01T13:31:05.000+08:00,2026-10-01T13:31:05.000+08:00,2026-10-01T13:31:06.188+08:00,20261001,13:30:22,43196,tse,2454,聯發科,20261001,-,4985.0000,13:29:56,3472,-,-,13:24:52,4970.0000,1,12,200,
close_window,2026-10-01T13:31:06.000+08:00,2026-10-01T13:31:06.000+08:00,2026-10-01T13:31:08.722+08:00,20261001,13:30:22,44989,otc,1240,茂生農經,20261001,-,-,13:25:17,16,-,-,13:01:42,54.1000,1,20,200,
close_window,2026-10-01T13:31:06.000+08:00,2026-10-01T13:31:06.000+08:00,2026-10-01T13:31:08.722+08:00,20261001,13:30:22,44989,otc,1781,合世,20261001,-,-,13:30:00,30,-,-,13:18:45,9.9900,1,20,200,
close_window,2026-10-01T13:31:06.000+08:00,2026-10-01T13:31:06.000+08:00,2026-10-01T13:31:08.722+08:00,20261001,13:30:22,44989,otc,1813,寶利徠,20261001,-,-,13:30:00,5,-,-,13:02:38,11.3000,2,20,200,
close_window,2026-10-01T13:31:06.000+08:00,2026-10-01T13:31:06.000+08:00,2026-10-01T13:31:08.722+08:00,20261001,13:30:22,44989,tse,1341,富林-KY,20261001,-,-,13:25:16,2,-,-,13:14:14,59.0000,1,20,200,
close_window,2026-10-01T13:31:06.000+08:00,2026-10-01T13:31:06.000+08:00,2026-10-01T13:31:08.722+08:00,20261001,13:30:22,44989,tse,1410,南染,20261001,24.1500,24.1500,13:30:00,39,2,2,13:30:00,24.1500,2,20,200,
close_window,2026-10-01T13:31:06.000+08:00,2026-10-01T13:31:06.000+08:00,2026-10-01T13:31:08.722+08:00,20261001,13:30:22,44989,tse,2317,鴻海,20261001,253.5000,253.5000,13:29:55,22988,1,1,13:24:59,253.5000,1,20,200,
close_window,2026-10-01T13:31:06.000+08:00,2026-10-01T13:31:06.000+08:00,2026-10-01T13:31:08.722+08:00,20261001,13:30:22,44989,tse,2330,台積電,20261001,-,2510.0000,13:29:57,14277,-,-,13:24:59,2505.0000,13,12,200,
close_window,2026-10-01T13:31:06.000+08:00,2026-10-01T13:31:06.000+08:00,2026-10-01T13:31:08.722+08:00,20261001,13:30:22,44989,tse,2454,聯發科,20261001,-,4985.0000,13:29:56,3472,-,-,13:24:52,4970.0000,1,12,200,
close_window,2026-10-01T13:31:07.000+08:00,2026-10-01T13:31:07.000+08:00,2026-10-01T13:31:07.538+08:00,20261001,13:30:22,44545,otc,1240,茂生農經,20261001,-,-,13:25:17,16,-,-,13:01:42,54.1000,1,20,200,
close_window,2026-10-01T13:31:07.000+08:00,2026-10-01T13:31:07.000+08:00,2026-10-01T13:31:07.538+08:00,20261001,13:30:22,44545,otc,1781,合世,20261001,-,-,13:30:00,30,-,-,13:18:45,9.9900,1,20,200,
close_window,2026-10-01T13:31:07.000+08:00,2026-10-01T13:31:07.000+08:00,2026-10-01T13:31:07.538+08:00,20261001,13:30:22,44545,otc,1813,寶利徠,20261001,-,-,13:30:00,5,-,-,13:02:38,11.3000,2,20,200,
close_window,2026-10-01T13:31:07.000+08:00,2026-10-01T13:31:07.000+08:00,2026-10-01T13:31:07.538+08:00,20261001,13:30:22,44545,tse,1341,富林-KY,20261001,-,-,13:25:16,2,-,-,13:14:14,59.0000,1,20,200,
close_window,2026-10-01T13:31:07.000+08:00,2026-10-01T13:31:07.000+08:00,2026-10-01T13:31:07.538+08:00,20261001,13:30:22,44545,tse,1410,南染,20261001,24.1500,24.1500,13:30:00,39,2,2,13:30:00,24.1500,2,20,200,
close_window,2026-10-01T13:31:07.000+08:00,2026-10-01T13:31:07.000+08:00,2026-10-01T13:31:07.538+08:00,20261001,13:30:22,44545,tse,2317,鴻海,20261001,253.5000,253.5000,13:29:55,22988,1,1,13:24:59,253.5000,1,20,200,
close_window,2026-10-01T13:31:07.000+08:00,2026-10-01T13:31:07.000+08:00,2026-10-01T13:31:07.538+08:00,20261001,13:30:22,44545,tse,2330,台積電,20261001,-,2510.0000,13:29:57,14277,-,-,13:24:59,2505.0000,13,12,200,
close_window,2026-10-01T13:31:07.000+08:00,2026-10-01T13:31:07.000+08:00,2026-10-01T13:31:07.538+08:00,20261001,13:30:22,44545,tse,2454,聯發科,20261001,-,4985.0000,13:29:56,3472,-,-,13:24:52,4970.0000,1,12,200,
close_window,2026-10-01T13:31:08.000+08:00,2026-10-01T13:31:08.000+08:00,2026-10-01T13:31:16.013+08:00,20261001,13:30:22,52858,otc,1240,茂生農經,20261001,-,-,13:25:17,16,-,-,13:01:42,54.1000,1,20,200,
close_window,2026-10-01T13:31:08.000+08:00,2026-10-01T13:31:08.000+08:00,2026-10-01T13:31:16.013+08:00,20261001,13:30:22,52858,otc,1781,合世,20261001,-,-,13:30:00,30,-,-,13:18:45,9.9900,1,20,200,
close_window,2026-10-01T13:31:08.000+08:00,2026-10-01T13:31:08.000+08:00,2026-10-01T13:31:16.013+08:00,20261001,13:30:22,52858,otc,1813,寶利徠,20261001,-,-,13:30:00,5,-,-,13:02:38,11.3000,2,20,200,
close_window,2026-10-01T13:31:08.000+08:00,2026-10-01T13:31:08.000+08:00,2026-10-01T13:31:16.013+08:00,20261001,13:30:22,52858,tse,1341,富林-KY,20261001,-,-,13:25:16,2,-,-,13:14:14,59.0000,1,20,200,
close_window,2026-10-01T13:31:08.000+08:00,2026-10-01T13:31:08.000+08:00,2026-10-01T13:31:16.013+08:00,20261001,13:30:22,52858,tse,1410,南染,20261001,24.1500,24.1500,13:30:00,39,2,2,13:30:00,24.1500,2,20,200,
close_window,2026-10-01T13:31:08.000+08:00,2026-10-01T13:31:08.000+08:00,2026-10-01T13:31:16.013+08:00,20261001,13:30:22,52858,tse,2317,鴻海,20261001,253.5000,253.5000,13:29:55,22988,1,1,13:24:59,253.5000,1,20,200,
close_window,2026-10-01T13:31:08.000+08:00,2026-10-01T13:31:08.000+08:00,2026-10-01T13:31:16.013+08:00,20261001,13:30:22,52858,tse,2330,台積電,20261001,-,2510.0000,13:29:57,14277,-,-,13:24:59,2505.0000,13,12,200,
close_window,2026-10-01T13:31:08.000+08:00,2026-10-01T13:31:08.000+08:00,2026-10-01T13:31:16.013+08:00,20261001,13:30:22,52858,tse,2454,聯發科,20261001,-,4985.0000,13:29:56,3472,-,-,13:24:52,4970.0000,1,12,200,
close_window,2026-10-01T13:31:09.000+08:00,2026-10-01T13:31:09.000+08:00,2026-10-01T13:31:16.967+08:00,20261001,13:30:22,53145,otc,1240,茂生農經,20261001,-,-,13:25:17,16,-,-,13:01:42,54.1000,1,20,200,
close_window,2026-10-01T13:31:09.000+08:00,2026-10-01T13:31:09.000+08:00,2026-10-01T13:31:16.967+08:00,20261001,13:30:22,53145,otc,1781,合世,20261001,-,-,13:30:00,30,-,-,13:18:45,9.9900,1,20,200,
close_window,2026-10-01T13:31:09.000+08:00,2026-10-01T13:31:09.000+08:00,2026-10-01T13:31:16.967+08:00,20261001,13:30:22,53145,otc,1813,寶利徠,20261001,-,-,13:30:00,5,-,-,13:02:38,11.3000,2,20,200,
close_window,2026-10-01T13:31:09.000+08:00,2026-10-01T13:31:09.000+08:00,2026-10-01T13:31:16.967+08:00,20261001,13:30:22,53145,tse,1341,富林-KY,20261001,-,-,13:25:16,2,-,-,13:14:14,59.0000,1,20,200,
close_window,2026-10-01T13:31:09.000+08:00,2026-10-01T13:31:09.000+08:00,2026-10-01T13:31:16.967+08:00,20261001,13:30:22,53145,tse,1410,南染,20261001,24.1500,24.1500,13:30:00,39,2,2,13:30:00,24.1500,2,20,200,
close_window,2026-10-01T13:31:09.000+08:00,2026-10-01T13:31:09.000+08:00,2026-10-01T13:31:16.967+08:00,20261001,13:30:22,53145,tse,2317,鴻海,20261001,253.5000,253.5000,13:29:55,22988,1,1,13:24:59,253.5000,1,20,200,
close_window,2026-10-01T13:31:09.000+08:00,2026-10-01T13:31:09.000+08:00,2026-10-01T13:31:16.967+08:00,20261001,13:30:22,53145,tse,2330,台積電,20261001,-,2510.0000,13:29:57,14277,-,-,13:24:59,2505.0000,13,12,200,
close_window,2026-10-01T13:31:09.000+08:00,2026-10-01T13:31:09.000+08:00,2026-10-01T13:31:16.967+08:00,20261001,13:30:22,53145,tse,2454,聯發科,20261001,-,4985.0000,13:29:56,3472,-,-,13:24:52,4970.0000,1,12,200,
close_window,2026-10-01T13:31:10.000+08:00,2026-10-01T13:31:10.000+08:00,2026-10-01T13:31:11.578+08:00,20261001,13:30:22,48714,otc,1240,茂生農經,20261001,-,-,13:25:17,16,-,-,13:01:42,54.1000,1,20,200,
close_window,2026-10-01T13:31:10.000+08:00,2026-10-01T13:31:10.000+08:00,2026-10-01T13:31:11.578+08:00,20261001,13:30:22,48714,otc,1781,合世,20261001,-,-,13:30:00,30,-,-,13:18:45,9.9900,1,20,200,
close_window,2026-10-01T13:31:10.000+08:00,2026-10-01T13:31:10.000+08:00,2026-10-01T13:31:11.578+08:00,20261001,13:30:22,48714,otc,1813,寶利徠,20261001,-,-,13:30:00,5,-,-,13:02:38,11.3000,2,20,200,
close_window,2026-10-01T13:31:10.000+08:00,2026-10-01T13:31:10.000+08:00,2026-10-01T13:31:11.578+08:00,20261001,13:30:22,48714,tse,1341,富林-KY,20261001,-,-,13:25:16,2,-,-,13:14:14,59.0000,1,20,200,
close_window,2026-10-01T13:31:10.000+08:00,2026-10-01T13:31:10.000+08:00,2026-10-01T13:31:11.578+08:00,20261001,13:30:22,48714,tse,1410,南染,20261001,24.1500,24.1500,13:30:00,39,2,2,13:30:00,24.1500,2,20,200,
close_window,2026-10-01T13:31:10.000+08:00,2026-10-01T13:31:10.000+08:00,2026-10-01T13:31:11.578+08:00,20261001,13:30:22,48714,tse,2317,鴻海,20261001,253.5000,253.5000,13:29:55,22988,1,1,13:24:59,253.5000,1,20,200,
close_window,2026-10-01T13:31:10.000+08:00,2026-10-01T13:31:10.000+08:00,2026-10-01T13:31:11.578+08:00,20261001,13:30:22,48714,tse,2330,台積電,20261001,-,2510.0000,13:29:57,14277,-,-,13:24:59,2505.0000,13,12,200,
close_window,2026-10-01T13:31:10.000+08:00,2026-10-01T13:31:10.000+08:00,2026-10-01T13:31:11.578+08:00,20261001,13:30:22,48714,tse,2454,聯發科,20261001,-,4985.0000,13:29:56,3472,-,-,13:24:52,4970.0000,1,12,200,
close_window,2026-10-01T13:31:11.000+08:00,2026-10-01T13:31:11.000+08:00,2026-10-01T13:31:11.673+08:00,20261001,13:30:22,48810,otc,1240,茂生農經,20261001,-,-,13:25:17,16,-,-,13:01:42,54.1000,1,20,200,
close_window,2026-10-01T13:31:11.000+08:00,2026-10-01T13:31:11.000+08:00,2026-10-01T13:31:11.673+08:00,20261001,13:30:22,48810,otc,1781,合世,20261001,-,-,13:30:00,30,-,-,13:18:45,9.9900,1,20,200,
close_window,2026-10-01T13:31:11.000+08:00,2026-10-01T13:31:11.000+08:00,2026-10-01T13:31:11.673+08:00,20261001,13:30:22,48810,otc,1813,寶利徠,20261001,-,-,13:30:00,5,-,-,13:02:38,11.3000,2,20,200,
close_window,2026-10-01T13:31:11.000+08:00,2026-10-01T13:31:11.000+08:00,2026-10-01T13:31:11.673+08:00,20261001,13:30:22,48810,tse,1341,富林-KY,20261001,-,-,13:25:16,2,-,-,13:14:14,59.0000,1,20,200,
close_window,2026-10-01T13:31:11.000+08:00,2026-10-01T13:31:11.000+08:00,2026-10-01T13:31:11.673+08:00,20261001,13:30:22,48810,tse,1410,南染,20261001,24.1500,24.1500,13:30:00,39,2,2,13:30:00,24.1500,2,20,200,
close_window,2026-10-01T13:31:11.000+08:00,2026-10-01T13:31:11.000+08:00,2026-10-01T13:31:11.673+08:00,20261001,13:30:22,48810,tse,2317,鴻海,20261001,253.5000,253.5000,13:29:55,22988,1,1,13:24:59,253.5000,1,20,200,
close_window,2026-10-01T13:31:11.000+08:00,2026-10-01T13:31:11.000+08:00,2026-10-01T13:31:11.673+08:00,20261001,13:30:22,48810,tse,2330,台積電,20261001,-,2510.0000,13:29:57,14277,-,-,13:24:59,2505.0000,13,12,200,
close_window,2026-10-01T13:31:11.000+08:00,2026-10-01T13:31:11.000+08:00,2026-10-01T13:31:11.673+08:00,20261001,13:30:22,48810,tse,2454,聯發科,20261001,-,4985.0000,13:29:56,3472,-,-,13:24:52,4970.0000,1,12,200,
close_window,2026-10-01T13:31:12.000+08:00,2026-10-01T13:31:12.000+08:00,2026-10-01T13:31:13.342+08:00,20261001,13:30:22,50187,otc,1240,茂生農經,20261001,-,-,13:25:17,16,-,-,13:01:42,54.1000,1,20,200,
close_window,2026-10-01T13:31:12.000+08:00,2026-10-01T13:31:12.000+08:00,2026-10-01T13:31:13.342+08:00,20261001,13:30:22,50187,otc,1781,合世,20261001,-,-,13:30:00,30,-,-,13:18:45,9.9900,1,20,200,
close_window,2026-10-01T13:31:12.000+08:00,2026-10-01T13:31:12.000+08:00,2026-10-01T13:31:13.342+08:00,20261001,13:30:22,50187,otc,1813,寶利徠,20261001,-,-,13:30:00,5,-,-,13:02:38,11.3000,2,20,200,
close_window,2026-10-01T13:31:12.000+08:00,2026-10-01T13:31:12.000+08:00,2026-10-01T13:31:13.342+08:00,20261001,13:30:22,50187,tse,1341,富林-KY,20261001,-,-,13:25:16,2,-,-,13:14:14,59.0000,1,20,200,
close_window,2026-10-01T13:31:12.000+08:00,2026-10-01T13:31:12.000+08:00,2026-10-01T13:31:13.342+08:00,20261001,13:30:22,50187,tse,1410,南染,20261001,24.1500,24.1500,13:30:00,39,2,2,13:30:00,24.1500,2,20,200,
close_window,2026-10-01T13:31:12.000+08:00,2026-10-01T13:31:12.000+08:00,2026-10-01T13:31:13.342+08:00,20261001,13:30:22,50187,tse,2317,鴻海,20261001,253.5000,253.5000,13:29:55,22988,1,1,13:24:59,253.5000,1,20,200,
close_window,2026-10-01T13:31:12.000+08:00,2026-10-01T13:31:12.000+08:00,2026-10-01T13:31:13.342+08:00,20261001,13:30:22,50187,tse,2330,台積電,20261001,-,2510.0000,13:29:57,14277,-,-,13:24:59,2505.0000,13,12,200,
close_window,2026-10-01T13:31:12.000+08:00,2026-10-01T13:31:12.000+08:00,2026-10-01T13:31:13.342+08:00,20261001,13:30:22,50187,tse,2454,聯發科,20261001,-,4985.0000,13:29:56,3472,-,-,13:24:52,4970.0000,1,12,200,
close_window,2026-10-01T13:31:13.000+08:00,2026-10-01T13:31:13.000+08:00,2026-10-01T13:31:16.106+08:00,20261001,13:30:22,52500,otc,1240,茂生農經,20261001,-,-,13:25:17,16,-,-,13:01:42,54.1000,1,20,200,
close_window,2026-10-01T13:31:13.000+08:00,2026-10-01T13:31:13.000+08:00,2026-10-01T13:31:16.106+08:00,20261001,13:30:22,52500,otc,1781,合世,20261001,-,-,13:30:00,30,-,-,13:18:45,9.9900,1,20,200,
close_window,2026-10-01T13:31:13.000+08:00,2026-10-01T13:31:13.000+08:00,2026-10-01T13:31:16.106+08:00,20261001,13:30:22,52500,otc,1813,寶利徠,20261001,-,-,13:30:00,5,-,-,13:02:38,11.3000,2,20,200,
close_window,2026-10-01T13:31:13.000+08:00,2026-10-01T13:31:13.000+08:00,2026-10-01T13:31:16.106+08:00,20261001,13:30:22,52500,tse,1341,富林-KY,20261001,-,-,13:25:16,2,-,-,13:14:14,59.0000,1,20,200,
close_window,2026-10-01T13:31:13.000+08:00,2026-10-01T13:31:13.000+08:00,2026-10-01T13:31:16.106+08:00,20261001,13:30:22,52500,tse,1410,南染,20261001,24.1500,24.1500,13:30:00,39,2,2,13:30:00,24.1500,2,20,200,
close_window,2026-10-01T13:31:13.000+08:00,2026-10-01T13:31:13.000+08:00,2026-10-01T13:31:16.106+08:00,20261001,13:30:22,52500,tse,2317,鴻海,20261001,253.5000,253.5000,13:29:55,22988,1,1,13:24:59,253.5000,1,20,200,
close_window,2026-10-01T13:31:13.000+08:00,2026-10-01T13:31:13.000+08:00,2026-10-01T13:31:16.106+08:00,20261001,13:30:22,52500,tse,2330,台積電,20261001,-,2510.0000,13:29:57,14277,-,-,13:24:59,2505.0000,13,12,200,
close_window,2026-10-01T13:31:13.000+08:00,2026-10-01T13:31:13.000+08:00,2026-10-01T13:31:16.106+08:00,20261001,13:30:22,52500,tse,2454,聯發科,20261001,-,4985.0000,13:29:56,3472,-,-,13:24:52,4970.0000,1,12,200,
close_window,2026-10-01T13:31:14.000+08:00,2026-10-01T13:31:14.000+08:00,2026-10-01T13:31:14.832+08:00,20261001,13:30:22,51833,otc,1240,茂生農經,20261001,-,-,13:25:17,16,-,-,13:01:42,54.1000,1,20,200,
close_window,2026-10-01T13:31:14.000+08:00,2026-10-01T13:31:14.000+08:00,2026-10-01T13:31:14.832+08:00,20261001,13:30:22,51833,otc,1781,合世,20261001,-,-,13:30:00,30,-,-,13:18:45,9.9900,1,20,200,
close_window,2026-10-01T13:31:14.000+08:00,2026-10-01T13:31:14.000+08:00,2026-10-01T13:31:14.832+08:00,20261001,13:30:22,51833,otc,1813,寶利徠,20261001,-,-,13:30:00,5,-,-,13:02:38,11.3000,2,20,200,
close_window,2026-10-01T13:31:14.000+08:00,2026-10-01T13:31:14.000+08:00,2026-10-01T13:31:14.832+08:00,20261001,13:30:22,51833,tse,1341,富林-KY,20261001,-,-,13:25:16,2,-,-,13:14:14,59.0000,1,20,200,
close_window,2026-10-01T13:31:14.000+08:00,2026-10-01T13:31:14.000+08:00,2026-10-01T13:31:14.832+08:00,20261001,13:30:22,51833,tse,1410,南染,20261001,24.1500,24.1500,13:30:00,39,2,2,13:30:00,24.1500,2,20,200,
close_window,2026-10-01T13:31:14.000+08:00,2026-10-01T13:31:14.000+08:00,2026-10-01T13:31:14.832+08:00,20261001,13:30:22,51833,tse,2317,鴻海,20261001,253.5000,253.5000,13:29:55,22988,1,1,13:24:59,253.5000,1,20,200,
close_window,2026-10-01T13:31:14.000+08:00,2026-10-01T13:31:14.000+08:00,2026-10-01T13:31:14.832+08:00,20261001,13:30:22,51833,tse,2330,台積電,20261001,-,2510.0000,13:29:57,14277,-,-,13:24:59,2505.0000,13,12,200,
close_window,2026-10-01T13:31:14.000+08:00,2026-10-01T13:31:14.000+08:00,2026-10-01T13:31:14.832+08:00,20261001,13:30:22,51833,tse,2454,聯發科,20261001,-,4985.0000,13:29:56,3472,-,-,13:24:52,4970.0000,1,12,200,
close_window,2026-10-01T13:31:15.000+08:00,2026-10-01T13:31:15.000+08:00,2026-10-01T13:31:17.089+08:00,20261001,13:30:22,54093,otc,1240,茂生農經,20261001,-,-,13:25:17,16,-,-,13:01:42,54.1000,1,20,200,
close_window,2026-10-01T13:31:15.000+08:00,2026-10-01T13:31:15.000+08:00,2026-10-01T13:31:17.089+08:00,20261001,13:30:22,54093,otc,1781,合世,20261001,-,-,13:30:00,30,-,-,13:18:45,9.9900,1,20,200,
close_window,2026-10-01T13:31:15.000+08:00,2026-10-01T13:31:15.000+08:00,2026-10-01T13:31:17.089+08:00,20261001,13:30:22,54093,otc,1813,寶利徠,20261001,-,-,13:30:00,5,-,-,13:02:38,11.3000,2,20,200,
close_window,2026-10-01T13:31:15.000+08:00,2026-10-01T13:31:15.000+08:00,2026-10-01T13:31:17.089+08:00,20261001,13:30:22,54093,tse,1341,富林-KY,20261001,-,-,13:25:16,2,-,-,13:14:14,59.0000,1,20,200,
close_window,2026-10-01T13:31:15.000+08:00,2026-10-01T13:31:15.000+08:00,2026-10-01T13:31:17.089+08:00,20261001,13:30:22,54093,tse,1410,南染,20261001,24.1500,24.1500,13:30:00,39,2,2,13:30:00,24.1500,2,20,200,
close_window,2026-10-01T13:31:15.000+08:00,2026-10-01T13:31:15.000+08:00,2026-10-01T13:31:17.089+08:00,20261001,13:30:22,54093,tse,2317,鴻海,20261001,253.5000,253.5000,13:29:55,22988,1,1,13:24:59,253.5000,1,20,200,
close_window,2026-10-01T13:31:15.000+08:00,2026-10-01T13:31:15.000+08:00,2026-10-01T13:31:17.089+08:00,20261001,13:30:22,54093,tse,2330,台積電,20261001,-,2510.0000,13:29:57,14277,-,-,13:24:59,2505.0000,13,12,200,
close_window,2026-10-01T13:31:15.000+08:00,2026-10-01T13:31:15.000+08:00,2026-10-01T13:31:17.089+08:00,20261001,13:30:22,54093,tse,2454,聯發科,20261001,-,4985.0000,13:29:56,3472,-,-,13:24:52,4970.0000,1,12,200,
close_window,2026-10-01T13:31:16.000+08:00,2026-10-01T13:31:16.000+08:00,2026-10-01T13:31:17.214+08:00,20261001,13:30:22,54221,otc,1240,茂生農經,20261001,-,-,13:25:17,16,-,-,13:01:42,54.1000,1,20,200,
close_window,2026-10-01T13:31:16.000+08:00,2026-10-01T13:31:16.000+08:00,2026-10-01T13:31:17.214+08:00,20261001,13:30:22,54221,otc,1781,合世,20261001,-,-,13:30:00,30,-,-,13:18:45,9.9900,1,20,200,
close_window,2026-10-01T13:31:16.000+08:00,2026-10-01T13:31:16.000+08:00,2026-10-01T13:31:17.214+08:00,20261001,13:30:22,54221,otc,1813,寶利徠,20261001,-,-,13:30:00,5,-,-,13:02:38,11.3000,2,20,200,
close_window,2026-10-01T13:31:16.000+08:00,2026-10-01T13:31:16.000+08:00,2026-10-01T13:31:17.214+08:00,20261001,13:30:22,54221,tse,1341,富林-KY,20261001,-,-,13:25:16,2,-,-,13:14:14,59.0000,1,20,200,
close_window,2026-10-01T13:31:16.000+08:00,2026-10-01T13:31:16.000+08:00,2026-10-01T13:31:17.214+08:00,20261001,13:30:22,54221,tse,1410,南染,20261001,24.1500,24.1500,13:30:00,39,2,2,13:30:00,24.1500,2,20,200,
close_window,2026-10-01T13:31:16.000+08:00,2026-10-01T13:31:16.000+08:00,2026-10-01T13:31:17.214+08:00,20261001,13:30:22,54221,tse,2317,鴻海,20261001,253.5000,253.5000,13:29:55,22988,1,1,13:24:59,253.5000,1,20,200,
close_window,2026-10-01T13:31:16.000+08:00,2026-10-01T13:31:16.000+08:00,2026-10-01T13:31:17.214+08:00,20261001,13:30:22,54221,tse,2330,台積電,20261001,-,2510.0000,13:29:57,14277,-,-,13:24:59,2505.0000,13,12,200,
close_window,2026-10-01T13:31:16.000+08:00,2026-10-01T13:31:16.000+08:00,2026-10-01T13:31:17.214+08:00,20261001,13:30:22,54221,tse,2454,聯發科,20261001,-,4985.0000,13:29:56,3472,-,-,13:24:52,4970.0000,1,12,200,
close_window,2026-10-01T13:31:17.000+08:00,2026-10-01T13:31:17.000+08:00,2026-10-01T13:31:17.410+08:00,20261001,13:30:22,54546,otc,1240,茂生農經,20261001,-,-,13:25:17,16,-,-,13:01:42,54.1000,1,20,200,
close_window,2026-10-01T13:31:17.000+08:00,2026-10-01T13:31:17.000+08:00,2026-10-01T13:31:17.410+08:00,20261001,13:30:22,54546,otc,1781,合世,20261001,-,-,13:30:00,30,-,-,13:18:45,9.9900,1,20,200,
close_window,2026-10-01T13:31:17.000+08:00,2026-10-01T13:31:17.000+08:00,2026-10-01T13:31:17.410+08:00,20261001,13:30:22,54546,otc,1813,寶利徠,20261001,-,-,13:30:00,5,-,-,13:02:38,11.3000,2,20,200,
close_window,2026-10-01T13:31:17.000+08:00,2026-10-01T13:31:17.000+08:00,2026-10-01T13:31:17.410+08:00,20261001,13:30:22,54546,tse,1341,富林-KY,20261001,-,-,13:25:16,2,-,-,13:14:14,59.0000,1,20,200,
close_window,2026-10-01T13:31:17.000+08:00,2026-10-01T13:31:17.000+08:00,2026-10-01T13:31:17.410+08:00,20261001,13:30:22,54546,tse,1410,南染,20261001,24.1500,24.1500,13:30:00,39,2,2,13:30:00,24.1500,2,20,200,
close_window,2026-10-01T13:31:17.000+08:00,2026-10-01T13:31:17.000+08:00,2026-10-01T13:31:17.410+08:00,20261001,13:30:22,54546,tse,2317,鴻海,20261001,253.5000,253.5000,13:29:55,22988,1,1,13:24:59,253.5000,1,20,200,
close_window,2026-10-01T13:31:17.000+08:00,2026-10-01T13:31:17.000+08:00,2026-10-01T13:31:17.410+08:00,20261001,13:30:22,54546,tse,2330,台積電,20261001,-,2510.0000,13:29:57,14277,-,-,13:24:59,2505.0000,13,12,200,
close_window,2026-10-01T13:31:17.000+08:00,2026-10-01T13:31:17.000+08:00,2026-10-01T13:31:17.410+08:00,20261001,13:30:22,54546,tse,2454,聯發科,20261001,-,4985.0000,13:29:56,3472,-,-,13:24:52,4970.0000,1,12,200,
close_window,2026-10-01T13:31:18.000+08:00,2026-10-01T13:31:18.000+08:00,2026-10-01T13:31:19.170+08:00,20261001,13:30:22,55673,otc,1240,茂生農經,20261001,-,-,13:25:17,16,-,-,13:01:42,54.1000,1,20,200,
close_window,2026-10-01T13:31:18.000+08:00,2026-10-01T13:31:18.000+08:00,2026-10-01T13:31:19.170+08:00,20261001,13:30:22,55673,otc,1781,合世,20261001,-,-,13:30:00,30,-,-,13:18:45,9.9900,1,20,200,
close_window,2026-10-01T13:31:18.000+08:00,2026-10-01T13:31:18.000+08:00,2026-10-01T13:31:19.170+08:00,20261001,13:30:22,55673,otc,1813,寶利徠,20261001,-,-,13:30:00,5,-,-,13:02:38,11.3000,2,20,200,
close_window,2026-10-01T13:31:18.000+08:00,2026-10-01T13:31:18.000+08:00,2026-10-01T13:31:19.170+08:00,20261001,13:30:22,55673,tse,1341,富林-KY,20261001,-,-,13:25:16,2,-,-,13:14:14,59.0000,1,20,200,
close_window,2026-10-01T13:31:18.000+08:00,2026-10-01T13:31:18.000+08:00,2026-10-01T13:31:19.170+08:00,20261001,13:30:22,55673,tse,1410,南染,20261001,24.1500,24.1500,13:30:00,39,2,2,13:30:00,24.1500,2,20,200,
close_window,2026-10-01T13:31:18.000+08:00,2026-10-01T13:31:18.000+08:00,2026-10-01T13:31:19.170+08:00,20261001,13:30:22,55673,tse,2317,鴻海,20261001,253.5000,253.5000,13:29:55,22988,1,1,13:24:59,253.5000,1,20,200,
close_window,2026-10-01T13:31:18.000+08:00,2026-10-01T13:31:18.000+08:00,2026-10-01T13:31:19.170+08:00,20261001,13:30:22,55673,tse,2330,台積電,20261001,-,2510.0000,13:29:57,14277,-,-,13:24:59,2505.0000,13,12,200,
close_window,2026-10-01T13:31:18.000+08:00,2026-10-01T13:31:18.000+08:00,2026-10-01T13:31:19.170+08:00,20261001,13:30:22,55673,tse,2454,聯發科,20261001,-,4985.0000,13:29:56,3472,-,-,13:24:52,4970.0000,1,12,200,
close_window,2026-10-01T13:31:19.000+08:00,2026-10-01T13:31:19.000+08:00,2026-10-01T13:31:19.809+08:00,20261001,13:30:22,56815,otc,1240,茂生農經,20261001,-,-,13:25:17,16,-,-,13:01:42,54.1000,1,20,200,
close_window,2026-10-01T13:31:19.000+08:00,2026-10-01T13:31:19.000+08:00,2026-10-01T13:31:19.809+08:00,20261001,13:30:22,56815,otc,1781,合世,20261001,-,-,13:30:00,30,-,-,13:18:45,9.9900,1,20,200,
close_window,2026-10-01T13:31:19.000+08:00,2026-10-01T13:31:19.000+08:00,2026-10-01T13:31:19.809+08:00,20261001,13:30:22,56815,otc,1813,寶利徠,20261001,-,-,13:30:00,5,-,-,13:02:38,11.3000,2,20,200,
close_window,2026-10-01T13:31:19.000+08:00,2026-10-01T13:31:19.000+08:00,2026-10-01T13:31:19.809+08:00,20261001,13:30:22,56815,tse,1341,富林-KY,20261001,-,-,13:25:16,2,-,-,13:14:14,59.0000,1,20,200,
close_window,2026-10-01T13:31:19.000+08:00,2026-10-01T13:31:19.000+08:00,2026-10-01T13:31:19.809+08:00,20261001,13:30:22,56815,tse,1410,南染,20261001,24.1500,24.1500,13:30:00,39,2,2,13:30:00,24.1500,2,20,200,
close_window,2026-10-01T13:31:19.000+08:00,2026-10-01T13:31:19.000+08:00,2026-10-01T13:31:19.809+08:00,20261001,13:30:22,56815,tse,2317,鴻海,20261001,253.5000,253.5000,13:29:55,22988,1,1,13:24:59,253.5000,1,20,200,
close_window,2026-10-01T13:31:19.000+08:00,2026-10-01T13:31:19.000+08:00,2026-10-01T13:31:19.809+08:00,20261001,13:30:22,56815,tse,2330,台積電,20261001,-,2510.0000,13:29:57,14277,-,-,13:24:59,2505.0000,13,12,200,
close_window,2026-10-01T13:31:19.000+08:00,2026-10-01T13:31:19.000+08:00,2026-10-01T13:31:19.809+08:00,20261001,13:30:22,56815,tse,2454,聯發科,20261001,-,4985.0000,13:29:56,3472,-,-,13:24:52,4970.0000,1,12,200,
close_window,2026-10-01T13:31:20.000+08:00,2026-10-01T13:31:20.000+08:00,2026-10-01T13:31:20.736+08:00,20261001,13:30:22,57708,otc,1240,茂生農經,20261001,-,-,13:25:17,16,-,-,13:01:42,54.1000,1,20,200,
close_window,2026-10-01T13:31:20.000+08:00,2026-10-01T13:31:20.000+08:00,2026-10-01T13:31:20.736+08:00,20261001,13:30:22,57708,otc,1781,合世,20261001,-,-,13:30:00,30,-,-,13:18:45,9.9900,1,20,200,
close_window,2026-10-01T13:31:20.000+08:00,2026-10-01T13:31:20.000+08:00,2026-10-01T13:31:20.736+08:00,20261001,13:30:22,57708,otc,1813,寶利徠,20261001,-,-,13:30:00,5,-,-,13:02:38,11.3000,2,20,200,
close_window,2026-10-01T13:31:20.000+08:00,2026-10-01T13:31:20.000+08:00,2026-10-01T13:31:20.736+08:00,20261001,13:30:22,57708,tse,1341,富林-KY,20261001,-,-,13:25:16,2,-,-,13:14:14,59.0000,1,20,200,
close_window,2026-10-01T13:31:20.000+08:00,2026-10-01T13:31:20.000+08:00,2026-10-01T13:31:20.736+08:00,20261001,13:30:22,57708,tse,1410,南染,20261001,24.1500,24.1500,13:30:00,39,2,2,13:30:00,24.1500,2,20,200,
close_window,2026-10-01T13:31:20.000+08:00,2026-10-01T13:31:20.000+08:00,2026-10-01T13:31:20.736+08:00,20261001,13:30:22,57708,tse,2317,鴻海,20261001,253.5000,253.5000,13:29:55,22988,1,1,13:24:59,253.5000,1,20,200,
close_window,2026-10-01T13:31:20.000+08:00,2026-10-01T13:31:20.000+08:00,2026-10-01T13:31:20.736+08:00,20261001,13:30:22,57708,tse,2330,台積電,20261001,-,2510.0000,13:29:57,14277,-,-,13:24:59,2505.0000,13,12,200,
close_window,2026-10-01T13:31:20.000+08:00,2026-10-01T13:31:20.000+08:00,2026-10-01T13:31:20.736+08:00,20261001,13:30:22,57708,tse,2454,聯發科,20261001,-,4985.0000,13:29:56,3472,-,-,13:24:52,4970.0000,1,12,200,
close_window,2026-10-01T13:31:21.000+08:00,2026-10-01T13:31:21.000+08:00,2026-10-01T13:31:21.553+08:00,20261001,13:30:22,58688,otc,1240,茂生農經,20261001,-,-,13:25:17,16,-,-,13:01:42,54.1000,1,20,200,
close_window,2026-10-01T13:31:21.000+08:00,2026-10-01T13:31:21.000+08:00,2026-10-01T13:31:21.553+08:00,20261001,13:30:22,58688,otc,1781,合世,20261001,-,-,13:30:00,30,-,-,13:18:45,9.9900,1,20,200,
close_window,2026-10-01T13:31:21.000+08:00,2026-10-01T13:31:21.000+08:00,2026-10-01T13:31:21.553+08:00,20261001,13:30:22,58688,otc,1813,寶利徠,20261001,-,-,13:30:00,5,-,-,13:02:38,11.3000,2,20,200,
close_window,2026-10-01T13:31:21.000+08:00,2026-10-01T13:31:21.000+08:00,2026-10-01T13:31:21.553+08:00,20261001,13:30:22,58688,tse,1341,富林-KY,20261001,-,-,13:25:16,2,-,-,13:14:14,59.0000,1,20,200,
close_window,2026-10-01T13:31:21.000+08:00,2026-10-01T13:31:21.000+08:00,2026-10-01T13:31:21.553+08:00,20261001,13:30:22,58688,tse,1410,南染,20261001,24.1500,24.1500,13:30:00,39,2,2,13:30:00,24.1500,2,20,200,
close_window,2026-10-01T13:31:21.000+08:00,2026-10-01T13:31:21.000+08:00,2026-10-01T13:31:21.553+08:00,20261001,13:30:22,58688,tse,2317,鴻海,20261001,253.5000,253.5000,13:29:55,22988,1,1,13:24:59,253.5000,1,20,200,
close_window,2026-10-01T13:31:21.000+08:00,2026-10-01T13:31:21.000+08:00,2026-10-01T13:31:21.553+08:00,20261001,13:30:22,58688,tse,2330,台積電,20261001,-,2510.0000,13:29:57,14277,-,-,13:24:59,2505.0000,13,12,200,
close_window,2026-10-01T13:31:21.000+08:00,2026-10-01T13:31:21.000+08:00,2026-10-01T13:31:21.553+08:00,20261001,13:30:22,58688,tse,2454,聯發科,20261001,-,4985.0000,13:29:56,3472,-,-,13:24:52,4970.0000,1,12,200,
close_window,2026-10-01T13:31:22.000+08:00,2026-10-01T13:31:22.000+08:00,2026-10-01T13:31:22.439+08:00,20261001,13:30:22,59575,otc,1240,茂生農經,20261001,-,-,13:25:17,16,-,-,13:01:42,54.1000,1,20,200,
close_window,2026-10-01T13:31:22.000+08:00,2026-10-01T13:31:22.000+08:00,2026-10-01T13:31:22.439+08:00,20261001,13:30:22,59575,otc,1781,合世,20261001,-,-,13:30:00,30,-,-,13:18:45,9.9900,1,20,200,
close_window,2026-10-01T13:31:22.000+08:00,2026-10-01T13:31:22.000+08:00,2026-10-01T13:31:22.439+08:00,20261001,13:30:22,59575,otc,1813,寶利徠,20261001,-,-,13:30:00,5,-,-,13:02:38,11.3000,2,20,200,
close_window,2026-10-01T13:31:22.000+08:00,2026-10-01T13:31:22.000+08:00,2026-10-01T13:31:22.439+08:00,20261001,13:30:22,59575,tse,1341,富林-KY,20261001,-,-,13:25:16,2,-,-,13:14:14,59.0000,1,20,200,
close_window,2026-10-01T13:31:22.000+08:00,2026-10-01T13:31:22.000+08:00,2026-10-01T13:31:22.439+08:00,20261001,13:30:22,59575,tse,1410,南染,20261001,24.1500,24.1500,13:30:00,39,2,2,13:30:00,24.1500,2,20,200,
close_window,2026-10-01T13:31:22.000+08:00,2026-10-01T13:31:22.000+08:00,2026-10-01T13:31:22.439+08:00,20261001,13:30:22,59575,tse,2317,鴻海,20261001,253.5000,253.5000,13:29:55,22988,1,1,13:24:59,253.5000,1,20,200,
close_window,2026-10-01T13:31:22.000+08:00,2026-10-01T13:31:22.000+08:00,2026-10-01T13:31:22.439+08:00,20261001,13:30:22,59575,tse,2330,台積電,20261001,-,2510.0000,13:29:57,14277,-,-,13:24:59,2505.0000,13,12,200,
close_window,2026-10-01T13:31:22.000+08:00,2026-10-01T13:31:22.000+08:00,2026-10-01T13:31:22.439+08:00,20261001,13:30:22,59575,tse,2454,聯發科,20261001,-,4985.0000,13:29:56,3472,-,-,13:24:52,4970.0000,1,12,200,
close_window,2026-10-01T13:31:23.000+08:00,2026-10-01T13:31:23.000+08:00,2026-10-01T13:31:24.184+08:00,20261001,13:30:22,60678,otc,1240,茂生農經,20261001,-,-,13:25:17,16,-,-,13:01:42,54.1000,1,20,200,
close_window,2026-10-01T13:31:23.000+08:00,2026-10-01T13:31:23.000+08:00,2026-10-01T13:31:24.184+08:00,20261001,13:30:22,60678,otc,1781,合世,20261001,-,-,13:30:00,30,-,-,13:18:45,9.9900,1,20,200,
close_window,2026-10-01T13:31:23.000+08:00,2026-10-01T13:31:23.000+08:00,2026-10-01T13:31:24.184+08:00,20261001,13:30:22,60678,otc,1813,寶利徠,20261001,-,-,13:30:00,5,-,-,13:02:38,11.3000,2,20,200,
close_window,2026-10-01T13:31:23.000+08:00,2026-10-01T13:31:23.000+08:00,2026-10-01T13:31:24.184+08:00,20261001,13:30:22,60678,tse,1341,富林-KY,20261001,-,-,13:25:16,2,-,-,13:14:14,59.0000,1,20,200,
close_window,2026-10-01T13:31:23.000+08:00,2026-10-01T13:31:23.000+08:00,2026-10-01T13:31:24.184+08:00,20261001,13:30:22,60678,tse,1410,南染,20261001,24.1500,24.1500,13:30:00,39,2,2,13:30:00,24.1500,2,20,200,
close_window,2026-10-01T13:31:23.000+08:00,2026-10-01T13:31:23.000+08:00,2026-10-01T13:31:24.184+08:00,20261001,13:30:22,60678,tse,2317,鴻海,20261001,253.5000,253.5000,13:29:55,22988,1,1,13:24:59,253.5000,1,20,200,
close_window,2026-10-01T13:31:23.000+08:00,2026-10-01T13:31:23.000+08:00,2026-10-01T13:31:24.184+08:00,20261001,13:30:22,60678,tse,2330,台積電,20261001,-,2510.0000,13:29:57,14277,-,-,13:24:59,2505.0000,13,12,200,
close_window,2026-10-01T13:31:23.000+08:00,2026-10-01T13:31:23.000+08:00,2026-10-01T13:31:24.184+08:00,20261001,13:30:22,60678,tse,2454,聯發科,20261001,-,4985.0000,13:29:56,3472,-,-,13:24:52,4970.0000,1,12,200,
close_window,2026-10-01T13:31:24.000+08:00,2026-10-01T13:31:24.000+08:00,2026-10-01T13:31:24.616+08:00,20261001,13:30:22,61752,otc,1240,茂生農經,20261001,-,-,13:25:17,16,-,-,13:01:42,54.1000,1,20,200,
close_window,2026-10-01T13:31:24.000+08:00,2026-10-01T13:31:24.000+08:00,2026-10-01T13:31:24.616+08:00,20261001,13:30:22,61752,otc,1781,合世,20261001,-,-,13:30:00,30,-,-,13:18:45,9.9900,1,20,200,
close_window,2026-10-01T13:31:24.000+08:00,2026-10-01T13:31:24.000+08:00,2026-10-01T13:31:24.616+08:00,20261001,13:30:22,61752,otc,1813,寶利徠,20261001,-,-,13:30:00,5,-,-,13:02:38,11.3000,2,20,200,
close_window,2026-10-01T13:31:24.000+08:00,2026-10-01T13:31:24.000+08:00,2026-10-01T13:31:24.616+08:00,20261001,13:30:22,61752,tse,1341,富林-KY,20261001,-,-,13:25:16,2,-,-,13:14:14,59.0000,1,20,200,
close_window,2026-10-01T13:31:24.000+08:00,2026-10-01T13:31:24.000+08:00,2026-10-01T13:31:24.616+08:00,20261001,13:30:22,61752,tse,1410,南染,20261001,24.1500,24.1500,13:30:00,39,2,2,13:30:00,24.1500,2,20,200,
close_window,2026-10-01T13:31:24.000+08:00,2026-10-01T13:31:24.000+08:00,2026-10-01T13:31:24.616+08:00,20261001,13:30:22,61752,tse,2317,鴻海,20261001,253.5000,253.5000,13:29:55,22988,1,1,13:24:59,253.5000,1,20,200,
close_window,2026-10-01T13:31:24.000+08:00,2026-10-01T13:31:24.000+08:00,2026-10-01T13:31:24.616+08:00,20261001,13:30:22,61752,tse,2330,台積電,20261001,-,2510.0000,13:29:57,14277,-,-,13:24:59,2505.0000,13,12,200,
close_window,2026-10-01T13:31:24.000+08:00,2026-10-01T13:31:24.000+08:00,2026-10-01T13:31:24.616+08:00,20261001,13:30:22,61752,tse,2454,聯發科,20261001,-,4985.0000,13:29:56,3472,-,-,13:24:52,4970.0000,1,12,200,
close_window,2026-10-01T13:31:25.000+08:00,2026-10-01T13:31:25.000+08:00,2026-10-01T13:31:25.416+08:00,20261001,13:30:22,62552,otc,1240,茂生農經,20261001,-,-,13:25:17,16,-,-,13:01:42,54.1000,1,20,200,
close_window,2026-10-01T13:31:25.000+08:00,2026-10-01T13:31:25.000+08:00,2026-10-01T13:31:25.416+08:00,20261001,13:30:22,62552,otc,1781,合世,20261001,-,-,13:30:00,30,-,-,13:18:45,9.9900,1,20,200,
close_window,2026-10-01T13:31:25.000+08:00,2026-10-01T13:31:25.000+08:00,2026-10-01T13:31:25.416+08:00,20261001,13:30:22,62552,otc,1813,寶利徠,20261001,-,-,13:30:00,5,-,-,13:02:38,11.3000,2,20,200,
close_window,2026-10-01T13:31:25.000+08:00,2026-10-01T13:31:25.000+08:00,2026-10-01T13:31:25.416+08:00,20261001,13:30:22,62552,tse,1341,富林-KY,20261001,-,-,13:25:16,2,-,-,13:14:14,59.0000,1,20,200,
close_window,2026-10-01T13:31:25.000+08:00,2026-10-01T13:31:25.000+08:00,2026-10-01T13:31:25.416+08:00,20261001,13:30:22,62552,tse,1410,南染,20261001,24.1500,24.1500,13:30:00,39,2,2,13:30:00,24.1500,2,20,200,
close_window,2026-10-01T13:31:25.000+08:00,2026-10-01T13:31:25.000+08:00,2026-10-01T13:31:25.416+08:00,20261001,13:30:22,62552,tse,2317,鴻海,20261001,253.5000,253.5000,13:29:55,22988,1,1,13:24:59,253.5000,1,20,200,
close_window,2026-10-01T13:31:25.000+08:00,2026-10-01T13:31:25.000+08:00,2026-10-01T13:31:25.416+08:00,20261001,13:30:22,62552,tse,2330,台積電,20261001,-,2510.0000,13:29:57,14277,-,-,13:24:59,2505.0000,13,12,200,
close_window,2026-10-01T13:31:25.000+08:00,2026-10-01T13:31:25.000+08:00,2026-10-01T13:31:25.416+08:00,20261001,13:30:22,62552,tse,2454,聯發科,20261001,-,4985.0000,13:29:56,3472,-,-,13:24:52,4970.0000,1,12,200,
close_window,2026-10-01T13:31:26.000+08:00,2026-10-01T13:31:26.000+08:00,2026-10-01T13:31:26.407+08:00,20261001,13:30:22,63543,otc,1240,茂生農經,20261001,-,-,13:25:17,16,-,-,13:01:42,54.1000,1,20,200,
close_window,2026-10-01T13:31:26.000+08:00,2026-10-01T13:31:26.000+08:00,2026-10-01T13:31:26.407+08:00,20261001,13:30:22,63543,otc,1781,合世,20261001,-,-,13:30:00,30,-,-,13:18:45,9.9900,1,20,200,
close_window,2026-10-01T13:31:26.000+08:00,2026-10-01T13:31:26.000+08:00,2026-10-01T13:31:26.407+08:00,20261001,13:30:22,63543,otc,1813,寶利徠,20261001,-,-,13:30:00,5,-,-,13:02:38,11.3000,2,20,200,
close_window,2026-10-01T13:31:26.000+08:00,2026-10-01T13:31:26.000+08:00,2026-10-01T13:31:26.407+08:00,20261001,13:30:22,63543,tse,1341,富林-KY,20261001,-,-,13:25:16,2,-,-,13:14:14,59.0000,1,20,200,
close_window,2026-10-01T13:31:26.000+08:00,2026-10-01T13:31:26.000+08:00,2026-10-01T13:31:26.407+08:00,20261001,13:30:22,63543,tse,1410,南染,20261001,24.1500,24.1500,13:30:00,39,2,2,13:30:00,24.1500,2,20,200,
close_window,2026-10-01T13:31:26.000+08:00,2026-10-01T13:31:26.000+08:00,2026-10-01T13:31:26.407+08:00,20261001,13:30:22,63543,tse,2317,鴻海,20261001,253.5000,253.5000,13:29:55,22988,1,1,13:24:59,253.5000,1,20,200,
close_window,2026-10-01T13:31:26.000+08:00,2026-10-01T13:31:26.000+08:00,2026-10-01T13:31:26.407+08:00,20261001,13:30:22,63543,tse,2330,台積電,20261001,-,2510.0000,13:29:57,14277,-,-,13:24:59,2505.0000,13,12,200,
close_window,2026-10-01T13:31:26.000+08:00,2026-10-01T13:31:26.000+08:00,2026-10-01T13:31:26.407+08:00,20261001,13:30:22,63543,tse,2454,聯發科,20261001,-,4985.0000,13:29:56,3472,-,-,13:24:52,4970.0000,1,12,200,
close_window,2026-10-01T13:31:27.000+08:00,2026-10-01T13:31:27.000+08:00,2026-10-01T13:31:27.423+08:00,20261001,13:30:22,64551,otc,1240,茂生農經,20261001,-,-,13:25:17,16,-,-,13:01:42,54.1000,1,20,200,
close_window,2026-10-01T13:31:27.000+08:00,2026-10-01T13:31:27.000+08:00,2026-10-01T13:31:27.423+08:00,20261001,13:30:22,64551,otc,1781,合世,20261001,-,-,13:30:00,30,-,-,13:18:45,9.9900,1,20,200,
close_window,2026-10-01T13:31:27.000+08:00,2026-10-01T13:31:27.000+08:00,2026-10-01T13:31:27.423+08:00,20261001,13:30:22,64551,otc,1813,寶利徠,20261001,-,-,13:30:00,5,-,-,13:02:38,11.3000,2,20,200,
close_window,2026-10-01T13:31:27.000+08:00,2026-10-01T13:31:27.000+08:00,2026-10-01T13:31:27.423+08:00,20261001,13:30:22,64551,tse,1341,富林-KY,20261001,-,-,13:25:16,2,-,-,13:14:14,59.0000,1,20,200,
close_window,2026-10-01T13:31:27.000+08:00,2026-10-01T13:31:27.000+08:00,2026-10-01T13:31:27.423+08:00,20261001,13:30:22,64551,tse,1410,南染,20261001,24.1500,24.1500,13:30:00,39,2,2,13:30:00,24.1500,2,20,200,
close_window,2026-10-01T13:31:27.000+08:00,2026-10-01T13:31:27.000+08:00,2026-10-01T13:31:27.423+08:00,20261001,13:30:22,64551,tse,2317,鴻海,20261001,253.5000,253.5000,13:29:55,22988,1,1,13:24:59,253.5000,1,20,200,
close_window,2026-10-01T13:31:27.000+08:00,2026-10-01T13:31:27.000+08:00,2026-10-01T13:31:27.423+08:00,20261001,13:30:22,64551,tse,2330,台積電,20261001,-,2510.0000,13:29:57,14277,-,-,13:24:59,2505.0000,13,12,200,
close_window,2026-10-01T13:31:27.000+08:00,2026-10-01T13:31:27.000+08:00,2026-10-01T13:31:27.423+08:00,20261001,13:30:22,64551,tse,2454,聯發科,20261001,-,4985.0000,13:29:56,3472,-,-,13:24:52,4970.0000,1,12,200,
close_window,2026-10-01T13:31:28.000+08:00,2026-10-01T13:31:28.000+08:00,2026-10-01T13:31:28.668+08:00,20261001,13:30:22,65673,otc,1240,茂生農經,20261001,-,-,13:25:17,16,-,-,13:01:42,54.1000,1,20,200,
close_window,2026-10-01T13:31:28.000+08:00,2026-10-01T13:31:28.000+08:00,2026-10-01T13:31:28.668+08:00,20261001,13:30:22,65673,otc,1781,合世,20261001,-,-,13:30:00,30,-,-,13:18:45,9.9900,1,20,200,
close_window,2026-10-01T13:31:28.000+08:00,2026-10-01T13:31:28.000+08:00,2026-10-01T13:31:28.668+08:00,20261001,13:30:22,65673,otc,1813,寶利徠,20261001,-,-,13:30:00,5,-,-,13:02:38,11.3000,2,20,200,
close_window,2026-10-01T13:31:28.000+08:00,2026-10-01T13:31:28.000+08:00,2026-10-01T13:31:28.668+08:00,20261001,13:30:22,65673,tse,1341,富林-KY,20261001,-,-,13:25:16,2,-,-,13:14:14,59.0000,1,20,200,
close_window,2026-10-01T13:31:28.000+08:00,2026-10-01T13:31:28.000+08:00,2026-10-01T13:31:28.668+08:00,20261001,13:30:22,65673,tse,1410,南染,20261001,24.1500,24.1500,13:30:00,39,2,2,13:30:00,24.1500,2,20,200,
close_window,2026-10-01T13:31:28.000+08:00,2026-10-01T13:31:28.000+08:00,2026-10-01T13:31:28.668+08:00,20261001,13:30:22,65673,tse,2317,鴻海,20261001,253.5000,253.5000,13:29:55,22988,1,1,13:24:59,253.5000,1,20,200,
close_window,2026-10-01T13:31:28.000+08:00,2026-10-01T13:31:28.000+08:00,2026-10-01T13:31:28.668+08:00,20261001,13:30:22,65673,tse,2330,台積電,20261001,-,2510.0000,13:29:57,14277,-,-,13:24:59,2505.0000,13,12,200,
close_window,2026-10-01T13:31:28.000+08:00,2026-10-01T13:31:28.000+08:00,2026-10-01T13:31:28.668+08:00,20261001,13:30:22,65673,tse,2454,聯發科,20261001,-,4985.0000,13:29:56,3472,-,-,13:24:52,4970.0000,1,12,200,
close_window,2026-10-01T13:31:29.000+08:00,2026-10-01T13:31:29.000+08:00,2026-10-01T13:31:30.460+08:00,20261001,13:30:22,67597,otc,1240,茂生農經,20261001,-,-,13:25:17,16,-,-,13:01:42,54.1000,1,20,200,
close_window,2026-10-01T13:31:29.000+08:00,2026-10-01T13:31:29.000+08:00,2026-10-01T13:31:30.460+08:00,20261001,13:30:22,67597,otc,1781,合世,20261001,-,-,13:30:00,30,-,-,13:18:45,9.9900,1,20,200,
close_window,2026-10-01T13:31:29.000+08:00,2026-10-01T13:31:29.000+08:00,2026-10-01T13:31:30.460+08:00,20261001,13:30:22,67597,otc,1813,寶利徠,20261001,-,-,13:30:00,5,-,-,13:02:38,11.3000,2,20,200,
close_window,2026-10-01T13:31:29.000+08:00,2026-10-01T13:31:29.000+08:00,2026-10-01T13:31:30.460+08:00,20261001,13:30:22,67597,tse,1341,富林-KY,20261001,-,-,13:25:16,2,-,-,13:14:14,59.0000,1,20,200,
close_window,2026-10-01T13:31:29.000+08:00,2026-10-01T13:31:29.000+08:00,2026-10-01T13:31:30.460+08:00,20261001,13:30:22,67597,tse,1410,南染,20261001,24.1500,24.1500,13:30:00,39,2,2,13:30:00,24.1500,2,20,200,
close_window,2026-10-01T13:31:29.000+08:00,2026-10-01T13:31:29.000+08:00,2026-10-01T13:31:30.460+08:00,20261001,13:30:22,67597,tse,2317,鴻海,20261001,253.5000,253.5000,13:29:55,22988,1,1,13:24:59,253.5000,1,20,200,
close_window,2026-10-01T13:31:29.000+08:00,2026-10-01T13:31:29.000+08:00,2026-10-01T13:31:30.460+08:00,20261001,13:30:22,67597,tse,2330,台積電,20261001,-,2510.0000,13:29:57,14277,-,-,13:24:59,2505.0000,13,12,200,
close_window,2026-10-01T13:31:29.000+08:00,2026-10-01T13:31:29.000+08:00,2026-10-01T13:31:30.460+08:00,20261001,13:30:22,67597,tse,2454,聯發科,20261001,-,4985.0000,13:29:56,3472,-,-,13:24:52,4970.0000,1,12,200,
close_window,2026-10-01T13:31:30.000+08:00,2026-10-01T13:31:30.000+08:00,2026-10-01T13:31:32.312+08:00,20261001,13:30:22,68559,otc,1240,茂生農經,20261001,-,-,13:25:17,16,-,-,13:01:42,54.1000,1,20,200,
close_window,2026-10-01T13:31:30.000+08:00,2026-10-01T13:31:30.000+08:00,2026-10-01T13:31:32.312+08:00,20261001,13:30:22,68559,otc,1781,合世,20261001,-,-,13:30:00,30,-,-,13:18:45,9.9900,1,20,200,
close_window,2026-10-01T13:31:30.000+08:00,2026-10-01T13:31:30.000+08:00,2026-10-01T13:31:32.312+08:00,20261001,13:30:22,68559,otc,1813,寶利徠,20261001,-,-,13:30:00,5,-,-,13:02:38,11.3000,2,20,200,
close_window,2026-10-01T13:31:30.000+08:00,2026-10-01T13:31:30.000+08:00,2026-10-01T13:31:32.312+08:00,20261001,13:30:22,68559,tse,1341,富林-KY,20261001,-,-,13:25:16,2,-,-,13:14:14,59.0000,1,20,200,
close_window,2026-10-01T13:31:30.000+08:00,2026-10-01T13:31:30.000+08:00,2026-10-01T13:31:32.312+08:00,20261001,13:30:22,68559,tse,1410,南染,20261001,24.1500,24.1500,13:30:00,39,2,2,13:30:00,24.1500,2,20,200,
close_window,2026-10-01T13:31:30.000+08:00,2026-10-01T13:31:30.000+08:00,2026-10-01T13:31:32.312+08:00,20261001,13:30:22,68559,tse,2317,鴻海,20261001,253.5000,253.5000,13:29:55,22988,1,1,13:24:59,253.5000,1,20,200,
close_window,2026-10-01T13:31:30.000+08:00,2026-10-01T13:31:30.000+08:00,2026-10-01T13:31:32.312+08:00,20261001,13:30:22,68559,tse,2330,台積電,20261001,-,2510.0000,13:29:57,14277,-,-,13:24:59,2505.0000,13,12,200,
close_window,2026-10-01T13:31:30.000+08:00,2026-10-01T13:31:30.000+08:00,2026-10-01T13:31:32.312+08:00,20261001,13:30:22,68559,tse,2454,聯發科,20261001,-,4985.0000,13:29:56,3472,-,-,13:24:52,4970.0000,1,12,200,
close_window,2026-10-01T13:31:31.000+08:00,2026-10-01T13:31:31.000+08:00,2026-10-01T13:31:31.538+08:00,20261001,13:30:22,68674,otc,1240,茂生農經,20261001,-,-,13:25:17,16,-,-,13:01:42,54.1000,1,20,200,
close_window,2026-10-01T13:31:31.000+08:00,2026-10-01T13:31:31.000+08:00,2026-10-01T13:31:31.538+08:00,20261001,13:30:22,68674,otc,1781,合世,20261001,-,-,13:30:00,30,-,-,13:18:45,9.9900,1,20,200,
close_window,2026-10-01T13:31:31.000+08:00,2026-10-01T13:31:31.000+08:00,2026-10-01T13:31:31.538+08:00,20261001,13:30:22,68674,otc,1813,寶利徠,20261001,-,-,13:30:00,5,-,-,13:02:38,11.3000,2,20,200,
close_window,2026-10-01T13:31:31.000+08:00,2026-10-01T13:31:31.000+08:00,2026-10-01T13:31:31.538+08:00,20261001,13:30:22,68674,tse,1341,富林-KY,20261001,-,-,13:25:16,2,-,-,13:14:14,59.0000,1,20,200,
close_window,2026-10-01T13:31:31.000+08:00,2026-10-01T13:31:31.000+08:00,2026-10-01T13:31:31.538+08:00,20261001,13:30:22,68674,tse,1410,南染,20261001,24.1500,24.1500,13:30:00,39,2,2,13:30:00,24.1500,2,20,200,
close_window,2026-10-01T13:31:31.000+08:00,2026-10-01T13:31:31.000+08:00,2026-10-01T13:31:31.538+08:00,20261001,13:30:22,68674,tse,2317,鴻海,20261001,253.5000,253.5000,13:29:55,22988,1,1,13:24:59,253.5000,1,20,200,
close_window,2026-10-01T13:31:31.000+08:00,2026-10-01T13:31:31.000+08:00,2026-10-01T13:31:31.538+08:00,20261001,13:30:22,68674,tse,2330,台積電,20261001,-,2510.0000,13:29:57,14277,-,-,13:24:59,2505.0000,13,12,200,
close_window,2026-10-01T13:31:31.000+08:00,2026-10-01T13:31:31.000+08:00,2026-10-01T13:31:31.538+08:00,20261001,13:30:22,68674,tse,2454,聯發科,20261001,-,4985.0000,13:29:56,3472,-,-,13:24:52,4970.0000,1,12,200,
close_window,2026-10-01T13:31:32.000+08:00,2026-10-01T13:31:32.000+08:00,2026-10-01T13:31:32.420+08:00,20261001,13:30:22,69556,otc,1240,茂生農經,20261001,-,-,13:25:17,16,-,-,13:01:42,54.1000,1,20,200,
close_window,2026-10-01T13:31:32.000+08:00,2026-10-01T13:31:32.000+08:00,2026-10-01T13:31:32.420+08:00,20261001,13:30:22,69556,otc,1781,合世,20261001,-,-,13:30:00,30,-,-,13:18:45,9.9900,1,20,200,
close_window,2026-10-01T13:31:32.000+08:00,2026-10-01T13:31:32.000+08:00,2026-10-01T13:31:32.420+08:00,20261001,13:30:22,69556,otc,1813,寶利徠,20261001,-,-,13:30:00,5,-,-,13:02:38,11.3000,2,20,200,
close_window,2026-10-01T13:31:32.000+08:00,2026-10-01T13:31:32.000+08:00,2026-10-01T13:31:32.420+08:00,20261001,13:30:22,69556,tse,1341,富林-KY,20261001,-,-,13:25:16,2,-,-,13:14:14,59.0000,1,20,200,
close_window,2026-10-01T13:31:32.000+08:00,2026-10-01T13:31:32.000+08:00,2026-10-01T13:31:32.420+08:00,20261001,13:30:22,69556,tse,1410,南染,20261001,24.1500,24.1500,13:30:00,39,2,2,13:30:00,24.1500,2,20,200,
close_window,2026-10-01T13:31:32.000+08:00,2026-10-01T13:31:32.000+08:00,2026-10-01T13:31:32.420+08:00,20261001,13:30:22,69556,tse,2317,鴻海,20261001,253.5000,253.5000,13:29:55,22988,1,1,13:24:59,253.5000,1,20,200,
close_window,2026-10-01T13:31:32.000+08:00,2026-10-01T13:31:32.000+08:00,2026-10-01T13:31:32.420+08:00,20261001,13:30:22,69556,tse,2330,台積電,20261001,-,2510.0000,13:29:57,14277,-,-,13:24:59,2505.0000,13,12,200,
close_window,2026-10-01T13:31:32.000+08:00,2026-10-01T13:31:32.000+08:00,2026-10-01T13:31:32.420+08:00,20261001,13:30:22,69556,tse,2454,聯發科,20261001,-,4985.0000,13:29:56,3472,-,-,13:24:52,4970.0000,1,12,200,
close_window,2026-10-01T13:31:33.000+08:00,2026-10-01T13:31:33.000+08:00,2026-10-01T13:31:33.437+08:00,20261001,13:30:22,70572,otc,1240,茂生農經,20261001,-,-,13:25:17,16,-,-,13:01:42,54.1000,1,20,200,
close_window,2026-10-01T13:31:33.000+08:00,2026-10-01T13:31:33.000+08:00,2026-10-01T13:31:33.437+08:00,20261001,13:30:22,70572,otc,1781,合世,20261001,-,-,13:30:00,30,-,-,13:18:45,9.9900,1,20,200,
close_window,2026-10-01T13:31:33.000+08:00,2026-10-01T13:31:33.000+08:00,2026-10-01T13:31:33.437+08:00,20261001,13:30:22,70572,otc,1813,寶利徠,20261001,-,-,13:30:00,5,-,-,13:02:38,11.3000,2,20,200,
close_window,2026-10-01T13:31:33.000+08:00,2026-10-01T13:31:33.000+08:00,2026-10-01T13:31:33.437+08:00,20261001,13:30:22,70572,tse,1341,富林-KY,20261001,-,-,13:25:16,2,-,-,13:14:14,59.0000,1,20,200,
close_window,2026-10-01T13:31:33.000+08:00,2026-10-01T13:31:33.000+08:00,2026-10-01T13:31:33.437+08:00,20261001,13:30:22,70572,tse,1410,南染,20261001,24.1500,24.1500,13:30:00,39,2,2,13:30:00,24.1500,2,20,200,
close_window,2026-10-01T13:31:33.000+08:00,2026-10-01T13:31:33.000+08:00,2026-10-01T13:31:33.437+08:00,20261001,13:30:22,70572,tse,2317,鴻海,20261001,253.5000,253.5000,13:29:55,22988,1,1,13:24:59,253.5000,1,20,200,
close_window,2026-10-01T13:31:33.000+08:00,2026-10-01T13:31:33.000+08:00,2026-10-01T13:31:33.437+08:00,20261001,13:30:22,70572,tse,2330,台積電,20261001,-,2510.0000,13:29:57,14277,-,-,13:24:59,2505.0000,13,12,200,
close_window,2026-10-01T13:31:33.000+08:00,2026-10-01T13:31:33.000+08:00,2026-10-01T13:31:33.437+08:00,20261001,13:30:22,70572,tse,2454,聯發科,20261001,-,4985.0000,13:29:56,3472,-,-,13:24:52,4970.0000,1,12,200,
close_window,2026-10-01T13:31:34.000+08:00,2026-10-01T13:31:34.000+08:00,2026-10-01T13:31:35.049+08:00,20261001,13:30:22,71548,otc,1240,茂生農經,20261001,-,-,13:25:17,16,-,-,13:01:42,54.1000,1,20,200,
close_window,2026-10-01T13:31:34.000+08:00,2026-10-01T13:31:34.000+08:00,2026-10-01T13:31:35.049+08:00,20261001,13:30:22,71548,otc,1781,合世,20261001,-,-,13:30:00,30,-,-,13:18:45,9.9900,1,20,200,
close_window,2026-10-01T13:31:34.000+08:00,2026-10-01T13:31:34.000+08:00,2026-10-01T13:31:35.049+08:00,20261001,13:30:22,71548,otc,1813,寶利徠,20261001,-,-,13:30:00,5,-,-,13:02:38,11.3000,2,20,200,
close_window,2026-10-01T13:31:34.000+08:00,2026-10-01T13:31:34.000+08:00,2026-10-01T13:31:35.049+08:00,20261001,13:30:22,71548,tse,1341,富林-KY,20261001,-,-,13:25:16,2,-,-,13:14:14,59.0000,1,20,200,
close_window,2026-10-01T13:31:34.000+08:00,2026-10-01T13:31:34.000+08:00,2026-10-01T13:31:35.049+08:00,20261001,13:30:22,71548,tse,1410,南染,20261001,24.1500,24.1500,13:30:00,39,2,2,13:30:00,24.1500,2,20,200,
close_window,2026-10-01T13:31:34.000+08:00,2026-10-01T13:31:34.000+08:00,2026-10-01T13:31:35.049+08:00,20261001,13:30:22,71548,tse,2317,鴻海,20261001,253.5000,253.5000,13:29:55,22988,1,1,13:24:59,253.5000,1,20,200,
close_window,2026-10-01T13:31:34.000+08:00,2026-10-01T13:31:34.000+08:00,2026-10-01T13:31:35.049+08:00,20261001,13:30:22,71548,tse,2330,台積電,20261001,-,2510.0000,13:29:57,14277,-,-,13:24:59,2505.0000,13,12,200,
close_window,2026-10-01T13:31:34.000+08:00,2026-10-01T13:31:34.000+08:00,2026-10-01T13:31:35.049+08:00,20261001,13:30:22,71548,tse,2454,聯發科,20261001,-,4985.0000,13:29:56,3472,-,-,13:24:52,4970.0000,1,12,200,
close_window,2026-10-01T13:31:35.000+08:00,2026-10-01T13:31:35.000+08:00,2026-10-01T13:31:35.411+08:00,20261001,13:30:22,72547,otc,1240,茂生農經,20261001,-,-,13:25:17,16,-,-,13:01:42,54.1000,1,20,200,
close_window,2026-10-01T13:31:35.000+08:00,2026-10-01T13:31:35.000+08:00,2026-10-01T13:31:35.411+08:00,20261001,13:30:22,72547,otc,1781,合世,20261001,-,-,13:30:00,30,-,-,13:18:45,9.9900,1,20,200,
close_window,2026-10-01T13:31:35.000+08:00,2026-10-01T13:31:35.000+08:00,2026-10-01T13:31:35.411+08:00,20261001,13:30:22,72547,otc,1813,寶利徠,20261001,-,-,13:30:00,5,-,-,13:02:38,11.3000,2,20,200,
close_window,2026-10-01T13:31:35.000+08:00,2026-10-01T13:31:35.000+08:00,2026-10-01T13:31:35.411+08:00,20261001,13:30:22,72547,tse,1341,富林-KY,20261001,-,-,13:25:16,2,-,-,13:14:14,59.0000,1,20,200,
close_window,2026-10-01T13:31:35.000+08:00,2026-10-01T13:31:35.000+08:00,2026-10-01T13:31:35.411+08:00,20261001,13:30:22,72547,tse,1410,南染,20261001,24.1500,24.1500,13:30:00,39,2,2,13:30:00,24.1500,2,20,200,
close_window,2026-10-01T13:31:35.000+08:00,2026-10-01T13:31:35.000+08:00,2026-10-01T13:31:35.411+08:00,20261001,13:30:22,72547,tse,2317,鴻海,20261001,253.5000,253.5000,13:29:55,22988,1,1,13:24:59,253.5000,1,20,200,
close_window,2026-10-01T13:31:35.000+08:00,2026-10-01T13:31:35.000+08:00,2026-10-01T13:31:35.411+08:00,20261001,13:30:22,72547,tse,2330,台積電,20261001,-,2510.0000,13:29:57,14277,-,-,13:24:59,2505.0000,13,12,200,
close_window,2026-10-01T13:31:35.000+08:00,2026-10-01T13:31:35.000+08:00,2026-10-01T13:31:35.411+08:00,20261001,13:30:22,72547,tse,2454,聯發科,20261001,-,4985.0000,13:29:56,3472,-,-,13:24:52,4970.0000,1,12,200,
close_window,2026-10-01T13:31:36.000+08:00,2026-10-01T13:31:36.000+08:00,2026-10-01T13:31:37.573+08:00,20261001,13:30:22,74576,otc,1240,茂生農經,20261001,-,-,13:25:17,16,-,-,13:01:42,54.1000,1,20,200,
close_window,2026-10-01T13:31:36.000+08:00,2026-10-01T13:31:36.000+08:00,2026-10-01T13:31:37.573+08:00,20261001,13:30:22,74576,otc,1781,合世,20261001,-,-,13:30:00,30,-,-,13:18:45,9.9900,1,20,200,
close_window,2026-10-01T13:31:36.000+08:00,2026-10-01T13:31:36.000+08:00,2026-10-01T13:31:37.573+08:00,20261001,13:30:22,74576,otc,1813,寶利徠,20261001,-,-,13:30:00,5,-,-,13:02:38,11.3000,2,20,200,
close_window,2026-10-01T13:31:36.000+08:00,2026-10-01T13:31:36.000+08:00,2026-10-01T13:31:37.573+08:00,20261001,13:30:22,74576,tse,1341,富林-KY,20261001,-,-,13:25:16,2,-,-,13:14:14,59.0000,1,20,200,
close_window,2026-10-01T13:31:36.000+08:00,2026-10-01T13:31:36.000+08:00,2026-10-01T13:31:37.573+08:00,20261001,13:30:22,74576,tse,1410,南染,20261001,24.1500,24.1500,13:30:00,39,2,2,13:30:00,24.1500,2,20,200,
close_window,2026-10-01T13:31:36.000+08:00,2026-10-01T13:31:36.000+08:00,2026-10-01T13:31:37.573+08:00,20261001,13:30:22,74576,tse,2317,鴻海,20261001,253.5000,253.5000,13:29:55,22988,1,1,13:24:59,253.5000,1,20,200,
close_window,2026-10-01T13:31:36.000+08:00,2026-10-01T13:31:36.000+08:00,2026-10-01T13:31:37.573+08:00,20261001,13:30:22,74576,tse,2330,台積電,20261001,-,2510.0000,13:29:57,14277,-,-,13:24:59,2505.0000,13,12,200,
close_window,2026-10-01T13:31:36.000+08:00,2026-10-01T13:31:36.000+08:00,2026-10-01T13:31:37.573+08:00,20261001,13:30:22,74576,tse,2454,聯發科,20261001,-,4985.0000,13:29:56,3472,-,-,13:24:52,4970.0000,1,12,200,
close_window,2026-10-01T13:31:37.000+08:00,2026-10-01T13:31:37.000+08:00,2026-10-01T13:31:37.424+08:00,20261001,13:30:22,74557,otc,1240,茂生農經,20261001,-,-,13:25:17,16,-,-,13:01:42,54.1000,1,20,200,
close_window,2026-10-01T13:31:37.000+08:00,2026-10-01T13:31:37.000+08:00,2026-10-01T13:31:37.424+08:00,20261001,13:30:22,74557,otc,1781,合世,20261001,-,-,13:30:00,30,-,-,13:18:45,9.9900,1,20,200,
close_window,2026-10-01T13:31:37.000+08:00,2026-10-01T13:31:37.000+08:00,2026-10-01T13:31:37.424+08:00,20261001,13:30:22,74557,otc,1813,寶利徠,20261001,-,-,13:30:00,5,-,-,13:02:38,11.3000,2,20,200,
close_window,2026-10-01T13:31:37.000+08:00,2026-10-01T13:31:37.000+08:00,2026-10-01T13:31:37.424+08:00,20261001,13:30:22,74557,tse,1341,富林-KY,20261001,-,-,13:25:16,2,-,-,13:14:14,59.0000,1,20,200,
close_window,2026-10-01T13:31:37.000+08:00,2026-10-01T13:31:37.000+08:00,2026-10-01T13:31:37.424+08:00,20261001,13:30:22,74557,tse,1410,南染,20261001,24.1500,24.1500,13:30:00,39,2,2,13:30:00,24.1500,2,20,200,
close_window,2026-10-01T13:31:37.000+08:00,2026-10-01T13:31:37.000+08:00,2026-10-01T13:31:37.424+08:00,20261001,13:30:22,74557,tse,2317,鴻海,20261001,253.5000,253.5000,13:29:55,22988,1,1,13:24:59,253.5000,1,20,200,
close_window,2026-10-01T13:31:37.000+08:00,2026-10-01T13:31:37.000+08:00,2026-10-01T13:31:37.424+08:00,20261001,13:30:22,74557,tse,2330,台積電,20261001,-,2510.0000,13:29:57,14277,-,-,13:24:59,2505.0000,13,12,200,
close_window,2026-10-01T13:31:37.000+08:00,2026-10-01T13:31:37.000+08:00,2026-10-01T13:31:37.424+08:00,20261001,13:30:22,74557,tse,2454,聯發科,20261001,-,4985.0000,13:29:56,3472,-,-,13:24:52,4970.0000,1,12,200,
close_window,2026-10-01T13:31:38.000+08:00,2026-10-01T13:31:38.000+08:00,2026-10-01T13:31:41.413+08:00,20261001,13:30:22,78418,otc,1240,茂生農經,20261001,-,-,13:25:17,16,-,-,13:01:42,54.1000,1,20,200,
close_window,2026-10-01T13:31:38.000+08:00,2026-10-01T13:31:38.000+08:00,2026-10-01T13:31:41.413+08:00,20261001,13:30:22,78418,otc,1781,合世,20261001,-,-,13:30:00,30,-,-,13:18:45,9.9900,1,20,200,
close_window,2026-10-01T13:31:38.000+08:00,2026-10-01T13:31:38.000+08:00,2026-10-01T13:31:41.413+08:00,20261001,13:30:22,78418,otc,1813,寶利徠,20261001,-,-,13:30:00,5,-,-,13:02:38,11.3000,2,20,200,
close_window,2026-10-01T13:31:38.000+08:00,2026-10-01T13:31:38.000+08:00,2026-10-01T13:31:41.413+08:00,20261001,13:30:22,78418,tse,1341,富林-KY,20261001,-,-,13:25:16,2,-,-,13:14:14,59.0000,1,20,200,
close_window,2026-10-01T13:31:38.000+08:00,2026-10-01T13:31:38.000+08:00,2026-10-01T13:31:41.413+08:00,20261001,13:30:22,78418,tse,1410,南染,20261001,24.1500,24.1500,13:30:00,39,2,2,13:30:00,24.1500,2,20,200,
close_window,2026-10-01T13:31:38.000+08:00,2026-10-01T13:31:38.000+08:00,2026-10-01T13:31:41.413+08:00,20261001,13:30:22,78418,tse,2317,鴻海,20261001,253.5000,253.5000,13:29:55,22988,1,1,13:24:59,253.5000,1,20,200,
close_window,2026-10-01T13:31:38.000+08:00,2026-10-01T13:31:38.000+08:00,2026-10-01T13:31:41.413+08:00,20261001,13:30:22,78418,tse,2330,台積電,20261001,-,2510.0000,13:29:57,14277,-,-,13:24:59,2505.0000,13,12,200,
close_window,2026-10-01T13:31:38.000+08:00,2026-10-01T13:31:38.000+08:00,2026-10-01T13:31:41.413+08:00,20261001,13:30:22,78418,tse,2454,聯發科,20261001,-,4985.0000,13:29:56,3472,-,-,13:24:52,4970.0000,1,12,200,
close_window,2026-10-01T13:31:39.000+08:00,2026-10-01T13:31:39.000+08:00,2026-10-01T13:31:39.590+08:00,20261001,13:30:22,76723,otc,1240,茂生農經,20261001,-,-,13:25:17,16,-,-,13:01:42,54.1000,1,20,200,
close_window,2026-10-01T13:31:39.000+08:00,2026-10-01T13:31:39.000+08:00,2026-10-01T13:31:39.590+08:00,20261001,13:30:22,76723,otc,1781,合世,20261001,-,-,13:30:00,30,-,-,13:18:45,9.9900,1,20,200,
close_window,2026-10-01T13:31:39.000+08:00,2026-10-01T13:31:39.000+08:00,2026-10-01T13:31:39.590+08:00,20261001,13:30:22,76723,otc,1813,寶利徠,20261001,-,-,13:30:00,5,-,-,13:02:38,11.3000,2,20,200,
close_window,2026-10-01T13:31:39.000+08:00,2026-10-01T13:31:39.000+08:00,2026-10-01T13:31:39.590+08:00,20261001,13:30:22,76723,tse,1341,富林-KY,20261001,-,-,13:25:16,2,-,-,13:14:14,59.0000,1,20,200,
close_window,2026-10-01T13:31:39.000+08:00,2026-10-01T13:31:39.000+08:00,2026-10-01T13:31:39.590+08:00,20261001,13:30:22,76723,tse,1410,南染,20261001,24.1500,24.1500,13:30:00,39,2,2,13:30:00,24.1500,2,20,200,
close_window,2026-10-01T13:31:39.000+08:00,2026-10-01T13:31:39.000+08:00,2026-10-01T13:31:39.590+08:00,20261001,13:30:22,76723,tse,2317,鴻海,20261001,253.5000,253.5000,13:29:55,22988,1,1,13:24:59,253.5000,1,20,200,
close_window,2026-10-01T13:31:39.000+08:00,2026-10-01T13:31:39.000+08:00,2026-10-01T13:31:39.590+08:00,20261001,13:30:22,76723,tse,2330,台積電,20261001,-,2510.0000,13:29:57,14277,-,-,13:24:59,2505.0000,13,12,200,
close_window,2026-10-01T13:31:39.000+08:00,2026-10-01T13:31:39.000+08:00,2026-10-01T13:31:39.590+08:00,20261001,13:30:22,76723,tse,2454,聯發科,20261001,-,4985.0000,13:29:56,3472,-,-,13:24:52,4970.0000,1,12,200,
close_window,2026-10-01T13:31:40.000+08:00,2026-10-01T13:31:40.000+08:00,2026-10-01T13:31:40.547+08:00,20261001,13:30:22,77683,otc,1240,茂生農經,20261001,-,-,13:25:17,16,-,-,13:01:42,54.1000,1,20,200,
close_window,2026-10-01T13:31:40.000+08:00,2026-10-01T13:31:40.000+08:00,2026-10-01T13:31:40.547+08:00,20261001,13:30:22,77683,otc,1781,合世,20261001,-,-,13:30:00,30,-,-,13:18:45,9.9900,1,20,200,
close_window,2026-10-01T13:31:40.000+08:00,2026-10-01T13:31:40.000+08:00,2026-10-01T13:31:40.547+08:00,20261001,13:30:22,77683,otc,1813,寶利徠,20261001,-,-,13:30:00,5,-,-,13:02:38,11.3000,2,20,200,
close_window,2026-10-01T13:31:40.000+08:00,2026-10-01T13:31:40.000+08:00,2026-10-01T13:31:40.547+08:00,20261001,13:30:22,77683,tse,1341,富林-KY,20261001,-,-,13:25:16,2,-,-,13:14:14,59.0000,1,20,200,
close_window,2026-10-01T13:31:40.000+08:00,2026-10-01T13:31:40.000+08:00,2026-10-01T13:31:40.547+08:00,20261001,13:30:22,77683,tse,1410,南染,20261001,24.1500,24.1500,13:30:00,39,2,2,13:30:00,24.1500,2,20,200,
close_window,2026-10-01T13:31:40.000+08:00,2026-10-01T13:31:40.000+08:00,2026-10-01T13:31:40.547+08:00,20261001,13:30:22,77683,tse,2317,鴻海,20261001,253.5000,253.5000,13:29:55,22988,1,1,13:24:59,253.5000,1,20,200,
close_window,2026-10-01T13:31:40.000+08:00,2026-10-01T13:31:40.000+08:00,2026-10-01T13:31:40.547+08:00,20261001,13:30:22,77683,tse,2330,台積電,20261001,-,2510.0000,13:29:57,14277,-,-,13:24:59,2505.0000,13,12,200,
close_window,2026-10-01T13:31:40.000+08:00,2026-10-01T13:31:40.000+08:00,2026-10-01T13:31:40.547+08:00,20261001,13:30:22,77683,tse,2454,聯發科,20261001,-,4985.0000,13:29:56,3472,-,-,13:24:52,4970.0000,1,12,200,
close_window,2026-10-01T13:31:41.000+08:00,2026-10-01T13:31:41.000+08:00,2026-10-01T13:31:41.665+08:00,20261001,13:30:22,78800,otc,1240,茂生農經,20261001,-,-,13:25:17,16,-,-,13:01:42,54.1000,1,20,200,
close_window,2026-10-01T13:31:41.000+08:00,2026-10-01T13:31:41.000+08:00,2026-10-01T13:31:41.665+08:00,20261001,13:30:22,78800,otc,1781,合世,20261001,-,-,13:30:00,30,-,-,13:18:45,9.9900,1,20,200,
close_window,2026-10-01T13:31:41.000+08:00,2026-10-01T13:31:41.000+08:00,2026-10-01T13:31:41.665+08:00,20261001,13:30:22,78800,otc,1813,寶利徠,20261001,-,-,13:30:00,5,-,-,13:02:38,11.3000,2,20,200,
close_window,2026-10-01T13:31:41.000+08:00,2026-10-01T13:31:41.000+08:00,2026-10-01T13:31:41.665+08:00,20261001,13:30:22,78800,tse,1341,富林-KY,20261001,-,-,13:25:16,2,-,-,13:14:14,59.0000,1,20,200,
close_window,2026-10-01T13:31:41.000+08:00,2026-10-01T13:31:41.000+08:00,2026-10-01T13:31:41.665+08:00,20261001,13:30:22,78800,tse,1410,南染,20261001,24.1500,24.1500,13:30:00,39,2,2,13:30:00,24.1500,2,20,200,
close_window,2026-10-01T13:31:41.000+08:00,2026-10-01T13:31:41.000+08:00,2026-10-01T13:31:41.665+08:00,20261001,13:30:22,78800,tse,2317,鴻海,20261001,253.5000,253.5000,13:29:55,22988,1,1,13:24:59,253.5000,1,20,200,
close_window,2026-10-01T13:31:41.000+08:00,2026-10-01T13:31:41.000+08:00,2026-10-01T13:31:41.665+08:00,20261001,13:30:22,78800,tse,2330,台積電,20261001,-,2510.0000,13:29:57,14277,-,-,13:24:59,2505.0000,13,12,200,
close_window,2026-10-01T13:31:41.000+08:00,2026-10-01T13:31:41.000+08:00,2026-10-01T13:31:41.665+08:00,20261001,13:30:22,78800,tse,2454,聯發科,20261001,-,4985.0000,13:29:56,3472,-,-,13:24:52,4970.0000,1,12,200,
close_window,2026-10-01T13:31:42.000+08:00,2026-10-01T13:31:42.000+08:00,2026-10-01T13:31:42.691+08:00,20261001,13:30:22,79695,otc,1240,茂生農經,20261001,-,-,13:25:17,16,-,-,13:01:42,54.1000,1,20,200,
close_window,2026-10-01T13:31:42.000+08:00,2026-10-01T13:31:42.000+08:00,2026-10-01T13:31:42.691+08:00,20261001,13:30:22,79695,otc,1781,合世,20261001,-,-,13:30:00,30,-,-,13:18:45,9.9900,1,20,200,
close_window,2026-10-01T13:31:42.000+08:00,2026-10-01T13:31:42.000+08:00,2026-10-01T13:31:42.691+08:00,20261001,13:30:22,79695,otc,1813,寶利徠,20261001,-,-,13:30:00,5,-,-,13:02:38,11.3000,2,20,200,
close_window,2026-10-01T13:31:42.000+08:00,2026-10-01T13:31:42.000+08:00,2026-10-01T13:31:42.691+08:00,20261001,13:30:22,79695,tse,1341,富林-KY,20261001,-,-,13:25:16,2,-,-,13:14:14,59.0000,1,20,200,
close_window,2026-10-01T13:31:42.000+08:00,2026-10-01T13:31:42.000+08:00,2026-10-01T13:31:42.691+08:00,20261001,13:30:22,79695,tse,1410,南染,20261001,24.1500,24.1500,13:30:00,39,2,2,13:30:00,24.1500,2,20,200,
close_window,2026-10-01T13:31:42.000+08:00,2026-10-01T13:31:42.000+08:00,2026-10-01T13:31:42.691+08:00,20261001,13:30:22,79695,tse,2317,鴻海,20261001,253.5000,253.5000,13:29:55,22988,1,1,13:24:59,253.5000,1,20,200,
close_window,2026-10-01T13:31:42.000+08:00,2026-10-01T13:31:42.000+08:00,2026-10-01T13:31:42.691+08:00,20261001,13:30:22,79695,tse,2330,台積電,20261001,-,2510.0000,13:29:57,14277,-,-,13:24:59,2505.0000,13,12,200,
close_window,2026-10-01T13:31:42.000+08:00,2026-10-01T13:31:42.000+08:00,2026-10-01T13:31:42.691+08:00,20261001,13:30:22,79695,tse,2454,聯發科,20261001,-,4985.0000,13:29:56,3472,-,-,13:24:52,4970.0000,1,12,200,
close_window,2026-10-01T13:31:43.000+08:00,2026-10-01T13:31:43.000+08:00,2026-10-01T13:31:43.425+08:00,20261001,13:30:22,80560,otc,1240,茂生農經,20261001,-,-,13:25:17,16,-,-,13:01:42,54.1000,1,20,200,
close_window,2026-10-01T13:31:43.000+08:00,2026-10-01T13:31:43.000+08:00,2026-10-01T13:31:43.425+08:00,20261001,13:30:22,80560,otc,1781,合世,20261001,-,-,13:30:00,30,-,-,13:18:45,9.9900,1,20,200,
close_window,2026-10-01T13:31:43.000+08:00,2026-10-01T13:31:43.000+08:00,2026-10-01T13:31:43.425+08:00,20261001,13:30:22,80560,otc,1813,寶利徠,20261001,-,-,13:30:00,5,-,-,13:02:38,11.3000,2,20,200,
close_window,2026-10-01T13:31:43.000+08:00,2026-10-01T13:31:43.000+08:00,2026-10-01T13:31:43.425+08:00,20261001,13:30:22,80560,tse,1341,富林-KY,20261001,-,-,13:25:16,2,-,-,13:14:14,59.0000,1,20,200,
close_window,2026-10-01T13:31:43.000+08:00,2026-10-01T13:31:43.000+08:00,2026-10-01T13:31:43.425+08:00,20261001,13:30:22,80560,tse,1410,南染,20261001,24.1500,24.1500,13:30:00,39,2,2,13:30:00,24.1500,2,20,200,
close_window,2026-10-01T13:31:43.000+08:00,2026-10-01T13:31:43.000+08:00,2026-10-01T13:31:43.425+08:00,20261001,13:30:22,80560,tse,2317,鴻海,20261001,253.5000,253.5000,13:29:55,22988,1,1,13:24:59,253.5000,1,20,200,
close_window,2026-10-01T13:31:43.000+08:00,2026-10-01T13:31:43.000+08:00,2026-10-01T13:31:43.425+08:00,20261001,13:30:22,80560,tse,2330,台積電,20261001,-,2510.0000,13:29:57,14277,-,-,13:24:59,2505.0000,13,12,200,
close_window,2026-10-01T13:31:43.000+08:00,2026-10-01T13:31:43.000+08:00,2026-10-01T13:31:43.425+08:00,20261001,13:30:22,80560,tse,2454,聯發科,20261001,-,4985.0000,13:29:56,3472,-,-,13:24:52,4970.0000,1,12,200,
close_window,2026-10-01T13:31:44.000+08:00,2026-10-01T13:31:44.000+08:00,2026-10-01T13:31:45.437+08:00,20261001,13:30:22,82572,otc,1240,茂生農經,20261001,-,-,13:25:17,16,-,-,13:01:42,54.1000,1,20,200,
close_window,2026-10-01T13:31:44.000+08:00,2026-10-01T13:31:44.000+08:00,2026-10-01T13:31:45.437+08:00,20261001,13:30:22,82572,otc,1781,合世,20261001,-,-,13:30:00,30,-,-,13:18:45,9.9900,1,20,200,
close_window,2026-10-01T13:31:44.000+08:00,2026-10-01T13:31:44.000+08:00,2026-10-01T13:31:45.437+08:00,20261001,13:30:22,82572,otc,1813,寶利徠,20261001,-,-,13:30:00,5,-,-,13:02:38,11.3000,2,20,200,
close_window,2026-10-01T13:31:44.000+08:00,2026-10-01T13:31:44.000+08:00,2026-10-01T13:31:45.437+08:00,20261001,13:30:22,82572,tse,1341,富林-KY,20261001,-,-,13:25:16,2,-,-,13:14:14,59.0000,1,20,200,
close_window,2026-10-01T13:31:44.000+08:00,2026-10-01T13:31:44.000+08:00,2026-10-01T13:31:45.437+08:00,20261001,13:30:22,82572,tse,1410,南染,20261001,24.1500,24.1500,13:30:00,39,2,2,13:30:00,24.1500,2,20,200,
close_window,2026-10-01T13:31:44.000+08:00,2026-10-01T13:31:44.000+08:00,2026-10-01T13:31:45.437+08:00,20261001,13:30:22,82572,tse,2317,鴻海,20261001,253.5000,253.5000,13:29:55,22988,1,1,13:24:59,253.5000,1,20,200,
close_window,2026-10-01T13:31:44.000+08:00,2026-10-01T13:31:44.000+08:00,2026-10-01T13:31:45.437+08:00,20261001,13:30:22,82572,tse,2330,台積電,20261001,-,2510.0000,13:29:57,14277,-,-,13:24:59,2505.0000,13,12,200,
close_window,2026-10-01T13:31:44.000+08:00,2026-10-01T13:31:44.000+08:00,2026-10-01T13:31:45.437+08:00,20261001,13:30:22,82572,tse,2454,聯發科,20261001,-,4985.0000,13:29:56,3472,-,-,13:24:52,4970.0000,1,12,200,
close_window,2026-10-01T13:31:45.000+08:00,2026-10-01T13:31:45.000+08:00,2026-10-01T13:31:46.982+08:00,20261001,13:30:22,84118,otc,1240,茂生農經,20261001,-,-,13:25:17,16,-,-,13:01:42,54.1000,1,20,200,
close_window,2026-10-01T13:31:45.000+08:00,2026-10-01T13:31:45.000+08:00,2026-10-01T13:31:46.982+08:00,20261001,13:30:22,84118,otc,1781,合世,20261001,-,-,13:30:00,30,-,-,13:18:45,9.9900,1,20,200,
close_window,2026-10-01T13:31:45.000+08:00,2026-10-01T13:31:45.000+08:00,2026-10-01T13:31:46.982+08:00,20261001,13:30:22,84118,otc,1813,寶利徠,20261001,-,-,13:30:00,5,-,-,13:02:38,11.3000,2,20,200,
close_window,2026-10-01T13:31:45.000+08:00,2026-10-01T13:31:45.000+08:00,2026-10-01T13:31:46.982+08:00,20261001,13:30:22,84118,tse,1341,富林-KY,20261001,-,-,13:25:16,2,-,-,13:14:14,59.0000,1,20,200,
close_window,2026-10-01T13:31:45.000+08:00,2026-10-01T13:31:45.000+08:00,2026-10-01T13:31:46.982+08:00,20261001,13:30:22,84118,tse,1410,南染,20261001,24.1500,24.1500,13:30:00,39,2,2,13:30:00,24.1500,2,20,200,
close_window,2026-10-01T13:31:45.000+08:00,2026-10-01T13:31:45.000+08:00,2026-10-01T13:31:46.982+08:00,20261001,13:30:22,84118,tse,2317,鴻海,20261001,253.5000,253.5000,13:29:55,22988,1,1,13:24:59,253.5000,1,20,200,
close_window,2026-10-01T13:31:45.000+08:00,2026-10-01T13:31:45.000+08:00,2026-10-01T13:31:46.982+08:00,20261001,13:30:22,84118,tse,2330,台積電,20261001,-,2510.0000,13:29:57,14277,-,-,13:24:59,2505.0000,13,12,200,
close_window,2026-10-01T13:31:45.000+08:00,2026-10-01T13:31:45.000+08:00,2026-10-01T13:31:46.982+08:00,20261001,13:30:22,84118,tse,2454,聯發科,20261001,-,4985.0000,13:29:56,3472,-,-,13:24:52,4970.0000,1,12,200,
close_window,2026-10-01T13:31:46.000+08:00,2026-10-01T13:31:46.000+08:00,2026-10-01T13:31:46.537+08:00,20261001,13:30:22,83674,otc,1240,茂生農經,20261001,-,-,13:25:17,16,-,-,13:01:42,54.1000,1,20,200,
close_window,2026-10-01T13:31:46.000+08:00,2026-10-01T13:31:46.000+08:00,2026-10-01T13:31:46.537+08:00,20261001,13:30:22,83674,otc,1781,合世,20261001,-,-,13:30:00,30,-,-,13:18:45,9.9900,1,20,200,
close_window,2026-10-01T13:31:46.000+08:00,2026-10-01T13:31:46.000+08:00,2026-10-01T13:31:46.537+08:00,20261001,13:30:22,83674,otc,1813,寶利徠,20261001,-,-,13:30:00,5,-,-,13:02:38,11.3000,2,20,200,
close_window,2026-10-01T13:31:46.000+08:00,2026-10-01T13:31:46.000+08:00,2026-10-01T13:31:46.537+08:00,20261001,13:30:22,83674,tse,1341,富林-KY,20261001,-,-,13:25:16,2,-,-,13:14:14,59.0000,1,20,200,
close_window,2026-10-01T13:31:46.000+08:00,2026-10-01T13:31:46.000+08:00,2026-10-01T13:31:46.537+08:00,20261001,13:30:22,83674,tse,1410,南染,20261001,24.1500,24.1500,13:30:00,39,2,2,13:30:00,24.1500,2,20,200,
close_window,2026-10-01T13:31:46.000+08:00,2026-10-01T13:31:46.000+08:00,2026-10-01T13:31:46.537+08:00,20261001,13:30:22,83674,tse,2317,鴻海,20261001,253.5000,253.5000,13:29:55,22988,1,1,13:24:59,253.5000,1,20,200,
close_window,2026-10-01T13:31:46.000+08:00,2026-10-01T13:31:46.000+08:00,2026-10-01T13:31:46.537+08:00,20261001,13:30:22,83674,tse,2330,台積電,20261001,-,2510.0000,13:29:57,14277,-,-,13:24:59,2505.0000,13,12,200,
close_window,2026-10-01T13:31:46.000+08:00,2026-10-01T13:31:46.000+08:00,2026-10-01T13:31:46.537+08:00,20261001,13:30:22,83674,tse,2454,聯發科,20261001,-,4985.0000,13:29:56,3472,-,-,13:24:52,4970.0000,1,12,200,
close_window,2026-10-01T13:31:47.000+08:00,2026-10-01T13:31:47.000+08:00,2026-10-01T13:31:47.545+08:00,20261001,13:30:22,84680,otc,1240,茂生農經,20261001,-,-,13:25:17,16,-,-,13:01:42,54.1000,1,20,200,
close_window,2026-10-01T13:31:47.000+08:00,2026-10-01T13:31:47.000+08:00,2026-10-01T13:31:47.545+08:00,20261001,13:30:22,84680,otc,1781,合世,20261001,-,-,13:30:00,30,-,-,13:18:45,9.9900,1,20,200,
close_window,2026-10-01T13:31:47.000+08:00,2026-10-01T13:31:47.000+08:00,2026-10-01T13:31:47.545+08:00,20261001,13:30:22,84680,otc,1813,寶利徠,20261001,-,-,13:30:00,5,-,-,13:02:38,11.3000,2,20,200,
close_window,2026-10-01T13:31:47.000+08:00,2026-10-01T13:31:47.000+08:00,2026-10-01T13:31:47.545+08:00,20261001,13:30:22,84680,tse,1341,富林-KY,20261001,-,-,13:25:16,2,-,-,13:14:14,59.0000,1,20,200,
close_window,2026-10-01T13:31:47.000+08:00,2026-10-01T13:31:47.000+08:00,2026-10-01T13:31:47.545+08:00,20261001,13:30:22,84680,tse,1410,南染,20261001,24.1500,24.1500,13:30:00,39,2,2,13:30:00,24.1500,2,20,200,
close_window,2026-10-01T13:31:47.000+08:00,2026-10-01T13:31:47.000+08:00,2026-10-01T13:31:47.545+08:00,20261001,13:30:22,84680,tse,2317,鴻海,20261001,253.5000,253.5000,13:29:55,22988,1,1,13:24:59,253.5000,1,20,200,
close_window,2026-10-01T13:31:47.000+08:00,2026-10-01T13:31:47.000+08:00,2026-10-01T13:31:47.545+08:00,20261001,13:30:22,84680,tse,2330,台積電,20261001,-,2510.0000,13:29:57,14277,-,-,13:24:59,2505.0000,13,12,200,
close_window,2026-10-01T13:31:47.000+08:00,2026-10-01T13:31:47.000+08:00,2026-10-01T13:31:47.545+08:00,20261001,13:30:22,84680,tse,2454,聯發科,20261001,-,4985.0000,13:29:56,3472,-,-,13:24:52,4970.0000,1,12,200,
close_window,2026-10-01T13:31:48.000+08:00,2026-10-01T13:31:48.000+08:00,2026-10-01T13:31:48.538+08:00,20261001,13:30:22,85673,otc,1240,茂生農經,20261001,-,-,13:25:17,16,-,-,13:01:42,54.1000,1,20,200,
close_window,2026-10-01T13:31:48.000+08:00,2026-10-01T13:31:48.000+08:00,2026-10-01T13:31:48.538+08:00,20261001,13:30:22,85673,otc,1781,合世,20261001,-,-,13:30:00,30,-,-,13:18:45,9.9900,1,20,200,
close_window,2026-10-01T13:31:48.000+08:00,2026-10-01T13:31:48.000+08:00,2026-10-01T13:31:48.538+08:00,20261001,13:30:22,85673,otc,1813,寶利徠,20261001,-,-,13:30:00,5,-,-,13:02:38,11.3000,2,20,200,
close_window,2026-10-01T13:31:48.000+08:00,2026-10-01T13:31:48.000+08:00,2026-10-01T13:31:48.538+08:00,20261001,13:30:22,85673,tse,1341,富林-KY,20261001,-,-,13:25:16,2,-,-,13:14:14,59.0000,1,20,200,
close_window,2026-10-01T13:31:48.000+08:00,2026-10-01T13:31:48.000+08:00,2026-10-01T13:31:48.538+08:00,20261001,13:30:22,85673,tse,1410,南染,20261001,24.1500,24.1500,13:30:00,39,2,2,13:30:00,24.1500,2,20,200,
close_window,2026-10-01T13:31:48.000+08:00,2026-10-01T13:31:48.000+08:00,2026-10-01T13:31:48.538+08:00,20261001,13:30:22,85673,tse,2317,鴻海,20261001,253.5000,253.5000,13:29:55,22988,1,1,13:24:59,253.5000,1,20,200,
close_window,2026-10-01T13:31:48.000+08:00,2026-10-01T13:31:48.000+08:00,2026-10-01T13:31:48.538+08:00,20261001,13:30:22,85673,tse,2330,台積電,20261001,-,2510.0000,13:29:57,14277,-,-,13:24:59,2505.0000,13,12,200,
close_window,2026-10-01T13:31:48.000+08:00,2026-10-01T13:31:48.000+08:00,2026-10-01T13:31:48.538+08:00,20261001,13:30:22,85673,tse,2454,聯發科,20261001,-,4985.0000,13:29:56,3472,-,-,13:24:52,4970.0000,1,12,200,
close_window,2026-10-01T13:31:49.000+08:00,2026-10-01T13:31:49.000+08:00,2026-10-01T13:31:50.662+08:00,20261001,13:30:22,86867,otc,1240,茂生農經,20261001,-,-,13:25:17,16,-,-,13:01:42,54.1000,1,20,200,
close_window,2026-10-01T13:31:49.000+08:00,2026-10-01T13:31:49.000+08:00,2026-10-01T13:31:50.662+08:00,20261001,13:30:22,86867,otc,1781,合世,20261001,-,-,13:30:00,30,-,-,13:18:45,9.9900,1,20,200,
close_window,2026-10-01T13:31:49.000+08:00,2026-10-01T13:31:49.000+08:00,2026-10-01T13:31:50.662+08:00,20261001,13:30:22,86867,otc,1813,寶利徠,20261001,-,-,13:30:00,5,-,-,13:02:38,11.3000,2,20,200,
close_window,2026-10-01T13:31:49.000+08:00,2026-10-01T13:31:49.000+08:00,2026-10-01T13:31:50.662+08:00,20261001,13:30:22,86867,tse,1341,富林-KY,20261001,-,-,13:25:16,2,-,-,13:14:14,59.0000,1,20,200,
close_window,2026-10-01T13:31:49.000+08:00,2026-10-01T13:31:49.000+08:00,2026-10-01T13:31:50.662+08:00,20261001,13:30:22,86867,tse,1410,南染,20261001,24.1500,24.1500,13:30:00,39,2,2,13:30:00,24.1500,2,20,200,
close_window,2026-10-01T13:31:49.000+08:00,2026-10-01T13:31:49.000+08:00,2026-10-01T13:31:50.662+08:00,20261001,13:30:22,86867,tse,2317,鴻海,20261001,253.5000,253.5000,13:29:55,22988,1,1,13:24:59,253.5000,1,20,200,
close_window,2026-10-01T13:31:49.000+08:00,2026-10-01T13:31:49.000+08:00,2026-10-01T13:31:50.662+08:00,20261001,13:30:22,86867,tse,2330,台積電,20261001,-,2510.0000,13:29:57,14277,-,-,13:24:59,2505.0000,13,12,200,
close_window,2026-10-01T13:31:49.000+08:00,2026-10-01T13:31:49.000+08:00,2026-10-01T13:31:50.662+08:00,20261001,13:30:22,86867,tse,2454,聯發科,20261001,-,4985.0000,13:29:56,3472,-,-,13:24:52,4970.0000,1,12,200,
close_window,2026-10-01T13:31:50.000+08:00,2026-10-01T13:31:50.000+08:00,2026-10-01T13:31:50.938+08:00,20261001,13:30:22,88072,otc,1240,茂生農經,20261001,-,-,13:25:17,16,-,-,13:01:42,54.1000,1,20,200,
close_window,2026-10-01T13:31:50.000+08:00,2026-10-01T13:31:50.000+08:00,2026-10-01T13:31:50.938+08:00,20261001,13:30:22,88072,otc,1781,合世,20261001,-,-,13:30:00,30,-,-,13:18:45,9.9900,1,20,200,
close_window,2026-10-01T13:31:50.000+08:00,2026-10-01T13:31:50.000+08:00,2026-10-01T13:31:50.938+08:00,20261001,13:30:22,88072,otc,1813,寶利徠,20261001,-,-,13:30:00,5,-,-,13:02:38,11.3000,2,20,200,
close_window,2026-10-01T13:31:50.000+08:00,2026-10-01T13:31:50.000+08:00,2026-10-01T13:31:50.938+08:00,20261001,13:30:22,88072,tse,1341,富林-KY,20261001,-,-,13:25:16,2,-,-,13:14:14,59.0000,1,20,200,
close_window,2026-10-01T13:31:50.000+08:00,2026-10-01T13:31:50.000+08:00,2026-10-01T13:31:50.938+08:00,20261001,13:30:22,88072,tse,1410,南染,20261001,24.1500,24.1500,13:30:00,39,2,2,13:30:00,24.1500,2,20,200,
close_window,2026-10-01T13:31:50.000+08:00,2026-10-01T13:31:50.000+08:00,2026-10-01T13:31:50.938+08:00,20261001,13:30:22,88072,tse,2317,鴻海,20261001,253.5000,253.5000,13:29:55,22988,1,1,13:24:59,253.5000,1,20,200,
close_window,2026-10-01T13:31:50.000+08:00,2026-10-01T13:31:50.000+08:00,2026-10-01T13:31:50.938+08:00,20261001,13:30:22,88072,tse,2330,台積電,20261001,-,2510.0000,13:29:57,14277,-,-,13:24:59,2505.0000,13,12,200,
close_window,2026-10-01T13:31:50.000+08:00,2026-10-01T13:31:50.000+08:00,2026-10-01T13:31:50.938+08:00,20261001,13:30:22,88072,tse,2454,聯發科,20261001,-,4985.0000,13:29:56,3472,-,-,13:24:52,4970.0000,1,12,200,
close_window,2026-10-01T13:31:51.000+08:00,2026-10-01T13:31:51.000+08:00,2026-10-01T13:31:51.820+08:00,20261001,13:30:22,88956,otc,1240,茂生農經,20261001,-,-,13:25:17,16,-,-,13:01:42,54.1000,1,20,200,
close_window,2026-10-01T13:31:51.000+08:00,2026-10-01T13:31:51.000+08:00,2026-10-01T13:31:51.820+08:00,20261001,13:30:22,88956,otc,1781,合世,20261001,-,-,13:30:00,30,-,-,13:18:45,9.9900,1,20,200,
close_window,2026-10-01T13:31:51.000+08:00,2026-10-01T13:31:51.000+08:00,2026-10-01T13:31:51.820+08:00,20261001,13:30:22,88956,otc,1813,寶利徠,20261001,-,-,13:30:00,5,-,-,13:02:38,11.3000,2,20,200,
close_window,2026-10-01T13:31:51.000+08:00,2026-10-01T13:31:51.000+08:00,2026-10-01T13:31:51.820+08:00,20261001,13:30:22,88956,tse,1341,富林-KY,20261001,-,-,13:25:16,2,-,-,13:14:14,59.0000,1,20,200,
close_window,2026-10-01T13:31:51.000+08:00,2026-10-01T13:31:51.000+08:00,2026-10-01T13:31:51.820+08:00,20261001,13:30:22,88956,tse,1410,南染,20261001,24.1500,24.1500,13:30:00,39,2,2,13:30:00,24.1500,2,20,200,
close_window,2026-10-01T13:31:51.000+08:00,2026-10-01T13:31:51.000+08:00,2026-10-01T13:31:51.820+08:00,20261001,13:30:22,88956,tse,2317,鴻海,20261001,253.5000,253.5000,13:29:55,22988,1,1,13:24:59,253.5000,1,20,200,
close_window,2026-10-01T13:31:51.000+08:00,2026-10-01T13:31:51.000+08:00,2026-10-01T13:31:51.820+08:00,20261001,13:30:22,88956,tse,2330,台積電,20261001,-,2510.0000,13:29:57,14277,-,-,13:24:59,2505.0000,13,12,200,
close_window,2026-10-01T13:31:51.000+08:00,2026-10-01T13:31:51.000+08:00,2026-10-01T13:31:51.820+08:00,20261001,13:30:22,88956,tse,2454,聯發科,20261001,-,4985.0000,13:29:56,3472,-,-,13:24:52,4970.0000,1,12,200,
close_window,2026-10-01T13:31:52.000+08:00,2026-10-01T13:31:52.000+08:00,2026-10-01T13:31:53.439+08:00,20261001,13:30:22,90574,otc,1240,茂生農經,20261001,-,-,13:25:17,16,-,-,13:01:42,54.1000,1,20,200,
close_window,2026-10-01T13:31:52.000+08:00,2026-10-01T13:31:52.000+08:00,2026-10-01T13:31:53.439+08:00,20261001,13:30:22,90574,otc,1781,合世,20261001,-,-,13:30:00,30,-,-,13:18:45,9.9900,1,20,200,
close_window,2026-10-01T13:31:52.000+08:00,2026-10-01T13:31:52.000+08:00,2026-10-01T13:31:53.439+08:00,20261001,13:30:22,90574,otc,1813,寶利徠,20261001,-,-,13:30:00,5,-,-,13:02:38,11.3000,2,20,200,
close_window,2026-10-01T13:31:52.000+08:00,2026-10-01T13:31:52.000+08:00,2026-10-01T13:31:53.439+08:00,20261001,13:30:22,90574,tse,1341,富林-KY,20261001,-,-,13:25:16,2,-,-,13:14:14,59.0000,1,20,200,
close_window,2026-10-01T13:31:52.000+08:00,2026-10-01T13:31:52.000+08:00,2026-10-01T13:31:53.439+08:00,20261001,13:30:22,90574,tse,1410,南染,20261001,24.1500,24.1500,13:30:00,39,2,2,13:30:00,24.1500,2,20,200,
close_window,2026-10-01T13:31:52.000+08:00,2026-10-01T13:31:52.000+08:00,2026-10-01T13:31:53.439+08:00,20261001,13:30:22,90574,tse,2317,鴻海,20261001,253.5000,253.5000,13:29:55,22988,1,1,13:24:59,253.5000,1,20,200,
close_window,2026-10-01T13:31:52.000+08:00,2026-10-01T13:31:52.000+08:00,2026-10-01T13:31:53.439+08:00,20261001,13:30:22,90574,tse,2330,台積電,20261001,-,2510.0000,13:29:57,14277,-,-,13:24:59,2505.0000,13,12,200,
close_window,2026-10-01T13:31:52.000+08:00,2026-10-01T13:31:52.000+08:00,2026-10-01T13:31:53.439+08:00,20261001,13:30:22,90574,tse,2454,聯發科,20261001,-,4985.0000,13:29:56,3472,-,-,13:24:52,4970.0000,1,12,200,
close_window,2026-10-01T13:31:53.000+08:00,2026-10-01T13:31:53.000+08:00,2026-10-01T13:31:53.574+08:00,20261001,13:30:22,90547,otc,1240,茂生農經,20261001,-,-,13:25:17,16,-,-,13:01:42,54.1000,1,20,200,
close_window,2026-10-01T13:31:53.000+08:00,2026-10-01T13:31:53.000+08:00,2026-10-01T13:31:53.574+08:00,20261001,13:30:22,90547,otc,1781,合世,20261001,-,-,13:30:00,30,-,-,13:18:45,9.9900,1,20,200,
close_window,2026-10-01T13:31:53.000+08:00,2026-10-01T13:31:53.000+08:00,2026-10-01T13:31:53.574+08:00,20261001,13:30:22,90547,otc,1813,寶利徠,20261001,-,-,13:30:00,5,-,-,13:02:38,11.3000,2,20,200,
close_window,2026-10-01T13:31:53.000+08:00,2026-10-01T13:31:53.000+08:00,2026-10-01T13:31:53.574+08:00,20261001,13:30:22,90547,tse,1341,富林-KY,20261001,-,-,13:25:16,2,-,-,13:14:14,59.0000,1,20,200,
close_window,2026-10-01T13:31:53.000+08:00,2026-10-01T13:31:53.000+08:00,2026-10-01T13:31:53.574+08:00,20261001,13:30:22,90547,tse,1410,南染,20261001,24.1500,24.1500,13:30:00,39,2,2,13:30:00,24.1500,2,20,200,
close_window,2026-10-01T13:31:53.000+08:00,2026-10-01T13:31:53.000+08:00,2026-10-01T13:31:53.574+08:00,20261001,13:30:22,90547,tse,2317,鴻海,20261001,253.5000,253.5000,13:29:55,22988,1,1,13:24:59,253.5000,1,20,200,
close_window,2026-10-01T13:31:53.000+08:00,2026-10-01T13:31:53.000+08:00,2026-10-01T13:31:53.574+08:00,20261001,13:30:22,90547,tse,2330,台積電,20261001,-,2510.0000,13:29:57,14277,-,-,13:24:59,2505.0000,13,12,200,
close_window,2026-10-01T13:31:53.000+08:00,2026-10-01T13:31:53.000+08:00,2026-10-01T13:31:53.574+08:00,20261001,13:30:22,90547,tse,2454,聯發科,20261001,-,4985.0000,13:29:56,3472,-,-,13:24:52,4970.0000,1,12,200,
close_window,2026-10-01T13:31:54.000+08:00,2026-10-01T13:31:54.000+08:00,2026-10-01T13:31:54.668+08:00,20261001,13:30:22,91672,otc,1240,茂生農經,20261001,-,-,13:25:17,16,-,-,13:01:42,54.1000,1,20,200,
close_window,2026-10-01T13:31:54.000+08:00,2026-10-01T13:31:54.000+08:00,2026-10-01T13:31:54.668+08:00,20261001,13:30:22,91672,otc,1781,合世,20261001,-,-,13:30:00,30,-,-,13:18:45,9.9900,1,20,200,
close_window,2026-10-01T13:31:54.000+08:00,2026-10-01T13:31:54.000+08:00,2026-10-01T13:31:54.668+08:00,20261001,13:30:22,91672,otc,1813,寶利徠,20261001,-,-,13:30:00,5,-,-,13:02:38,11.3000,2,20,200,
close_window,2026-10-01T13:31:54.000+08:00,2026-10-01T13:31:54.000+08:00,2026-10-01T13:31:54.668+08:00,20261001,13:30:22,91672,tse,1341,富林-KY,20261001,-,-,13:25:16,2,-,-,13:14:14,59.0000,1,20,200,
close_window,2026-10-01T13:31:54.000+08:00,2026-10-01T13:31:54.000+08:00,2026-10-01T13:31:54.668+08:00,20261001,13:30:22,91672,tse,1410,南染,20261001,24.1500,24.1500,13:30:00,39,2,2,13:30:00,24.1500,2,20,200,
close_window,2026-10-01T13:31:54.000+08:00,2026-10-01T13:31:54.000+08:00,2026-10-01T13:31:54.668+08:00,20261001,13:30:22,91672,tse,2317,鴻海,20261001,253.5000,253.5000,13:29:55,22988,1,1,13:24:59,253.5000,1,20,200,
close_window,2026-10-01T13:31:54.000+08:00,2026-10-01T13:31:54.000+08:00,2026-10-01T13:31:54.668+08:00,20261001,13:30:22,91672,tse,2330,台積電,20261001,-,2510.0000,13:29:57,14277,-,-,13:24:59,2505.0000,13,12,200,
close_window,2026-10-01T13:31:54.000+08:00,2026-10-01T13:31:54.000+08:00,2026-10-01T13:31:54.668+08:00,20261001,13:30:22,91672,tse,2454,聯發科,20261001,-,4985.0000,13:29:56,3472,-,-,13:24:52,4970.0000,1,12,200,
close_window,2026-10-01T13:31:55.000+08:00,2026-10-01T13:31:55.000+08:00,2026-10-01T13:32:00.311+08:00,20261001,13:30:22,96908,otc,1240,茂生農經,20261001,-,-,13:25:17,16,-,-,13:01:42,54.1000,1,20,200,
close_window,2026-10-01T13:31:55.000+08:00,2026-10-01T13:31:55.000+08:00,2026-10-01T13:32:00.311+08:00,20261001,13:30:22,96908,otc,1781,合世,20261001,-,-,13:30:00,30,-,-,13:18:45,9.9900,1,20,200,
close_window,2026-10-01T13:31:55.000+08:00,2026-10-01T13:31:55.000+08:00,2026-10-01T13:32:00.311+08:00,20261001,13:30:22,96908,otc,1813,寶利徠,20261001,-,-,13:30:00,5,-,-,13:02:38,11.3000,2,20,200,
close_window,2026-10-01T13:31:55.000+08:00,2026-10-01T13:31:55.000+08:00,2026-10-01T13:32:00.311+08:00,20261001,13:30:22,96908,tse,1341,富林-KY,20261001,-,-,13:25:16,2,-,-,13:14:14,59.0000,1,20,200,
close_window,2026-10-01T13:31:55.000+08:00,2026-10-01T13:31:55.000+08:00,2026-10-01T13:32:00.311+08:00,20261001,13:30:22,96908,tse,1410,南染,20261001,24.1500,24.1500,13:30:00,39,2,2,13:30:00,24.1500,2,20,200,
close_window,2026-10-01T13:31:55.000+08:00,2026-10-01T13:31:55.000+08:00,2026-10-01T13:32:00.311+08:00,20261001,13:30:22,96908,tse,2317,鴻海,20261001,253.5000,253.5000,13:29:55,22988,1,1,13:24:59,253.5000,1,20,200,
close_window,2026-10-01T13:31:55.000+08:00,2026-10-01T13:31:55.000+08:00,2026-10-01T13:32:00.311+08:00,20261001,13:30:22,96908,tse,2330,台積電,20261001,-,2510.0000,13:29:57,14277,-,-,13:24:59,2505.0000,13,12,200,
close_window,2026-10-01T13:31:55.000+08:00,2026-10-01T13:31:55.000+08:00,2026-10-01T13:32:00.311+08:00,20261001,13:30:22,96908,tse,2454,聯發科,20261001,-,4985.0000,13:29:56,3472,-,-,13:24:52,4970.0000,1,12,200,
close_window,2026-10-01T13:31:56.000+08:00,2026-10-01T13:31:56.000+08:00,2026-10-01T13:31:56.766+08:00,20261001,13:30:22,93739,otc,1240,茂生農經,20261001,-,-,13:25:17,16,-,-,13:01:42,54.1000,1,20,200,
close_window,2026-10-01T13:31:56.000+08:00,2026-10-01T13:31:56.000+08:00,2026-10-01T13:31:56.766+08:00,20261001,13:30:22,93739,otc,1781,合世,20261001,-,-,13:30:00,30,-,-,13:18:45,9.9900,1,20,200,
close_window,2026-10-01T13:31:56.000+08:00,2026-10-01T13:31:56.000+08:00,2026-10-01T13:31:56.766+08:00,20261001,13:30:22,93739,otc,1813,寶利徠,20261001,-,-,13:30:00,5,-,-,13:02:38,11.3000,2,20,200,
close_window,2026-10-01T13:31:56.000+08:00,2026-10-01T13:31:56.000+08:00,2026-10-01T13:31:56.766+08:00,20261001,13:30:22,93739,tse,1341,富林-KY,20261001,-,-,13:25:16,2,-,-,13:14:14,59.0000,1,20,200,
close_window,2026-10-01T13:31:56.000+08:00,2026-10-01T13:31:56.000+08:00,2026-10-01T13:31:56.766+08:00,20261001,13:30:22,93739,tse,1410,南染,20261001,24.1500,24.1500,13:30:00,39,2,2,13:30:00,24.1500,2,20,200,
close_window,2026-10-01T13:31:56.000+08:00,2026-10-01T13:31:56.000+08:00,2026-10-01T13:31:56.766+08:00,20261001,13:30:22,93739,tse,2317,鴻海,20261001,253.5000,253.5000,13:29:55,22988,1,1,13:24:59,253.5000,1,20,200,
close_window,2026-10-01T13:31:56.000+08:00,2026-10-01T13:31:56.000+08:00,2026-10-01T13:31:56.766+08:00,20261001,13:30:22,93739,tse,2330,台積電,20261001,-,2510.0000,13:29:57,14277,-,-,13:24:59,2505.0000,13,12,200,
close_window,2026-10-01T13:31:56.000+08:00,2026-10-01T13:31:56.000+08:00,2026-10-01T13:31:56.766+08:00,20261001,13:30:22,93739,tse,2454,聯發科,20261001,-,4985.0000,13:29:56,3472,-,-,13:24:52,4970.0000,1,12,200,
close_window,2026-10-01T13:31:57.000+08:00,2026-10-01T13:31:57.000+08:00,2026-10-01T13:31:58.059+08:00,20261001,13:30:22,95065,otc,1240,茂生農經,20261001,-,-,13:25:17,16,-,-,13:01:42,54.1000,1,20,200,
close_window,2026-10-01T13:31:57.000+08:00,2026-10-01T13:31:57.000+08:00,2026-10-01T13:31:58.059+08:00,20261001,13:30:22,95065,otc,1781,合世,20261001,-,-,13:30:00,30,-,-,13:18:45,9.9900,1,20,200,
close_window,2026-10-01T13:31:57.000+08:00,2026-10-01T13:31:57.000+08:00,2026-10-01T13:31:58.059+08:00,20261001,13:30:22,95065,otc,1813,寶利徠,20261001,-,-,13:30:00,5,-,-,13:02:38,11.3000,2,20,200,
close_window,2026-10-01T13:31:57.000+08:00,2026-10-01T13:31:57.000+08:00,2026-10-01T13:31:58.059+08:00,20261001,13:30:22,95065,tse,1341,富林-KY,20261001,-,-,13:25:16,2,-,-,13:14:14,59.0000,1,20,200,
close_window,2026-10-01T13:31:57.000+08:00,2026-10-01T13:31:57.000+08:00,2026-10-01T13:31:58.059+08:00,20261001,13:30:22,95065,tse,1410,南染,20261001,24.1500,24.1500,13:30:00,39,2,2,13:30:00,24.1500,2,20,200,
close_window,2026-10-01T13:31:57.000+08:00,2026-10-01T13:31:57.000+08:00,2026-10-01T13:31:58.059+08:00,20261001,13:30:22,95065,tse,2317,鴻海,20261001,253.5000,253.5000,13:29:55,22988,1,1,13:24:59,253.5000,1,20,200,
close_window,2026-10-01T13:31:57.000+08:00,2026-10-01T13:31:57.000+08:00,2026-10-01T13:31:58.059+08:00,20261001,13:30:22,95065,tse,2330,台積電,20261001,-,2510.0000,13:29:57,14277,-,-,13:24:59,2505.0000,13,12,200,
close_window,2026-10-01T13:31:57.000+08:00,2026-10-01T13:31:57.000+08:00,2026-10-01T13:31:58.059+08:00,20261001,13:30:22,95065,tse,2454,聯發科,20261001,-,4985.0000,13:29:56,3472,-,-,13:24:52,4970.0000,1,12,200,
close_window,2026-10-01T13:31:58.000+08:00,2026-10-01T13:31:58.000+08:00,2026-10-01T13:32:00.381+08:00,20261001,13:30:22,96586,otc,1240,茂生農經,20261001,-,-,13:25:17,16,-,-,13:01:42,54.1000,1,20,200,
close_window,2026-10-01T13:31:58.000+08:00,2026-10-01T13:31:58.000+08:00,2026-10-01T13:32:00.381+08:00,20261001,13:30:22,96586,otc,1781,合世,20261001,-,-,13:30:00,30,-,-,13:18:45,9.9900,1,20,200,
close_window,2026-10-01T13:31:58.000+08:00,2026-10-01T13:31:58.000+08:00,2026-10-01T13:32:00.381+08:00,20261001,13:30:22,96586,otc,1813,寶利徠,20261001,-,-,13:30:00,5,-,-,13:02:38,11.3000,2,20,200,
close_window,2026-10-01T13:31:58.000+08:00,2026-10-01T13:31:58.000+08:00,2026-10-01T13:32:00.381+08:00,20261001,13:30:22,96586,tse,1341,富林-KY,20261001,-,-,13:25:16,2,-,-,13:14:14,59.0000,1,20,200,
close_window,2026-10-01T13:31:58.000+08:00,2026-10-01T13:31:58.000+08:00,2026-10-01T13:32:00.381+08:00,20261001,13:30:22,96586,tse,1410,南染,20261001,24.1500,24.1500,13:30:00,39,2,2,13:30:00,24.1500,2,20,200,
close_window,2026-10-01T13:31:58.000+08:00,2026-10-01T13:31:58.000+08:00,2026-10-01T13:32:00.381+08:00,20261001,13:30:22,96586,tse,2317,鴻海,20261001,253.5000,253.5000,13:29:55,22988,1,1,13:24:59,253.5000,1,20,200,
close_window,2026-10-01T13:31:58.000+08:00,2026-10-01T13:31:58.000+08:00,2026-10-01T13:32:00.381+08:00,20261001,13:30:22,96586,tse,2330,台積電,20261001,-,2510.0000,13:29:57,14277,-,-,13:24:59,2505.0000,13,12,200,
close_window,2026-10-01T13:31:58.000+08:00,2026-10-01T13:31:58.000+08:00,2026-10-01T13:32:00.381+08:00,20261001,13:30:22,96586,tse,2454,聯發科,20261001,-,4985.0000,13:29:56,3472,-,-,13:24:52,4970.0000,1,12,200,
close_window,2026-10-01T13:31:59.000+08:00,2026-10-01T13:31:59.000+08:00,2026-10-01T13:32:01.567+08:00,20261001,13:30:22,97253,otc,1240,茂生農經,20261001,-,-,13:25:17,16,-,-,13:01:42,54.1000,1,20,200,
close_window,2026-10-01T13:31:59.000+08:00,2026-10-01T13:31:59.000+08:00,2026-10-01T13:32:01.567+08:00,20261001,13:30:22,97253,otc,1781,合世,20261001,-,-,13:30:00,30,-,-,13:18:45,9.9900,1,20,200,
close_window,2026-10-01T13:31:59.000+08:00,2026-10-01T13:31:59.000+08:00,2026-10-01T13:32:01.567+08:00,20261001,13:30:22,97253,otc,1813,寶利徠,20261001,-,-,13:30:00,5,-,-,13:02:38,11.3000,2,20,200,
close_window,2026-10-01T13:31:59.000+08:00,2026-10-01T13:31:59.000+08:00,2026-10-01T13:32:01.567+08:00,20261001,13:30:22,97253,tse,1341,富林-KY,20261001,-,-,13:25:16,2,-,-,13:14:14,59.0000,1,20,200,
close_window,2026-10-01T13:31:59.000+08:00,2026-10-01T13:31:59.000+08:00,2026-10-01T13:32:01.567+08:00,20261001,13:30:22,97253,tse,1410,南染,20261001,24.1500,24.1500,13:30:00,39,2,2,13:30:00,24.1500,2,20,200,
close_window,2026-10-01T13:31:59.000+08:00,2026-10-01T13:31:59.000+08:00,2026-10-01T13:32:01.567+08:00,20261001,13:30:22,97253,tse,2317,鴻海,20261001,253.5000,253.5000,13:29:55,22988,1,1,13:24:59,253.5000,1,20,200,
close_window,2026-10-01T13:31:59.000+08:00,2026-10-01T13:31:59.000+08:00,2026-10-01T13:32:01.567+08:00,20261001,13:30:22,97253,tse,2330,台積電,20261001,-,2510.0000,13:29:57,14277,-,-,13:24:59,2505.0000,13,12,200,
close_window,2026-10-01T13:31:59.000+08:00,2026-10-01T13:31:59.000+08:00,2026-10-01T13:32:01.567+08:00,20261001,13:30:22,97253,tse,2454,聯發科,20261001,-,4985.0000,13:29:56,3472,-,-,13:24:52,4970.0000,1,12,200,
close_window,2026-10-01T13:32:00.000+08:00,2026-10-01T13:32:00.000+08:00,2026-10-01T13:32:01.213+08:00,20261001,13:30:22,98221,otc,1240,茂生農經,20261001,-,-,13:25:17,16,-,-,13:01:42,54.1000,1,20,200,
close_window,2026-10-01T13:32:00.000+08:00,2026-10-01T13:32:00.000+08:00,2026-10-01T13:32:01.213+08:00,20261001,13:30:22,98221,otc,1781,合世,20261001,-,-,13:30:00,30,-,-,13:18:45,9.9900,1,20,200,
close_window,2026-10-01T13:32:00.000+08:00,2026-10-01T13:32:00.000+08:00,2026-10-01T13:32:01.213+08:00,20261001,13:30:22,98221,otc,1813,寶利徠,20261001,-,-,13:30:00,5,-,-,13:02:38,11.3000,2,20,200,
close_window,2026-10-01T13:32:00.000+08:00,2026-10-01T13:32:00.000+08:00,2026-10-01T13:32:01.213+08:00,20261001,13:30:22,98221,tse,1341,富林-KY,20261001,-,-,13:25:16,2,-,-,13:14:14,59.0000,1,20,200,
close_window,2026-10-01T13:32:00.000+08:00,2026-10-01T13:32:00.000+08:00,2026-10-01T13:32:01.213+08:00,20261001,13:30:22,98221,tse,1410,南染,20261001,24.1500,24.1500,13:30:00,39,2,2,13:30:00,24.1500,2,20,200,
close_window,2026-10-01T13:32:00.000+08:00,2026-10-01T13:32:00.000+08:00,2026-10-01T13:32:01.213+08:00,20261001,13:30:22,98221,tse,2317,鴻海,20261001,253.5000,253.5000,13:29:55,22988,1,1,13:24:59,253.5000,1,20,200,
close_window,2026-10-01T13:32:00.000+08:00,2026-10-01T13:32:00.000+08:00,2026-10-01T13:32:01.213+08:00,20261001,13:30:22,98221,tse,2330,台積電,20261001,-,2510.0000,13:29:57,14277,-,-,13:24:59,2505.0000,13,12,200,
close_window,2026-10-01T13:32:00.000+08:00,2026-10-01T13:32:00.000+08:00,2026-10-01T13:32:01.213+08:00,20261001,13:30:22,98221,tse,2454,聯發科,20261001,-,4985.0000,13:29:56,3472,-,-,13:24:52,4970.0000,1,12,200,
close_window,2026-10-01T13:32:01.000+08:00,2026-10-01T13:32:01.000+08:00,2026-10-01T13:32:01.776+08:00,20261001,13:32:01,,otc,1240,茂生農經,20261001,-,-,13:30:00,16,-,-,13:01:42,54.1000,1,20,200,
close_window,2026-10-01T13:32:01.000+08:00,2026-10-01T13:32:01.000+08:00,2026-10-01T13:32:01.776+08:00,20261001,13:32:01,,otc,1781,合世,20261001,-,-,13:30:00,30,-,-,13:18:45,9.9900,1,20,200,
close_window,2026-10-01T13:32:01.000+08:00,2026-10-01T13:32:01.000+08:00,2026-10-01T13:32:01.776+08:00,20261001,13:32:01,,otc,1813,寶利徠,20261001,-,-,13:30:00,5,-,-,13:02:38,11.3000,2,20,200,
close_window,2026-10-01T13:32:01.000+08:00,2026-10-01T13:32:01.000+08:00,2026-10-01T13:32:01.776+08:00,20261001,13:32:01,,tse,1341,富林-KY,20261001,-,-,13:30:00,2,-,-,13:14:14,59.0000,1,20,200,
close_window,2026-10-01T13:32:01.000+08:00,2026-10-01T13:32:01.000+08:00,2026-10-01T13:32:01.776+08:00,20261001,13:32:01,,tse,1410,南染,20261001,24.1500,24.1500,13:30:00,39,2,2,13:30:00,24.1500,2,20,200,
close_window,2026-10-01T13:32:01.000+08:00,2026-10-01T13:32:01.000+08:00,2026-10-01T13:32:01.776+08:00,20261001,13:32:01,,tse,2317,鴻海,20261001,254.0000,253.5000,13:30:00,26017,3029,3029,13:30:00,254.0000,3029,20,200,
close_window,2026-10-01T13:32:01.000+08:00,2026-10-01T13:32:01.000+08:00,2026-10-01T13:32:01.776+08:00,20261001,13:32:01,,tse,2330,台積電,20261001,2510.0000,2510.0000,13:30:00,18496,4219,4219,13:30:00,2510.0000,4219,20,200,
close_window,2026-10-01T13:32:01.000+08:00,2026-10-01T13:32:01.000+08:00,2026-10-01T13:32:01.776+08:00,20261001,13:32:01,,tse,2454,聯發科,20261001,4980.0000,4985.0000,13:30:00,3863,391,391,13:30:00,4980.0000,391,20,200,
close_window,2026-10-01T13:32:02.000+08:00,2026-10-01T13:32:02.000+08:00,2026-10-01T13:32:04.369+08:00,20261001,13:32:01,2594,otc,1240,茂生農經,20261001,-,-,13:30:00,16,-,-,13:01:42,54.1000,1,20,200,
close_window,2026-10-01T13:32:02.000+08:00,2026-10-01T13:32:02.000+08:00,2026-10-01T13:32:04.369+08:00,20261001,13:32:01,2594,otc,1781,合世,20261001,-,-,13:30:00,30,-,-,13:18:45,9.9900,1,20,200,
close_window,2026-10-01T13:32:02.000+08:00,2026-10-01T13:32:02.000+08:00,2026-10-01T13:32:04.369+08:00,20261001,13:32:01,2594,otc,1813,寶利徠,20261001,-,-,13:30:00,5,-,-,13:02:38,11.3000,2,20,200,
close_window,2026-10-01T13:32:02.000+08:00,2026-10-01T13:32:02.000+08:00,2026-10-01T13:32:04.369+08:00,20261001,13:32:01,2594,tse,1341,富林-KY,20261001,-,-,13:30:00,2,-,-,13:14:14,59.0000,1,20,200,
close_window,2026-10-01T13:32:02.000+08:00,2026-10-01T13:32:02.000+08:00,2026-10-01T13:32:04.369+08:00,20261001,13:32:01,2594,tse,1410,南染,20261001,24.1500,24.1500,13:30:00,39,2,2,13:30:00,24.1500,2,20,200,
close_window,2026-10-01T13:32:02.000+08:00,2026-10-01T13:32:02.000+08:00,2026-10-01T13:32:04.369+08:00,20261001,13:32:01,2594,tse,2317,鴻海,20261001,254.0000,253.5000,13:30:00,26017,3029,3029,13:30:00,254.0000,3029,20,200,
close_window,2026-10-01T13:32:02.000+08:00,2026-10-01T13:32:02.000+08:00,2026-10-01T13:32:04.369+08:00,20261001,13:32:01,2594,tse,2330,台積電,20261001,2510.0000,2510.0000,13:30:00,18496,4219,4219,13:30:00,2510.0000,4219,20,200,
close_window,2026-10-01T13:32:02.000+08:00,2026-10-01T13:32:02.000+08:00,2026-10-01T13:32:04.369+08:00,20261001,13:32:01,2594,tse,2454,聯發科,20261001,4980.0000,4985.0000,13:30:00,3863,391,391,13:30:00,4980.0000,391,20,200,
close_window,2026-10-01T13:32:03.000+08:00,2026-10-01T13:32:03.000+08:00,2026-10-01T13:32:07.120+08:00,20261001,13:32:01,5342,otc,1240,茂生農經,20261001,-,-,13:30:00,16,-,-,13:01:42,54.1000,1,20,200,
close_window,2026-10-01T13:32:03.000+08:00,2026-10-01T13:32:03.000+08:00,2026-10-01T13:32:07.120+08:00,20261001,13:32:01,5342,otc,1781,合世,20261001,-,-,13:30:00,30,-,-,13:18:45,9.9900,1,20,200,
close_window,2026-10-01T13:32:03.000+08:00,2026-10-01T13:32:03.000+08:00,2026-10-01T13:32:07.120+08:00,20261001,13:32:01,5342,otc,1813,寶利徠,20261001,-,-,13:30:00,5,-,-,13:02:38,11.3000,2,20,200,
close_window,2026-10-01T13:32:03.000+08:00,2026-10-01T13:32:03.000+08:00,2026-10-01T13:32:07.120+08:00,20261001,13:32:01,5342,tse,1341,富林-KY,20261001,-,-,13:30:00,2,-,-,13:14:14,59.0000,1,20,200,
close_window,2026-10-01T13:32:03.000+08:00,2026-10-01T13:32:03.000+08:00,2026-10-01T13:32:07.120+08:00,20261001,13:32:01,5342,tse,1410,南染,20261001,24.1500,24.1500,13:30:00,39,2,2,13:30:00,24.1500,2,20,200,
close_window,2026-10-01T13:32:03.000+08:00,2026-10-01T13:32:03.000+08:00,2026-10-01T13:32:07.120+08:00,20261001,13:32:01,5342,tse,2317,鴻海,20261001,254.0000,253.5000,13:30:00,26017,3029,3029,13:30:00,254.0000,3029,20,200,
close_window,2026-10-01T13:32:03.000+08:00,2026-10-01T13:32:03.000+08:00,2026-10-01T13:32:07.120+08:00,20261001,13:32:01,5342,tse,2330,台積電,20261001,2510.0000,2510.0000,13:30:00,18496,4219,4219,13:30:00,2510.0000,4219,20,200,
close_window,2026-10-01T13:32:03.000+08:00,2026-10-01T13:32:03.000+08:00,2026-10-01T13:32:07.120+08:00,20261001,13:32:01,5342,tse,2454,聯發科,20261001,4980.0000,4985.0000,13:30:00,3863,391,391,13:30:00,4980.0000,391,20,200,
close_window,2026-10-01T13:32:04.000+08:00,2026-10-01T13:32:04.000+08:00,2026-10-01T13:32:07.453+08:00,20261001,13:32:01,5378,otc,1240,茂生農經,20261001,-,-,13:30:00,16,-,-,13:01:42,54.1000,1,20,200,
close_window,2026-10-01T13:32:04.000+08:00,2026-10-01T13:32:04.000+08:00,2026-10-01T13:32:07.453+08:00,20261001,13:32:01,5378,otc,1781,合世,20261001,-,-,13:30:00,30,-,-,13:18:45,9.9900,1,20,200,
close_window,2026-10-01T13:32:04.000+08:00,2026-10-01T13:32:04.000+08:00,2026-10-01T13:32:07.453+08:00,20261001,13:32:01,5378,otc,1813,寶利徠,20261001,-,-,13:30:00,5,-,-,13:02:38,11.3000,2,20,200,
close_window,2026-10-01T13:32:04.000+08:00,2026-10-01T13:32:04.000+08:00,2026-10-01T13:32:07.453+08:00,20261001,13:32:01,5378,tse,1341,富林-KY,20261001,-,-,13:30:00,2,-,-,13:14:14,59.0000,1,20,200,
close_window,2026-10-01T13:32:04.000+08:00,2026-10-01T13:32:04.000+08:00,2026-10-01T13:32:07.453+08:00,20261001,13:32:01,5378,tse,1410,南染,20261001,24.1500,24.1500,13:30:00,39,2,2,13:30:00,24.1500,2,20,200,
close_window,2026-10-01T13:32:04.000+08:00,2026-10-01T13:32:04.000+08:00,2026-10-01T13:32:07.453+08:00,20261001,13:32:01,5378,tse,2317,鴻海,20261001,254.0000,253.5000,13:30:00,26017,3029,3029,13:30:00,254.0000,3029,20,200,
close_window,2026-10-01T13:32:04.000+08:00,2026-10-01T13:32:04.000+08:00,2026-10-01T13:32:07.453+08:00,20261001,13:32:01,5378,tse,2330,台積電,20261001,2510.0000,2510.0000,13:30:00,18496,4219,4219,13:30:00,2510.0000,4219,20,200,
close_window,2026-10-01T13:32:04.000+08:00,2026-10-01T13:32:04.000+08:00,2026-10-01T13:32:07.453+08:00,20261001,13:32:01,5378,tse,2454,聯發科,20261001,4980.0000,4985.0000,13:30:00,3863,391,391,13:30:00,4980.0000,391,20,200,
close_window,2026-10-01T13:32:05.000+08:00,2026-10-01T13:32:05.000+08:00,2026-10-01T13:32:05.908+08:00,20261001,13:32:01,3759,otc,1240,茂生農經,20261001,-,-,13:30:00,16,-,-,13:01:42,54.1000,1,20,200,
close_window,2026-10-01T13:32:05.000+08:00,2026-10-01T13:32:05.000+08:00,2026-10-01T13:32:05.908+08:00,20261001,13:32:01,3759,otc,1781,合世,20261001,-,-,13:30:00,30,-,-,13:18:45,9.9900,1,20,200,
close_window,2026-10-01T13:32:05.000+08:00,2026-10-01T13:32:05.000+08:00,2026-10-01T13:32:05.908+08:00,20261001,13:32:01,3759,otc,1813,寶利徠,20261001,-,-,13:30:00,5,-,-,13:02:38,11.3000,2,20,200,
close_window,2026-10-01T13:32:05.000+08:00,2026-10-01T13:32:05.000+08:00,2026-10-01T13:32:05.908+08:00,20261001,13:32:01,3759,tse,1341,富林-KY,20261001,-,-,13:30:00,2,-,-,13:14:14,59.0000,1,20,200,
close_window,2026-10-01T13:32:05.000+08:00,2026-10-01T13:32:05.000+08:00,2026-10-01T13:32:05.908+08:00,20261001,13:32:01,3759,tse,1410,南染,20261001,24.1500,24.1500,13:30:00,39,2,2,13:30:00,24.1500,2,20,200,
close_window,2026-10-01T13:32:05.000+08:00,2026-10-01T13:32:05.000+08:00,2026-10-01T13:32:05.908+08:00,20261001,13:32:01,3759,tse,2317,鴻海,20261001,254.0000,253.5000,13:30:00,26017,3029,3029,13:30:00,254.0000,3029,20,200,
close_window,2026-10-01T13:32:05.000+08:00,2026-10-01T13:32:05.000+08:00,2026-10-01T13:32:05.908+08:00,20261001,13:32:01,3759,tse,2330,台積電,20261001,2510.0000,2510.0000,13:30:00,18496,4219,4219,13:30:00,2510.0000,4219,20,200,
close_window,2026-10-01T13:32:05.000+08:00,2026-10-01T13:32:05.000+08:00,2026-10-01T13:32:05.908+08:00,20261001,13:32:01,3759,tse,2454,聯發科,20261001,4980.0000,4985.0000,13:30:00,3863,391,391,13:30:00,4980.0000,391,20,200,
close_window,2026-10-01T13:32:06.000+08:00,2026-10-01T13:32:06.000+08:00,2026-10-01T13:32:09.502+08:00,20261001,13:32:01,6836,otc,1240,茂生農經,20261001,-,-,13:30:00,16,-,-,13:01:42,54.1000,1,20,200,
close_window,2026-10-01T13:32:06.000+08:00,2026-10-01T13:32:06.000+08:00,2026-10-01T13:32:09.502+08:00,20261001,13:32:01,6836,otc,1781,合世,20261001,-,-,13:30:00,30,-,-,13:18:45,9.9900,1,20,200,
close_window,2026-10-01T13:32:06.000+08:00,2026-10-01T13:32:06.000+08:00,2026-10-01T13:32:09.502+08:00,20261001,13:32:01,6836,otc,1813,寶利徠,20261001,-,-,13:30:00,5,-,-,13:02:38,11.3000,2,20,200,
close_window,2026-10-01T13:32:06.000+08:00,2026-10-01T13:32:06.000+08:00,2026-10-01T13:32:09.502+08:00,20261001,13:32:01,6836,tse,1341,富林-KY,20261001,-,-,13:30:00,2,-,-,13:14:14,59.0000,1,20,200,
close_window,2026-10-01T13:32:06.000+08:00,2026-10-01T13:32:06.000+08:00,2026-10-01T13:32:09.502+08:00,20261001,13:32:01,6836,tse,1410,南染,20261001,24.1500,24.1500,13:30:00,39,2,2,13:30:00,24.1500,2,20,200,
close_window,2026-10-01T13:32:06.000+08:00,2026-10-01T13:32:06.000+08:00,2026-10-01T13:32:09.502+08:00,20261001,13:32:01,6836,tse,2317,鴻海,20261001,254.0000,253.5000,13:30:00,26017,3029,3029,13:30:00,254.0000,3029,20,200,
close_window,2026-10-01T13:32:06.000+08:00,2026-10-01T13:32:06.000+08:00,2026-10-01T13:32:09.502+08:00,20261001,13:32:01,6836,tse,2330,台積電,20261001,2510.0000,2510.0000,13:30:00,18496,4219,4219,13:30:00,2510.0000,4219,20,200,
close_window,2026-10-01T13:32:06.000+08:00,2026-10-01T13:32:06.000+08:00,2026-10-01T13:32:09.502+08:00,20261001,13:32:01,6836,tse,2454,聯發科,20261001,4980.0000,4985.0000,13:30:00,3863,391,391,13:30:00,4980.0000,391,20,200,
close_window,2026-10-01T13:32:07.000+08:00,2026-10-01T13:32:07.000+08:00,2026-10-01T13:32:07.407+08:00,20261001,13:32:01,5762,otc,1240,茂生農經,20261001,-,-,13:30:00,16,-,-,13:01:42,54.1000,1,20,200,
close_window,2026-10-01T13:32:07.000+08:00,2026-10-01T13:32:07.000+08:00,2026-10-01T13:32:07.407+08:00,20261001,13:32:01,5762,otc,1781,合世,20261001,-,-,13:30:00,30,-,-,13:18:45,9.9900,1,20,200,
close_window,2026-10-01T13:32:07.000+08:00,2026-10-01T13:32:07.000+08:00,2026-10-01T13:32:07.407+08:00,20261001,13:32:01,5762,otc,1813,寶利徠,20261001,-,-,13:30:00,5,-,-,13:02:38,11.3000,2,20,200,
close_window,2026-10-01T13:32:07.000+08:00,2026-10-01T13:32:07.000+08:00,2026-10-01T13:32:07.407+08:00,20261001,13:32:01,5762,tse,1341,富林-KY,20261001,-,-,13:30:00,2,-,-,13:14:14,59.0000,1,20,200,
close_window,2026-10-01T13:32:07.000+08:00,2026-10-01T13:32:07.000+08:00,2026-10-01T13:32:07.407+08:00,20261001,13:32:01,5762,tse,1410,南染,20261001,24.1500,24.1500,13:30:00,39,2,2,13:30:00,24.1500,2,20,200,
close_window,2026-10-01T13:32:07.000+08:00,2026-10-01T13:32:07.000+08:00,2026-10-01T13:32:07.407+08:00,20261001,13:32:01,5762,tse,2317,鴻海,20261001,254.0000,253.5000,13:30:00,26017,3029,3029,13:30:00,254.0000,3029,20,200,
close_window,2026-10-01T13:32:07.000+08:00,2026-10-01T13:32:07.000+08:00,2026-10-01T13:32:07.407+08:00,20261001,13:32:01,5762,tse,2330,台積電,20261001,2510.0000,2510.0000,13:30:00,18496,4219,4219,13:30:00,2510.0000,4219,20,200,
close_window,2026-10-01T13:32:07.000+08:00,2026-10-01T13:32:07.000+08:00,2026-10-01T13:32:07.407+08:00,20261001,13:32:01,5762,tse,2454,聯發科,20261001,4980.0000,4985.0000,13:30:00,3863,391,391,13:30:00,4980.0000,391,20,200,
close_window,2026-10-01T13:32:08.000+08:00,2026-10-01T13:32:08.000+08:00,2026-10-01T13:32:08.580+08:00,20261001,13:32:01,6769,otc,1240,茂生農經,20261001,-,-,13:30:00,16,-,-,13:01:42,54.1000,1,20,200,
close_window,2026-10-01T13:32:08.000+08:00,2026-10-01T13:32:08.000+08:00,2026-10-01T13:32:08.580+08:00,20261001,13:32:01,6769,otc,1781,合世,20261001,-,-,13:30:00,30,-,-,13:18:45,9.9900,1,20,200,
close_window,2026-10-01T13:32:08.000+08:00,2026-10-01T13:32:08.000+08:00,2026-10-01T13:32:08.580+08:00,20261001,13:32:01,6769,otc,1813,寶利徠,20261001,-,-,13:30:00,5,-,-,13:02:38,11.3000,2,20,200,
close_window,2026-10-01T13:32:08.000+08:00,2026-10-01T13:32:08.000+08:00,2026-10-01T13:32:08.580+08:00,20261001,13:32:01,6769,tse,1341,富林-KY,20261001,-,-,13:30:00,2,-,-,13:14:14,59.0000,1,20,200,
close_window,2026-10-01T13:32:08.000+08:00,2026-10-01T13:32:08.000+08:00,2026-10-01T13:32:08.580+08:00,20261001,13:32:01,6769,tse,1410,南染,20261001,24.1500,24.1500,13:30:00,39,2,2,13:30:00,24.1500,2,20,200,
close_window,2026-10-01T13:32:08.000+08:00,2026-10-01T13:32:08.000+08:00,2026-10-01T13:32:08.580+08:00,20261001,13:32:01,6769,tse,2317,鴻海,20261001,254.0000,253.5000,13:30:00,26017,3029,3029,13:30:00,254.0000,3029,20,200,
close_window,2026-10-01T13:32:08.000+08:00,2026-10-01T13:32:08.000+08:00,2026-10-01T13:32:08.580+08:00,20261001,13:32:01,6769,tse,2330,台積電,20261001,2510.0000,2510.0000,13:30:00,18496,4219,4219,13:30:00,2510.0000,4219,20,200,
close_window,2026-10-01T13:32:08.000+08:00,2026-10-01T13:32:08.000+08:00,2026-10-01T13:32:08.580+08:00,20261001,13:32:01,6769,tse,2454,聯發科,20261001,4980.0000,4985.0000,13:30:00,3863,391,391,13:30:00,4980.0000,391,20,200,
close_window,2026-10-01T13:32:09.000+08:00,2026-10-01T13:32:09.000+08:00,2026-10-01T13:32:10.589+08:00,20261001,13:32:01,8812,otc,1240,茂生農經,20261001,-,-,13:30:00,16,-,-,13:01:42,54.1000,1,20,200,
close_window,2026-10-01T13:32:09.000+08:00,2026-10-01T13:32:09.000+08:00,2026-10-01T13:32:10.589+08:00,20261001,13:32:01,8812,otc,1781,合世,20261001,-,-,13:30:00,30,-,-,13:18:45,9.9900,1,20,200,
close_window,2026-10-01T13:32:09.000+08:00,2026-10-01T13:32:09.000+08:00,2026-10-01T13:32:10.589+08:00,20261001,13:32:01,8812,otc,1813,寶利徠,20261001,-,-,13:30:00,5,-,-,13:02:38,11.3000,2,20,200,
close_window,2026-10-01T13:32:09.000+08:00,2026-10-01T13:32:09.000+08:00,2026-10-01T13:32:10.589+08:00,20261001,13:32:01,8812,tse,1341,富林-KY,20261001,-,-,13:30:00,2,-,-,13:14:14,59.0000,1,20,200,
close_window,2026-10-01T13:32:09.000+08:00,2026-10-01T13:32:09.000+08:00,2026-10-01T13:32:10.589+08:00,20261001,13:32:01,8812,tse,1410,南染,20261001,24.1500,24.1500,13:30:00,39,2,2,13:30:00,24.1500,2,20,200,
close_window,2026-10-01T13:32:09.000+08:00,2026-10-01T13:32:09.000+08:00,2026-10-01T13:32:10.589+08:00,20261001,13:32:01,8812,tse,2317,鴻海,20261001,254.0000,253.5000,13:30:00,26017,3029,3029,13:30:00,254.0000,3029,20,200,
close_window,2026-10-01T13:32:09.000+08:00,2026-10-01T13:32:09.000+08:00,2026-10-01T13:32:10.589+08:00,20261001,13:32:01,8812,tse,2330,台積電,20261001,2510.0000,2510.0000,13:30:00,18496,4219,4219,13:30:00,2510.0000,4219,20,200,
close_window,2026-10-01T13:32:09.000+08:00,2026-10-01T13:32:09.000+08:00,2026-10-01T13:32:10.589+08:00,20261001,13:32:01,8812,tse,2454,聯發科,20261001,4980.0000,4985.0000,13:30:00,3863,391,391,13:30:00,4980.0000,391,20,200,
close_window,2026-10-01T13:32:10.000+08:00,2026-10-01T13:32:10.000+08:00,2026-10-01T13:32:11.182+08:00,20261001,13:32:01,9406,otc,1240,茂生農經,20261001,-,-,13:30:00,16,-,-,13:01:42,54.1000,1,20,200,
close_window,2026-10-01T13:32:10.000+08:00,2026-10-01T13:32:10.000+08:00,2026-10-01T13:32:11.182+08:00,20261001,13:32:01,9406,otc,1781,合世,20261001,-,-,13:30:00,30,-,-,13:18:45,9.9900,1,20,200,
close_window,2026-10-01T13:32:10.000+08:00,2026-10-01T13:32:10.000+08:00,2026-10-01T13:32:11.182+08:00,20261001,13:32:01,9406,otc,1813,寶利徠,20261001,-,-,13:30:00,5,-,-,13:02:38,11.3000,2,20,200,
close_window,2026-10-01T13:32:10.000+08:00,2026-10-01T13:32:10.000+08:00,2026-10-01T13:32:11.182+08:00,20261001,13:32:01,9406,tse,1341,富林-KY,20261001,-,-,13:30:00,2,-,-,13:14:14,59.0000,1,20,200,
close_window,2026-10-01T13:32:10.000+08:00,2026-10-01T13:32:10.000+08:00,2026-10-01T13:32:11.182+08:00,20261001,13:32:01,9406,tse,1410,南染,20261001,24.1500,24.1500,13:30:00,39,2,2,13:30:00,24.1500,2,20,200,
close_window,2026-10-01T13:32:10.000+08:00,2026-10-01T13:32:10.000+08:00,2026-10-01T13:32:11.182+08:00,20261001,13:32:01,9406,tse,2317,鴻海,20261001,254.0000,253.5000,13:30:00,26017,3029,3029,13:30:00,254.0000,3029,20,200,
close_window,2026-10-01T13:32:10.000+08:00,2026-10-01T13:32:10.000+08:00,2026-10-01T13:32:11.182+08:00,20261001,13:32:01,9406,tse,2330,台積電,20261001,2510.0000,2510.0000,13:30:00,18496,4219,4219,13:30:00,2510.0000,4219,20,200,
close_window,2026-10-01T13:32:10.000+08:00,2026-10-01T13:32:10.000+08:00,2026-10-01T13:32:11.182+08:00,20261001,13:32:01,9406,tse,2454,聯發科,20261001,4980.0000,4985.0000,13:30:00,3863,391,391,13:30:00,4980.0000,391,20,200,
close_window,2026-10-01T13:32:11.000+08:00,2026-10-01T13:32:11.000+08:00,2026-10-01T13:32:11.662+08:00,20261001,13:32:01,9888,otc,1240,茂生農經,20261001,-,-,13:30:00,16,-,-,13:01:42,54.1000,1,20,200,
close_window,2026-10-01T13:32:11.000+08:00,2026-10-01T13:32:11.000+08:00,2026-10-01T13:32:11.662+08:00,20261001,13:32:01,9888,otc,1781,合世,20261001,-,-,13:30:00,30,-,-,13:18:45,9.9900,1,20,200,
close_window,2026-10-01T13:32:11.000+08:00,2026-10-01T13:32:11.000+08:00,2026-10-01T13:32:11.662+08:00,20261001,13:32:01,9888,otc,1813,寶利徠,20261001,-,-,13:30:00,5,-,-,13:02:38,11.3000,2,20,200,
close_window,2026-10-01T13:32:11.000+08:00,2026-10-01T13:32:11.000+08:00,2026-10-01T13:32:11.662+08:00,20261001,13:32:01,9888,tse,1341,富林-KY,20261001,-,-,13:30:00,2,-,-,13:14:14,59.0000,1,20,200,
close_window,2026-10-01T13:32:11.000+08:00,2026-10-01T13:32:11.000+08:00,2026-10-01T13:32:11.662+08:00,20261001,13:32:01,9888,tse,1410,南染,20261001,24.1500,24.1500,13:30:00,39,2,2,13:30:00,24.1500,2,20,200,
close_window,2026-10-01T13:32:11.000+08:00,2026-10-01T13:32:11.000+08:00,2026-10-01T13:32:11.662+08:00,20261001,13:32:01,9888,tse,2317,鴻海,20261001,254.0000,253.5000,13:30:00,26017,3029,3029,13:30:00,254.0000,3029,20,200,
close_window,2026-10-01T13:32:11.000+08:00,2026-10-01T13:32:11.000+08:00,2026-10-01T13:32:11.662+08:00,20261001,13:32:01,9888,tse,2330,台積電,20261001,2510.0000,2510.0000,13:30:00,18496,4219,4219,13:30:00,2510.0000,4219,20,200,
close_window,2026-10-01T13:32:11.000+08:00,2026-10-01T13:32:11.000+08:00,2026-10-01T13:32:11.662+08:00,20261001,13:32:01,9888,tse,2454,聯發科,20261001,4980.0000,4985.0000,13:30:00,3863,391,391,13:30:00,4980.0000,391,20,200,
close_window,2026-10-01T13:32:12.000+08:00,2026-10-01T13:32:12.000+08:00,2026-10-01T13:32:13.304+08:00,20261001,13:32:01,10897,otc,1240,茂生農經,20261001,-,-,13:30:00,16,-,-,13:01:42,54.1000,1,20,200,
close_window,2026-10-01T13:32:12.000+08:00,2026-10-01T13:32:12.000+08:00,2026-10-01T13:32:13.304+08:00,20261001,13:32:01,10897,otc,1781,合世,20261001,-,-,13:30:00,30,-,-,13:18:45,9.9900,1,20,200,
close_window,2026-10-01T13:32:12.000+08:00,2026-10-01T13:32:12.000+08:00,2026-10-01T13:32:13.304+08:00,20261001,13:32:01,10897,otc,1813,寶利徠,20261001,-,-,13:30:00,5,-,-,13:02:38,11.3000,2,20,200,
close_window,2026-10-01T13:32:12.000+08:00,2026-10-01T13:32:12.000+08:00,2026-10-01T13:32:13.304+08:00,20261001,13:32:01,10897,tse,1341,富林-KY,20261001,-,-,13:30:00,2,-,-,13:14:14,59.0000,1,20,200,
close_window,2026-10-01T13:32:12.000+08:00,2026-10-01T13:32:12.000+08:00,2026-10-01T13:32:13.304+08:00,20261001,13:32:01,10897,tse,1410,南染,20261001,24.1500,24.1500,13:30:00,39,2,2,13:30:00,24.1500,2,20,200,
close_window,2026-10-01T13:32:12.000+08:00,2026-10-01T13:32:12.000+08:00,2026-10-01T13:32:13.304+08:00,20261001,13:32:01,10897,tse,2317,鴻海,20261001,254.0000,253.5000,13:30:00,26017,3029,3029,13:30:00,254.0000,3029,20,200,
close_window,2026-10-01T13:32:12.000+08:00,2026-10-01T13:32:12.000+08:00,2026-10-01T13:32:13.304+08:00,20261001,13:32:01,10897,tse,2330,台積電,20261001,2510.0000,2510.0000,13:30:00,18496,4219,4219,13:30:00,2510.0000,4219,20,200,
close_window,2026-10-01T13:32:12.000+08:00,2026-10-01T13:32:12.000+08:00,2026-10-01T13:32:13.304+08:00,20261001,13:32:01,10897,tse,2454,聯發科,20261001,4980.0000,4985.0000,13:30:00,3863,391,391,13:30:00,4980.0000,391,20,200,
close_window,2026-10-01T13:32:13.000+08:00,2026-10-01T13:32:13.000+08:00,2026-10-01T13:32:13.534+08:00,20261001,13:32:01,11888,otc,1240,茂生農經,20261001,-,-,13:30:00,16,-,-,13:01:42,54.1000,1,20,200,
close_window,2026-10-01T13:32:13.000+08:00,2026-10-01T13:32:13.000+08:00,2026-10-01T13:32:13.534+08:00,20261001,13:32:01,11888,otc,1781,合世,20261001,-,-,13:30:00,30,-,-,13:18:45,9.9900,1,20,200,
close_window,2026-10-01T13:32:13.000+08:00,2026-10-01T13:32:13.000+08:00,2026-10-01T13:32:13.534+08:00,20261001,13:32:01,11888,otc,1813,寶利徠,20261001,-,-,13:30:00,5,-,-,13:02:38,11.3000,2,20,200,
close_window,2026-10-01T13:32:13.000+08:00,2026-10-01T13:32:13.000+08:00,2026-10-01T13:32:13.534+08:00,20261001,13:32:01,11888,tse,1341,富林-KY,20261001,-,-,13:30:00,2,-,-,13:14:14,59.0000,1,20,200,
close_window,2026-10-01T13:32:13.000+08:00,2026-10-01T13:32:13.000+08:00,2026-10-01T13:32:13.534+08:00,20261001,13:32:01,11888,tse,1410,南染,20261001,24.1500,24.1500,13:30:00,39,2,2,13:30:00,24.1500,2,20,200,
close_window,2026-10-01T13:32:13.000+08:00,2026-10-01T13:32:13.000+08:00,2026-10-01T13:32:13.534+08:00,20261001,13:32:01,11888,tse,2317,鴻海,20261001,254.0000,253.5000,13:30:00,26017,3029,3029,13:30:00,254.0000,3029,20,200,
close_window,2026-10-01T13:32:13.000+08:00,2026-10-01T13:32:13.000+08:00,2026-10-01T13:32:13.534+08:00,20261001,13:32:01,11888,tse,2330,台積電,20261001,2510.0000,2510.0000,13:30:00,18496,4219,4219,13:30:00,2510.0000,4219,20,200,
close_window,2026-10-01T13:32:13.000+08:00,2026-10-01T13:32:13.000+08:00,2026-10-01T13:32:13.534+08:00,20261001,13:32:01,11888,tse,2454,聯發科,20261001,4980.0000,4985.0000,13:30:00,3863,391,391,13:30:00,4980.0000,391,20,200,
close_window,2026-10-01T13:32:15.000+08:00,2026-10-01T13:32:15.000+08:00,2026-10-01T13:32:17.484+08:00,20261001,13:32:01,15286,otc,1240,茂生農經,20261001,-,-,13:30:00,16,-,-,13:01:42,54.1000,1,20,200,
close_window,2026-10-01T13:32:15.000+08:00,2026-10-01T13:32:15.000+08:00,2026-10-01T13:32:17.484+08:00,20261001,13:32:01,15286,otc,1781,合世,20261001,-,-,13:30:00,30,-,-,13:18:45,9.9900,1,20,200,
close_window,2026-10-01T13:32:15.000+08:00,2026-10-01T13:32:15.000+08:00,2026-10-01T13:32:17.484+08:00,20261001,13:32:01,15286,otc,1813,寶利徠,20261001,-,-,13:30:00,5,-,-,13:02:38,11.3000,2,20,200,
close_window,2026-10-01T13:32:15.000+08:00,2026-10-01T13:32:15.000+08:00,2026-10-01T13:32:17.484+08:00,20261001,13:32:01,15286,tse,1341,富林-KY,20261001,-,-,13:30:00,2,-,-,13:14:14,59.0000,1,20,200,
close_window,2026-10-01T13:32:15.000+08:00,2026-10-01T13:32:15.000+08:00,2026-10-01T13:32:17.484+08:00,20261001,13:32:01,15286,tse,1410,南染,20261001,24.1500,24.1500,13:30:00,39,2,2,13:30:00,24.1500,2,20,200,
close_window,2026-10-01T13:32:15.000+08:00,2026-10-01T13:32:15.000+08:00,2026-10-01T13:32:17.484+08:00,20261001,13:32:01,15286,tse,2317,鴻海,20261001,254.0000,253.5000,13:30:00,26017,3029,3029,13:30:00,254.0000,3029,20,200,
close_window,2026-10-01T13:32:15.000+08:00,2026-10-01T13:32:15.000+08:00,2026-10-01T13:32:17.484+08:00,20261001,13:32:01,15286,tse,2330,台積電,20261001,2510.0000,2510.0000,13:30:00,18496,4219,4219,13:30:00,2510.0000,4219,20,200,
close_window,2026-10-01T13:32:15.000+08:00,2026-10-01T13:32:15.000+08:00,2026-10-01T13:32:17.484+08:00,20261001,13:32:01,15286,tse,2454,聯發科,20261001,4980.0000,4985.0000,13:30:00,3863,391,391,13:30:00,4980.0000,391,20,200,
close_window,2026-10-01T13:32:16.000+08:00,2026-10-01T13:32:16.000+08:00,2026-10-01T13:32:17.454+08:00,20261001,13:32:01,15677,otc,1240,茂生農經,20261001,-,-,13:30:00,16,-,-,13:01:42,54.1000,1,20,200,
close_window,2026-10-01T13:32:16.000+08:00,2026-10-01T13:32:16.000+08:00,2026-10-01T13:32:17.454+08:00,20261001,13:32:01,15677,otc,1781,合世,20261001,-,-,13:30:00,30,-,-,13:18:45,9.9900,1,20,200,
close_window,2026-10-01T13:32:16.000+08:00,2026-10-01T13:32:16.000+08:00,2026-10-01T13:32:17.454+08:00,20261001,13:32:01,15677,otc,1813,寶利徠,20261001,-,-,13:30:00,5,-,-,13:02:38,11.3000,2,20,200,
close_window,2026-10-01T13:32:16.000+08:00,2026-10-01T13:32:16.000+08:00,2026-10-01T13:32:17.454+08:00,20261001,13:32:01,15677,tse,1341,富林-KY,20261001,-,-,13:30:00,2,-,-,13:14:14,59.0000,1,20,200,
close_window,2026-10-01T13:32:16.000+08:00,2026-10-01T13:32:16.000+08:00,2026-10-01T13:32:17.454+08:00,20261001,13:32:01,15677,tse,1410,南染,20261001,24.1500,24.1500,13:30:00,39,2,2,13:30:00,24.1500,2,20,200,
close_window,2026-10-01T13:32:16.000+08:00,2026-10-01T13:32:16.000+08:00,2026-10-01T13:32:17.454+08:00,20261001,13:32:01,15677,tse,2317,鴻海,20261001,254.0000,253.5000,13:30:00,26017,3029,3029,13:30:00,254.0000,3029,20,200,
close_window,2026-10-01T13:32:16.000+08:00,2026-10-01T13:32:16.000+08:00,2026-10-01T13:32:17.454+08:00,20261001,13:32:01,15677,tse,2330,台積電,20261001,2510.0000,2510.0000,13:30:00,18496,4219,4219,13:30:00,2510.0000,4219,20,200,
close_window,2026-10-01T13:32:16.000+08:00,2026-10-01T13:32:16.000+08:00,2026-10-01T13:32:17.454+08:00,20261001,13:32:01,15677,tse,2454,聯發科,20261001,4980.0000,4985.0000,13:30:00,3863,391,391,13:30:00,4980.0000,391,20,200,
close_window,2026-10-01T13:32:17.000+08:00,2026-10-01T13:32:17.000+08:00,2026-10-01T13:32:25.038+08:00,20261001,13:32:01,19360,otc,1240,茂生農經,20261001,-,-,13:30:00,16,-,-,13:01:42,54.1000,1,20,200,
close_window,2026-10-01T13:32:17.000+08:00,2026-10-01T13:32:17.000+08:00,2026-10-01T13:32:25.038+08:00,20261001,13:32:01,19360,otc,1781,合世,20261001,-,-,13:30:00,30,-,-,13:18:45,9.9900,1,20,200,
close_window,2026-10-01T13:32:17.000+08:00,2026-10-01T13:32:17.000+08:00,2026-10-01T13:32:25.038+08:00,20261001,13:32:01,19360,otc,1813,寶利徠,20261001,-,-,13:30:00,5,-,-,13:02:38,11.3000,2,20,200,
close_window,2026-10-01T13:32:17.000+08:00,2026-10-01T13:32:17.000+08:00,2026-10-01T13:32:25.038+08:00,20261001,13:32:01,19360,tse,1341,富林-KY,20261001,-,-,13:30:00,2,-,-,13:14:14,59.0000,1,20,200,
close_window,2026-10-01T13:32:17.000+08:00,2026-10-01T13:32:17.000+08:00,2026-10-01T13:32:25.038+08:00,20261001,13:32:01,19360,tse,1410,南染,20261001,24.1500,24.1500,13:30:00,39,2,2,13:30:00,24.1500,2,20,200,
close_window,2026-10-01T13:32:17.000+08:00,2026-10-01T13:32:17.000+08:00,2026-10-01T13:32:25.038+08:00,20261001,13:32:01,19360,tse,2317,鴻海,20261001,254.0000,253.5000,13:30:00,26017,3029,3029,13:30:00,254.0000,3029,20,200,
close_window,2026-10-01T13:32:17.000+08:00,2026-10-01T13:32:17.000+08:00,2026-10-01T13:32:25.038+08:00,20261001,13:32:01,19360,tse,2330,台積電,20261001,2510.0000,2510.0000,13:30:00,18496,4219,4219,13:30:00,2510.0000,4219,20,200,
close_window,2026-10-01T13:32:17.000+08:00,2026-10-01T13:32:17.000+08:00,2026-10-01T13:32:25.038+08:00,20261001,13:32:01,19360,tse,2454,聯發科,20261001,4980.0000,4985.0000,13:30:00,3863,391,391,13:30:00,4980.0000,391,20,200,
close_window,2026-10-01T13:32:18.000+08:00,2026-10-01T13:32:18.000+08:00,2026-10-01T13:32:18.406+08:00,20261001,13:32:01,16761,otc,1240,茂生農經,20261001,-,-,13:30:00,16,-,-,13:01:42,54.1000,1,20,200,
close_window,2026-10-01T13:32:18.000+08:00,2026-10-01T13:32:18.000+08:00,2026-10-01T13:32:18.406+08:00,20261001,13:32:01,16761,otc,1781,合世,20261001,-,-,13:30:00,30,-,-,13:18:45,9.9900,1,20,200,
close_window,2026-10-01T13:32:18.000+08:00,2026-10-01T13:32:18.000+08:00,2026-10-01T13:32:18.406+08:00,20261001,13:32:01,16761,otc,1813,寶利徠,20261001,-,-,13:30:00,5,-,-,13:02:38,11.3000,2,20,200,
close_window,2026-10-01T13:32:18.000+08:00,2026-10-01T13:32:18.000+08:00,2026-10-01T13:32:18.406+08:00,20261001,13:32:01,16761,tse,1341,富林-KY,20261001,-,-,13:30:00,2,-,-,13:14:14,59.0000,1,20,200,
close_window,2026-10-01T13:32:18.000+08:00,2026-10-01T13:32:18.000+08:00,2026-10-01T13:32:18.406+08:00,20261001,13:32:01,16761,tse,1410,南染,20261001,24.1500,24.1500,13:30:00,39,2,2,13:30:00,24.1500,2,20,200,
close_window,2026-10-01T13:32:18.000+08:00,2026-10-01T13:32:18.000+08:00,2026-10-01T13:32:18.406+08:00,20261001,13:32:01,16761,tse,2317,鴻海,20261001,254.0000,253.5000,13:30:00,26017,3029,3029,13:30:00,254.0000,3029,20,200,
close_window,2026-10-01T13:32:18.000+08:00,2026-10-01T13:32:18.000+08:00,2026-10-01T13:32:18.406+08:00,20261001,13:32:01,16761,tse,2330,台積電,20261001,2510.0000,2510.0000,13:30:00,18496,4219,4219,13:30:00,2510.0000,4219,20,200,
close_window,2026-10-01T13:32:18.000+08:00,2026-10-01T13:32:18.000+08:00,2026-10-01T13:32:18.406+08:00,20261001,13:32:01,16761,tse,2454,聯發科,20261001,4980.0000,4985.0000,13:30:00,3863,391,391,13:30:00,4980.0000,391,20,200,
close_window,2026-10-01T13:32:19.000+08:00,2026-10-01T13:32:19.000+08:00,2026-10-01T13:32:20.442+08:00,20261001,13:32:01,18796,otc,1240,茂生農經,20261001,-,-,13:30:00,16,-,-,13:01:42,54.1000,1,20,200,
close_window,2026-10-01T13:32:19.000+08:00,2026-10-01T13:32:19.000+08:00,2026-10-01T13:32:20.442+08:00,20261001,13:32:01,18796,otc,1781,合世,20261001,-,-,13:30:00,30,-,-,13:18:45,9.9900,1,20,200,
close_window,2026-10-01T13:32:19.000+08:00,2026-10-01T13:32:19.000+08:00,2026-10-01T13:32:20.442+08:00,20261001,13:32:01,18796,otc,1813,寶利徠,20261001,-,-,13:30:00,5,-,-,13:02:38,11.3000,2,20,200,
close_window,2026-10-01T13:32:19.000+08:00,2026-10-01T13:32:19.000+08:00,2026-10-01T13:32:20.442+08:00,20261001,13:32:01,18796,tse,1341,富林-KY,20261001,-,-,13:30:00,2,-,-,13:14:14,59.0000,1,20,200,
close_window,2026-10-01T13:32:19.000+08:00,2026-10-01T13:32:19.000+08:00,2026-10-01T13:32:20.442+08:00,20261001,13:32:01,18796,tse,1410,南染,20261001,24.1500,24.1500,13:30:00,39,2,2,13:30:00,24.1500,2,20,200,
close_window,2026-10-01T13:32:19.000+08:00,2026-10-01T13:32:19.000+08:00,2026-10-01T13:32:20.442+08:00,20261001,13:32:01,18796,tse,2317,鴻海,20261001,254.0000,253.5000,13:30:00,26017,3029,3029,13:30:00,254.0000,3029,20,200,
close_window,2026-10-01T13:32:19.000+08:00,2026-10-01T13:32:19.000+08:00,2026-10-01T13:32:20.442+08:00,20261001,13:32:01,18796,tse,2330,台積電,20261001,2510.0000,2510.0000,13:30:00,18496,4219,4219,13:30:00,2510.0000,4219,20,200,
close_window,2026-10-01T13:32:19.000+08:00,2026-10-01T13:32:19.000+08:00,2026-10-01T13:32:20.442+08:00,20261001,13:32:01,18796,tse,2454,聯發科,20261001,4980.0000,4985.0000,13:30:00,3863,391,391,13:30:00,4980.0000,391,20,200,
close_window,2026-10-01T13:32:20.000+08:00,2026-10-01T13:32:20.000+08:00,2026-10-01T13:32:21.201+08:00,20261001,13:32:01,18924,otc,1240,茂生農經,20261001,-,-,13:30:00,16,-,-,13:01:42,54.1000,1,20,200,
close_window,2026-10-01T13:32:20.000+08:00,2026-10-01T13:32:20.000+08:00,2026-10-01T13:32:21.201+08:00,20261001,13:32:01,18924,otc,1781,合世,20261001,-,-,13:30:00,30,-,-,13:18:45,9.9900,1,20,200,
close_window,2026-10-01T13:32:20.000+08:00,2026-10-01T13:32:20.000+08:00,2026-10-01T13:32:21.201+08:00,20261001,13:32:01,18924,otc,1813,寶利徠,20261001,-,-,13:30:00,5,-,-,13:02:38,11.3000,2,20,200,
close_window,2026-10-01T13:32:20.000+08:00,2026-10-01T13:32:20.000+08:00,2026-10-01T13:32:21.201+08:00,20261001,13:32:01,18924,tse,1341,富林-KY,20261001,-,-,13:30:00,2,-,-,13:14:14,59.0000,1,20,200,
close_window,2026-10-01T13:32:20.000+08:00,2026-10-01T13:32:20.000+08:00,2026-10-01T13:32:21.201+08:00,20261001,13:32:01,18924,tse,1410,南染,20261001,24.1500,24.1500,13:30:00,39,2,2,13:30:00,24.1500,2,20,200,
close_window,2026-10-01T13:32:20.000+08:00,2026-10-01T13:32:20.000+08:00,2026-10-01T13:32:21.201+08:00,20261001,13:32:01,18924,tse,2317,鴻海,20261001,254.0000,253.5000,13:30:00,26017,3029,3029,13:30:00,254.0000,3029,20,200,
close_window,2026-10-01T13:32:20.000+08:00,2026-10-01T13:32:20.000+08:00,2026-10-01T13:32:21.201+08:00,20261001,13:32:01,18924,tse,2330,台積電,20261001,2510.0000,2510.0000,13:30:00,18496,4219,4219,13:30:00,2510.0000,4219,20,200,
close_window,2026-10-01T13:32:20.000+08:00,2026-10-01T13:32:20.000+08:00,2026-10-01T13:32:21.201+08:00,20261001,13:32:01,18924,tse,2454,聯發科,20261001,4980.0000,4985.0000,13:30:00,3863,391,391,13:30:00,4980.0000,391,20,200,
close_window,2026-10-01T13:32:21.000+08:00,2026-10-01T13:32:21.000+08:00,2026-10-01T13:32:22.037+08:00,20261001,13:32:01,19761,otc,1240,茂生農經,20261001,-,-,13:30:00,16,-,-,13:01:42,54.1000,1,20,200,
close_window,2026-10-01T13:32:21.000+08:00,2026-10-01T13:32:21.000+08:00,2026-10-01T13:32:22.037+08:00,20261001,13:32:01,19761,otc,1781,合世,20261001,-,-,13:30:00,30,-,-,13:18:45,9.9900,1,20,200,
close_window,2026-10-01T13:32:21.000+08:00,2026-10-01T13:32:21.000+08:00,2026-10-01T13:32:22.037+08:00,20261001,13:32:01,19761,otc,1813,寶利徠,20261001,-,-,13:30:00,5,-,-,13:02:38,11.3000,2,20,200,
close_window,2026-10-01T13:32:21.000+08:00,2026-10-01T13:32:21.000+08:00,2026-10-01T13:32:22.037+08:00,20261001,13:32:01,19761,tse,1341,富林-KY,20261001,-,-,13:30:00,2,-,-,13:14:14,59.0000,1,20,200,
close_window,2026-10-01T13:32:21.000+08:00,2026-10-01T13:32:21.000+08:00,2026-10-01T13:32:22.037+08:00,20261001,13:32:01,19761,tse,1410,南染,20261001,24.1500,24.1500,13:30:00,39,2,2,13:30:00,24.1500,2,20,200,
close_window,2026-10-01T13:32:21.000+08:00,2026-10-01T13:32:21.000+08:00,2026-10-01T13:32:22.037+08:00,20261001,13:32:01,19761,tse,2317,鴻海,20261001,254.0000,253.5000,13:30:00,26017,3029,3029,13:30:00,254.0000,3029,20,200,
close_window,2026-10-01T13:32:21.000+08:00,2026-10-01T13:32:21.000+08:00,2026-10-01T13:32:22.037+08:00,20261001,13:32:01,19761,tse,2330,台積電,20261001,2510.0000,2510.0000,13:30:00,18496,4219,4219,13:30:00,2510.0000,4219,20,200,
close_window,2026-10-01T13:32:21.000+08:00,2026-10-01T13:32:21.000+08:00,2026-10-01T13:32:22.037+08:00,20261001,13:32:01,19761,tse,2454,聯發科,20261001,4980.0000,4985.0000,13:30:00,3863,391,391,13:30:00,4980.0000,391,20,200,
close_window,2026-10-01T13:32:22.000+08:00,2026-10-01T13:32:22.000+08:00,2026-10-01T13:32:27.159+08:00,20261001,13:32:01,24748,otc,1240,茂生農經,20261001,-,-,13:30:00,16,-,-,13:01:42,54.1000,1,20,200,
close_window,2026-10-01T13:32:22.000+08:00,2026-10-01T13:32:22.000+08:00,2026-10-01T13:32:27.159+08:00,20261001,13:32:01,24748,otc,1781,合世,20261001,-,-,13:30:00,30,-,-,13:18:45,9.9900,1,20,200,
close_window,2026-10-01T13:32:22.000+08:00,2026-10-01T13:32:22.000+08:00,2026-10-01T13:32:27.159+08:00,20261001,13:32:01,24748,otc,1813,寶利徠,20261001,-,-,13:30:00,5,-,-,13:02:38,11.3000,2,20,200,
close_window,2026-10-01T13:32:22.000+08:00,2026-10-01T13:32:22.000+08:00,2026-10-01T13:32:27.159+08:00,20261001,13:32:01,24748,tse,1341,富林-KY,20261001,-,-,13:30:00,2,-,-,13:14:14,59.0000,1,20,200,
close_window,2026-10-01T13:32:22.000+08:00,2026-10-01T13:32:22.000+08:00,2026-10-01T13:32:27.159+08:00,20261001,13:32:01,24748,tse,1410,南染,20261001,24.1500,24.1500,13:30:00,39,2,2,13:30:00,24.1500,2,20,200,
close_window,2026-10-01T13:32:22.000+08:00,2026-10-01T13:32:22.000+08:00,2026-10-01T13:32:27.159+08:00,20261001,13:32:01,24748,tse,2317,鴻海,20261001,254.0000,253.5000,13:30:00,26017,3029,3029,13:30:00,254.0000,3029,20,200,
close_window,2026-10-01T13:32:22.000+08:00,2026-10-01T13:32:22.000+08:00,2026-10-01T13:32:27.159+08:00,20261001,13:32:01,24748,tse,2330,台積電,20261001,2510.0000,2510.0000,13:30:00,18496,4219,4219,13:30:00,2510.0000,4219,20,200,
close_window,2026-10-01T13:32:22.000+08:00,2026-10-01T13:32:22.000+08:00,2026-10-01T13:32:27.159+08:00,20261001,13:32:01,24748,tse,2454,聯發科,20261001,4980.0000,4985.0000,13:30:00,3863,391,391,13:30:00,4980.0000,391,20,200,
close_window,2026-10-01T13:32:23.000+08:00,2026-10-01T13:32:23.000+08:00,2026-10-01T13:32:25.058+08:00,20261001,13:32:01,23412,otc,1240,茂生農經,20261001,-,-,13:30:00,16,-,-,13:01:42,54.1000,1,20,200,
close_window,2026-10-01T13:32:23.000+08:00,2026-10-01T13:32:23.000+08:00,2026-10-01T13:32:25.058+08:00,20261001,13:32:01,23412,otc,1781,合世,20261001,-,-,13:30:00,30,-,-,13:18:45,9.9900,1,20,200,
close_window,2026-10-01T13:32:23.000+08:00,2026-10-01T13:32:23.000+08:00,2026-10-01T13:32:25.058+08:00,20261001,13:32:01,23412,otc,1813,寶利徠,20261001,-,-,13:30:00,5,-,-,13:02:38,11.3000,2,20,200,
close_window,2026-10-01T13:32:23.000+08:00,2026-10-01T13:32:23.000+08:00,2026-10-01T13:32:25.058+08:00,20261001,13:32:01,23412,tse,1341,富林-KY,20261001,-,-,13:30:00,2,-,-,13:14:14,59.0000,1,20,200,
close_window,2026-10-01T13:32:23.000+08:00,2026-10-01T13:32:23.000+08:00,2026-10-01T13:32:25.058+08:00,20261001,13:32:01,23412,tse,1410,南染,20261001,24.1500,24.1500,13:30:00,39,2,2,13:30:00,24.1500,2,20,200,
close_window,2026-10-01T13:32:23.000+08:00,2026-10-01T13:32:23.000+08:00,2026-10-01T13:32:25.058+08:00,20261001,13:32:01,23412,tse,2317,鴻海,20261001,254.0000,253.5000,13:30:00,26017,3029,3029,13:30:00,254.0000,3029,20,200,
close_window,2026-10-01T13:32:23.000+08:00,2026-10-01T13:32:23.000+08:00,2026-10-01T13:32:25.058+08:00,20261001,13:32:01,23412,tse,2330,台積電,20261001,2510.0000,2510.0000,13:30:00,18496,4219,4219,13:30:00,2510.0000,4219,20,200,
close_window,2026-10-01T13:32:23.000+08:00,2026-10-01T13:32:23.000+08:00,2026-10-01T13:32:25.058+08:00,20261001,13:32:01,23412,tse,2454,聯發科,20261001,4980.0000,4985.0000,13:30:00,3863,391,391,13:30:00,4980.0000,391,20,200,
close_window,2026-10-01T13:32:24.000+08:00,2026-10-01T13:32:24.000+08:00,2026-10-01T13:32:27.870+08:00,20261001,13:32:01,25967,otc,1240,茂生農經,20261001,-,-,13:30:00,16,-,-,13:01:42,54.1000,1,20,200,
close_window,2026-10-01T13:32:24.000+08:00,2026-10-01T13:32:24.000+08:00,2026-10-01T13:32:27.870+08:00,20261001,13:32:01,25967,otc,1781,合世,20261001,-,-,13:30:00,30,-,-,13:18:45,9.9900,1,20,200,
close_window,2026-10-01T13:32:24.000+08:00,2026-10-01T13:32:24.000+08:00,2026-10-01T13:32:27.870+08:00,20261001,13:32:01,25967,otc,1813,寶利徠,20261001,-,-,13:30:00,5,-,-,13:02:38,11.3000,2,20,200,
close_window,2026-10-01T13:32:24.000+08:00,2026-10-01T13:32:24.000+08:00,2026-10-01T13:32:27.870+08:00,20261001,13:32:01,25967,tse,1341,富林-KY,20261001,-,-,13:30:00,2,-,-,13:14:14,59.0000,1,20,200,
close_window,2026-10-01T13:32:24.000+08:00,2026-10-01T13:32:24.000+08:00,2026-10-01T13:32:27.870+08:00,20261001,13:32:01,25967,tse,1410,南染,20261001,24.1500,24.1500,13:30:00,39,2,2,13:30:00,24.1500,2,20,200,
close_window,2026-10-01T13:32:24.000+08:00,2026-10-01T13:32:24.000+08:00,2026-10-01T13:32:27.870+08:00,20261001,13:32:01,25967,tse,2317,鴻海,20261001,254.0000,253.5000,13:30:00,26017,3029,3029,13:30:00,254.0000,3029,20,200,
close_window,2026-10-01T13:32:24.000+08:00,2026-10-01T13:32:24.000+08:00,2026-10-01T13:32:27.870+08:00,20261001,13:32:01,25967,tse,2330,台積電,20261001,2510.0000,2510.0000,13:30:00,18496,4219,4219,13:30:00,2510.0000,4219,20,200,
close_window,2026-10-01T13:32:24.000+08:00,2026-10-01T13:32:24.000+08:00,2026-10-01T13:32:27.870+08:00,20261001,13:32:01,25967,tse,2454,聯發科,20261001,4980.0000,4985.0000,13:30:00,3863,391,391,13:30:00,4980.0000,391,20,200,
close_window,2026-10-01T13:32:25.000+08:00,2026-10-01T13:32:25.000+08:00,2026-10-01T13:32:26.906+08:00,20261001,13:32:01,24465,otc,1240,茂生農經,20261001,-,-,13:30:00,16,-,-,13:01:42,54.1000,1,20,200,
close_window,2026-10-01T13:32:25.000+08:00,2026-10-01T13:32:25.000+08:00,2026-10-01T13:32:26.906+08:00,20261001,13:32:01,24465,otc,1781,合世,20261001,-,-,13:30:00,30,-,-,13:18:45,9.9900,1,20,200,
close_window,2026-10-01T13:32:25.000+08:00,2026-10-01T13:32:25.000+08:00,2026-10-01T13:32:26.906+08:00,20261001,13:32:01,24465,otc,1813,寶利徠,20261001,-,-,13:30:00,5,-,-,13:02:38,11.3000,2,20,200,
close_window,2026-10-01T13:32:25.000+08:00,2026-10-01T13:32:25.000+08:00,2026-10-01T13:32:26.906+08:00,20261001,13:32:01,24465,tse,1341,富林-KY,20261001,-,-,13:30:00,2,-,-,13:14:14,59.0000,1,20,200,
close_window,2026-10-01T13:32:25.000+08:00,2026-10-01T13:32:25.000+08:00,2026-10-01T13:32:26.906+08:00,20261001,13:32:01,24465,tse,1410,南染,20261001,24.1500,24.1500,13:30:00,39,2,2,13:30:00,24.1500,2,20,200,
close_window,2026-10-01T13:32:25.000+08:00,2026-10-01T13:32:25.000+08:00,2026-10-01T13:32:26.906+08:00,20261001,13:32:01,24465,tse,2317,鴻海,20261001,254.0000,253.5000,13:30:00,26017,3029,3029,13:30:00,254.0000,3029,20,200,
close_window,2026-10-01T13:32:25.000+08:00,2026-10-01T13:32:25.000+08:00,2026-10-01T13:32:26.906+08:00,20261001,13:32:01,24465,tse,2330,台積電,20261001,2510.0000,2510.0000,13:30:00,18496,4219,4219,13:30:00,2510.0000,4219,20,200,
close_window,2026-10-01T13:32:25.000+08:00,2026-10-01T13:32:25.000+08:00,2026-10-01T13:32:26.906+08:00,20261001,13:32:01,24465,tse,2454,聯發科,20261001,4980.0000,4985.0000,13:30:00,3863,391,391,13:30:00,4980.0000,391,20,200,
close_window,2026-10-01T13:32:26.000+08:00,2026-10-01T13:32:26.000+08:00,2026-10-01T13:32:28.668+08:00,20261001,13:32:01,25774,otc,1240,茂生農經,20261001,-,-,13:30:00,16,-,-,13:01:42,54.1000,1,20,200,
close_window,2026-10-01T13:32:26.000+08:00,2026-10-01T13:32:26.000+08:00,2026-10-01T13:32:28.668+08:00,20261001,13:32:01,25774,otc,1781,合世,20261001,-,-,13:30:00,30,-,-,13:18:45,9.9900,1,20,200,
close_window,2026-10-01T13:32:26.000+08:00,2026-10-01T13:32:26.000+08:00,2026-10-01T13:32:28.668+08:00,20261001,13:32:01,25774,otc,1813,寶利徠,20261001,-,-,13:30:00,5,-,-,13:02:38,11.3000,2,20,200,
close_window,2026-10-01T13:32:26.000+08:00,2026-10-01T13:32:26.000+08:00,2026-10-01T13:32:28.668+08:00,20261001,13:32:01,25774,tse,1341,富林-KY,20261001,-,-,13:30:00,2,-,-,13:14:14,59.0000,1,20,200,
close_window,2026-10-01T13:32:26.000+08:00,2026-10-01T13:32:26.000+08:00,2026-10-01T13:32:28.668+08:00,20261001,13:32:01,25774,tse,1410,南染,20261001,24.1500,24.1500,13:30:00,39,2,2,13:30:00,24.1500,2,20,200,
close_window,2026-10-01T13:32:26.000+08:00,2026-10-01T13:32:26.000+08:00,2026-10-01T13:32:28.668+08:00,20261001,13:32:01,25774,tse,2317,鴻海,20261001,254.0000,253.5000,13:30:00,26017,3029,3029,13:30:00,254.0000,3029,20,200,
close_window,2026-10-01T13:32:26.000+08:00,2026-10-01T13:32:26.000+08:00,2026-10-01T13:32:28.668+08:00,20261001,13:32:01,25774,tse,2330,台積電,20261001,2510.0000,2510.0000,13:30:00,18496,4219,4219,13:30:00,2510.0000,4219,20,200,
close_window,2026-10-01T13:32:26.000+08:00,2026-10-01T13:32:26.000+08:00,2026-10-01T13:32:28.668+08:00,20261001,13:32:01,25774,tse,2454,聯發科,20261001,4980.0000,4985.0000,13:30:00,3863,391,391,13:30:00,4980.0000,391,20,200,
close_window,2026-10-01T13:32:27.000+08:00,2026-10-01T13:32:27.000+08:00,2026-10-01T13:32:27.585+08:00,20261001,13:32:01,25777,otc,1240,茂生農經,20261001,-,-,13:30:00,16,-,-,13:01:42,54.1000,1,20,200,
close_window,2026-10-01T13:32:27.000+08:00,2026-10-01T13:32:27.000+08:00,2026-10-01T13:32:27.585+08:00,20261001,13:32:01,25777,otc,1781,合世,20261001,-,-,13:30:00,30,-,-,13:18:45,9.9900,1,20,200,
close_window,2026-10-01T13:32:27.000+08:00,2026-10-01T13:32:27.000+08:00,2026-10-01T13:32:27.585+08:00,20261001,13:32:01,25777,otc,1813,寶利徠,20261001,-,-,13:30:00,5,-,-,13:02:38,11.3000,2,20,200,
close_window,2026-10-01T13:32:27.000+08:00,2026-10-01T13:32:27.000+08:00,2026-10-01T13:32:27.585+08:00,20261001,13:32:01,25777,tse,1341,富林-KY,20261001,-,-,13:30:00,2,-,-,13:14:14,59.0000,1,20,200,
close_window,2026-10-01T13:32:27.000+08:00,2026-10-01T13:32:27.000+08:00,2026-10-01T13:32:27.585+08:00,20261001,13:32:01,25777,tse,1410,南染,20261001,24.1500,24.1500,13:30:00,39,2,2,13:30:00,24.1500,2,20,200,
close_window,2026-10-01T13:32:27.000+08:00,2026-10-01T13:32:27.000+08:00,2026-10-01T13:32:27.585+08:00,20261001,13:32:01,25777,tse,2317,鴻海,20261001,254.0000,253.5000,13:30:00,26017,3029,3029,13:30:00,254.0000,3029,20,200,
close_window,2026-10-01T13:32:27.000+08:00,2026-10-01T13:32:27.000+08:00,2026-10-01T13:32:27.585+08:00,20261001,13:32:01,25777,tse,2330,台積電,20261001,2510.0000,2510.0000,13:30:00,18496,4219,4219,13:30:00,2510.0000,4219,20,200,
close_window,2026-10-01T13:32:27.000+08:00,2026-10-01T13:32:27.000+08:00,2026-10-01T13:32:27.585+08:00,20261001,13:32:01,25777,tse,2454,聯發科,20261001,4980.0000,4985.0000,13:30:00,3863,391,391,13:30:00,4980.0000,391,20,200,
close_window,2026-10-01T13:32:28.000+08:00,2026-10-01T13:32:28.000+08:00,2026-10-01T13:32:31.117+08:00,20261001,13:32:01,28749,otc,1240,茂生農經,20261001,-,-,13:30:00,16,-,-,13:01:42,54.1000,1,20,200,
close_window,2026-10-01T13:32:28.000+08:00,2026-10-01T13:32:28.000+08:00,2026-10-01T13:32:31.117+08:00,20261001,13:32:01,28749,otc,1781,合世,20261001,-,-,13:30:00,30,-,-,13:18:45,9.9900,1,20,200,
close_window,2026-10-01T13:32:28.000+08:00,2026-10-01T13:32:28.000+08:00,2026-10-01T13:32:31.117+08:00,20261001,13:32:01,28749,otc,1813,寶利徠,20261001,-,-,13:30:00,5,-,-,13:02:38,11.3000,2,20,200,
close_window,2026-10-01T13:32:28.000+08:00,2026-10-01T13:32:28.000+08:00,2026-10-01T13:32:31.117+08:00,20261001,13:32:01,28749,tse,1341,富林-KY,20261001,-,-,13:30:00,2,-,-,13:14:14,59.0000,1,20,200,
close_window,2026-10-01T13:32:28.000+08:00,2026-10-01T13:32:28.000+08:00,2026-10-01T13:32:31.117+08:00,20261001,13:32:01,28749,tse,1410,南染,20261001,24.1500,24.1500,13:30:00,39,2,2,13:30:00,24.1500,2,20,200,
close_window,2026-10-01T13:32:28.000+08:00,2026-10-01T13:32:28.000+08:00,2026-10-01T13:32:31.117+08:00,20261001,13:32:01,28749,tse,2317,鴻海,20261001,254.0000,253.5000,13:30:00,26017,3029,3029,13:30:00,254.0000,3029,20,200,
close_window,2026-10-01T13:32:28.000+08:00,2026-10-01T13:32:28.000+08:00,2026-10-01T13:32:31.117+08:00,20261001,13:32:01,28749,tse,2330,台積電,20261001,2510.0000,2510.0000,13:30:00,18496,4219,4219,13:30:00,2510.0000,4219,20,200,
close_window,2026-10-01T13:32:28.000+08:00,2026-10-01T13:32:28.000+08:00,2026-10-01T13:32:31.117+08:00,20261001,13:32:01,28749,tse,2454,聯發科,20261001,4980.0000,4985.0000,13:30:00,3863,391,391,13:30:00,4980.0000,391,20,200,
close_window,2026-10-01T13:32:29.000+08:00,2026-10-01T13:32:29.000+08:00,2026-10-01T13:32:33.021+08:00,20261001,13:32:01,31244,otc,1240,茂生農經,20261001,-,-,13:30:00,16,-,-,13:01:42,54.1000,1,20,200,
close_window,2026-10-01T13:32:29.000+08:00,2026-10-01T13:32:29.000+08:00,2026-10-01T13:32:33.021+08:00,20261001,13:32:01,31244,otc,1781,合世,20261001,-,-,13:30:00,30,-,-,13:18:45,9.9900,1,20,200,
close_window,2026-10-01T13:32:29.000+08:00,2026-10-01T13:32:29.000+08:00,2026-10-01T13:32:33.021+08:00,20261001,13:32:01,31244,otc,1813,寶利徠,20261001,-,-,13:30:00,5,-,-,13:02:38,11.3000,2,20,200,
close_window,2026-10-01T13:32:29.000+08:00,2026-10-01T13:32:29.000+08:00,2026-10-01T13:32:33.021+08:00,20261001,13:32:01,31244,tse,1341,富林-KY,20261001,-,-,13:30:00,2,-,-,13:14:14,59.0000,1,20,200,
close_window,2026-10-01T13:32:29.000+08:00,2026-10-01T13:32:29.000+08:00,2026-10-01T13:32:33.021+08:00,20261001,13:32:01,31244,tse,1410,南染,20261001,24.1500,24.1500,13:30:00,39,2,2,13:30:00,24.1500,2,20,200,
close_window,2026-10-01T13:32:29.000+08:00,2026-10-01T13:32:29.000+08:00,2026-10-01T13:32:33.021+08:00,20261001,13:32:01,31244,tse,2317,鴻海,20261001,254.0000,253.5000,13:30:00,26017,3029,3029,13:30:00,254.0000,3029,20,200,
close_window,2026-10-01T13:32:29.000+08:00,2026-10-01T13:32:29.000+08:00,2026-10-01T13:32:33.021+08:00,20261001,13:32:01,31244,tse,2330,台積電,20261001,2510.0000,2510.0000,13:30:00,18496,4219,4219,13:30:00,2510.0000,4219,20,200,
close_window,2026-10-01T13:32:29.000+08:00,2026-10-01T13:32:29.000+08:00,2026-10-01T13:32:33.021+08:00,20261001,13:32:01,31244,tse,2454,聯發科,20261001,4980.0000,4985.0000,13:30:00,3863,391,391,13:30:00,4980.0000,391,20,200,
close_window,2026-10-01T13:32:30.000+08:00,2026-10-01T13:32:30.000+08:00,2026-10-01T13:32:38.660+08:00,20261001,13:32:01,36628,otc,1240,茂生農經,20261001,-,-,13:30:00,16,-,-,13:01:42,54.1000,1,20,200,
close_window,2026-10-01T13:32:30.000+08:00,2026-10-01T13:32:30.000+08:00,2026-10-01T13:32:38.660+08:00,20261001,13:32:01,36628,otc,1781,合世,20261001,-,-,13:30:00,30,-,-,13:18:45,9.9900,1,20,200,
close_window,2026-10-01T13:32:30.000+08:00,2026-10-01T13:32:30.000+08:00,2026-10-01T13:32:38.660+08:00,20261001,13:32:01,36628,otc,1813,寶利徠,20261001,-,-,13:30:00,5,-,-,13:02:38,11.3000,2,20,200,
close_window,2026-10-01T13:32:30.000+08:00,2026-10-01T13:32:30.000+08:00,2026-10-01T13:32:38.660+08:00,20261001,13:32:01,36628,tse,1341,富林-KY,20261001,-,-,13:30:00,2,-,-,13:14:14,59.0000,1,20,200,
close_window,2026-10-01T13:32:30.000+08:00,2026-10-01T13:32:30.000+08:00,2026-10-01T13:32:38.660+08:00,20261001,13:32:01,36628,tse,1410,南染,20261001,24.1500,24.1500,13:30:00,39,2,2,13:30:00,24.1500,2,20,200,
close_window,2026-10-01T13:32:30.000+08:00,2026-10-01T13:32:30.000+08:00,2026-10-01T13:32:38.660+08:00,20261001,13:32:01,36628,tse,2317,鴻海,20261001,254.0000,253.5000,13:30:00,26017,3029,3029,13:30:00,254.0000,3029,20,200,
close_window,2026-10-01T13:32:30.000+08:00,2026-10-01T13:32:30.000+08:00,2026-10-01T13:32:38.660+08:00,20261001,13:32:01,36628,tse,2330,台積電,20261001,2510.0000,2510.0000,13:30:00,18496,4219,4219,13:30:00,2510.0000,4219,20,200,
close_window,2026-10-01T13:32:30.000+08:00,2026-10-01T13:32:30.000+08:00,2026-10-01T13:32:38.660+08:00,20261001,13:32:01,36628,tse,2454,聯發科,20261001,4980.0000,4985.0000,13:30:00,3863,391,391,13:30:00,4980.0000,391,20,200,
close_window,2026-10-01T13:32:31.000+08:00,2026-10-01T13:32:31.000+08:00,2026-10-01T13:32:32.416+08:00,20261001,13:32:01,30769,otc,1240,茂生農經,20261001,-,-,13:30:00,16,-,-,13:01:42,54.1000,1,20,200,
close_window,2026-10-01T13:32:31.000+08:00,2026-10-01T13:32:31.000+08:00,2026-10-01T13:32:32.416+08:00,20261001,13:32:01,30769,otc,1781,合世,20261001,-,-,13:30:00,30,-,-,13:18:45,9.9900,1,20,200,
close_window,2026-10-01T13:32:31.000+08:00,2026-10-01T13:32:31.000+08:00,2026-10-01T13:32:32.416+08:00,20261001,13:32:01,30769,otc,1813,寶利徠,20261001,-,-,13:30:00,5,-,-,13:02:38,11.3000,2,20,200,
close_window,2026-10-01T13:32:31.000+08:00,2026-10-01T13:32:31.000+08:00,2026-10-01T13:32:32.416+08:00,20261001,13:32:01,30769,tse,1341,富林-KY,20261001,-,-,13:30:00,2,-,-,13:14:14,59.0000,1,20,200,
close_window,2026-10-01T13:32:31.000+08:00,2026-10-01T13:32:31.000+08:00,2026-10-01T13:32:32.416+08:00,20261001,13:32:01,30769,tse,1410,南染,20261001,24.1500,24.1500,13:30:00,39,2,2,13:30:00,24.1500,2,20,200,
close_window,2026-10-01T13:32:31.000+08:00,2026-10-01T13:32:31.000+08:00,2026-10-01T13:32:32.416+08:00,20261001,13:32:01,30769,tse,2317,鴻海,20261001,254.0000,253.5000,13:30:00,26017,3029,3029,13:30:00,254.0000,3029,20,200,
close_window,2026-10-01T13:32:31.000+08:00,2026-10-01T13:32:31.000+08:00,2026-10-01T13:32:32.416+08:00,20261001,13:32:01,30769,tse,2330,台積電,20261001,2510.0000,2510.0000,13:30:00,18496,4219,4219,13:30:00,2510.0000,4219,20,200,
close_window,2026-10-01T13:32:31.000+08:00,2026-10-01T13:32:31.000+08:00,2026-10-01T13:32:32.416+08:00,20261001,13:32:01,30769,tse,2454,聯發科,20261001,4980.0000,4985.0000,13:30:00,3863,391,391,13:30:00,4980.0000,391,20,200,
close_window,2026-10-01T13:32:32.000+08:00,2026-10-01T13:32:32.000+08:00,2026-10-01T13:32:33.763+08:00,20261001,13:32:01,31952,otc,1240,茂生農經,20261001,-,-,13:30:00,16,-,-,13:01:42,54.1000,1,20,200,
close_window,2026-10-01T13:32:32.000+08:00,2026-10-01T13:32:32.000+08:00,2026-10-01T13:32:33.763+08:00,20261001,13:32:01,31952,otc,1781,合世,20261001,-,-,13:30:00,30,-,-,13:18:45,9.9900,1,20,200,
close_window,2026-10-01T13:32:32.000+08:00,2026-10-01T13:32:32.000+08:00,2026-10-01T13:32:33.763+08:00,20261001,13:32:01,31952,otc,1813,寶利徠,20261001,-,-,13:30:00,5,-,-,13:02:38,11.3000,2,20,200,
close_window,2026-10-01T13:32:32.000+08:00,2026-10-01T13:32:32.000+08:00,2026-10-01T13:32:33.763+08:00,20261001,13:32:01,31952,tse,1341,富林-KY,20261001,-,-,13:30:00,2,-,-,13:14:14,59.0000,1,20,200,
close_window,2026-10-01T13:32:32.000+08:00,2026-10-01T13:32:32.000+08:00,2026-10-01T13:32:33.763+08:00,20261001,13:32:01,31952,tse,1410,南染,20261001,24.1500,24.1500,13:30:00,39,2,2,13:30:00,24.1500,2,20,200,
close_window,2026-10-01T13:32:32.000+08:00,2026-10-01T13:32:32.000+08:00,2026-10-01T13:32:33.763+08:00,20261001,13:32:01,31952,tse,2317,鴻海,20261001,254.0000,253.5000,13:30:00,26017,3029,3029,13:30:00,254.0000,3029,20,200,
close_window,2026-10-01T13:32:32.000+08:00,2026-10-01T13:32:32.000+08:00,2026-10-01T13:32:33.763+08:00,20261001,13:32:01,31952,tse,2330,台積電,20261001,2510.0000,2510.0000,13:30:00,18496,4219,4219,13:30:00,2510.0000,4219,20,200,
close_window,2026-10-01T13:32:32.000+08:00,2026-10-01T13:32:32.000+08:00,2026-10-01T13:32:33.763+08:00,20261001,13:32:01,31952,tse,2454,聯發科,20261001,4980.0000,4985.0000,13:30:00,3863,391,391,13:30:00,4980.0000,391,20,200,
close_window,2026-10-01T13:32:33.000+08:00,2026-10-01T13:32:33.000+08:00,2026-10-01T13:32:37.693+08:00,20261001,13:32:01,35555,otc,1240,茂生農經,20261001,-,-,13:30:00,16,-,-,13:01:42,54.1000,1,20,200,
close_window,2026-10-01T13:32:33.000+08:00,2026-10-01T13:32:33.000+08:00,2026-10-01T13:32:37.693+08:00,20261001,13:32:01,35555,otc,1781,合世,20261001,-,-,13:30:00,30,-,-,13:18:45,9.9900,1,20,200,
close_window,2026-10-01T13:32:33.000+08:00,2026-10-01T13:32:33.000+08:00,2026-10-01T13:32:37.693+08:00,20261001,13:32:01,35555,otc,1813,寶利徠,20261001,-,-,13:30:00,5,-,-,13:02:38,11.3000,2,20,200,
close_window,2026-10-01T13:32:33.000+08:00,2026-10-01T13:32:33.000+08:00,2026-10-01T13:32:37.693+08:00,20261001,13:32:01,35555,tse,1341,富林-KY,20261001,-,-,13:30:00,2,-,-,13:14:14,59.0000,1,20,200,
close_window,2026-10-01T13:32:33.000+08:00,2026-10-01T13:32:33.000+08:00,2026-10-01T13:32:37.693+08:00,20261001,13:32:01,35555,tse,1410,南染,20261001,24.1500,24.1500,13:30:00,39,2,2,13:30:00,24.1500,2,20,200,
close_window,2026-10-01T13:32:33.000+08:00,2026-10-01T13:32:33.000+08:00,2026-10-01T13:32:37.693+08:00,20261001,13:32:01,35555,tse,2317,鴻海,20261001,254.0000,253.5000,13:30:00,26017,3029,3029,13:30:00,254.0000,3029,20,200,
close_window,2026-10-01T13:32:33.000+08:00,2026-10-01T13:32:33.000+08:00,2026-10-01T13:32:37.693+08:00,20261001,13:32:01,35555,tse,2330,台積電,20261001,2510.0000,2510.0000,13:30:00,18496,4219,4219,13:30:00,2510.0000,4219,20,200,
close_window,2026-10-01T13:32:33.000+08:00,2026-10-01T13:32:33.000+08:00,2026-10-01T13:32:37.693+08:00,20261001,13:32:01,35555,tse,2454,聯發科,20261001,4980.0000,4985.0000,13:30:00,3863,391,391,13:30:00,4980.0000,391,20,200,
close_window,2026-10-01T13:32:34.000+08:00,2026-10-01T13:32:34.000+08:00,2026-10-01T13:32:34.410+08:00,20261001,13:32:01,32764,otc,1240,茂生農經,20261001,-,-,13:30:00,16,-,-,13:01:42,54.1000,1,20,200,
close_window,2026-10-01T13:32:34.000+08:00,2026-10-01T13:32:34.000+08:00,2026-10-01T13:32:34.410+08:00,20261001,13:32:01,32764,otc,1781,合世,20261001,-,-,13:30:00,30,-,-,13:18:45,9.9900,1,20,200,
close_window,2026-10-01T13:32:34.000+08:00,2026-10-01T13:32:34.000+08:00,2026-10-01T13:32:34.410+08:00,20261001,13:32:01,32764,otc,1813,寶利徠,20261001,-,-,13:30:00,5,-,-,13:02:38,11.3000,2,20,200,
close_window,2026-10-01T13:32:34.000+08:00,2026-10-01T13:32:34.000+08:00,2026-10-01T13:32:34.410+08:00,20261001,13:32:01,32764,tse,1341,富林-KY,20261001,-,-,13:30:00,2,-,-,13:14:14,59.0000,1,20,200,
close_window,2026-10-01T13:32:34.000+08:00,2026-10-01T13:32:34.000+08:00,2026-10-01T13:32:34.410+08:00,20261001,13:32:01,32764,tse,1410,南染,20261001,24.1500,24.1500,13:30:00,39,2,2,13:30:00,24.1500,2,20,200,
close_window,2026-10-01T13:32:34.000+08:00,2026-10-01T13:32:34.000+08:00,2026-10-01T13:32:34.410+08:00,20261001,13:32:01,32764,tse,2317,鴻海,20261001,254.0000,253.5000,13:30:00,26017,3029,3029,13:30:00,254.0000,3029,20,200,
close_window,2026-10-01T13:32:34.000+08:00,2026-10-01T13:32:34.000+08:00,2026-10-01T13:32:34.410+08:00,20261001,13:32:01,32764,tse,2330,台積電,20261001,2510.0000,2510.0000,13:30:00,18496,4219,4219,13:30:00,2510.0000,4219,20,200,
close_window,2026-10-01T13:32:34.000+08:00,2026-10-01T13:32:34.000+08:00,2026-10-01T13:32:34.410+08:00,20261001,13:32:01,32764,tse,2454,聯發科,20261001,4980.0000,4985.0000,13:30:00,3863,391,391,13:30:00,4980.0000,391,20,200,
close_window,2026-10-01T13:32:35.000+08:00,2026-10-01T13:32:35.000+08:00,2026-10-01T13:32:35.447+08:00,20261001,13:32:01,33800,otc,1240,茂生農經,20261001,-,-,13:30:00,16,-,-,13:01:42,54.1000,1,20,200,
close_window,2026-10-01T13:32:35.000+08:00,2026-10-01T13:32:35.000+08:00,2026-10-01T13:32:35.447+08:00,20261001,13:32:01,33800,otc,1781,合世,20261001,-,-,13:30:00,30,-,-,13:18:45,9.9900,1,20,200,
close_window,2026-10-01T13:32:35.000+08:00,2026-10-01T13:32:35.000+08:00,2026-10-01T13:32:35.447+08:00,20261001,13:32:01,33800,otc,1813,寶利徠,20261001,-,-,13:30:00,5,-,-,13:02:38,11.3000,2,20,200,
close_window,2026-10-01T13:32:35.000+08:00,2026-10-01T13:32:35.000+08:00,2026-10-01T13:32:35.447+08:00,20261001,13:32:01,33800,tse,1341,富林-KY,20261001,-,-,13:30:00,2,-,-,13:14:14,59.0000,1,20,200,
close_window,2026-10-01T13:32:35.000+08:00,2026-10-01T13:32:35.000+08:00,2026-10-01T13:32:35.447+08:00,20261001,13:32:01,33800,tse,1410,南染,20261001,24.1500,24.1500,13:30:00,39,2,2,13:30:00,24.1500,2,20,200,
close_window,2026-10-01T13:32:35.000+08:00,2026-10-01T13:32:35.000+08:00,2026-10-01T13:32:35.447+08:00,20261001,13:32:01,33800,tse,2317,鴻海,20261001,254.0000,253.5000,13:30:00,26017,3029,3029,13:30:00,254.0000,3029,20,200,
close_window,2026-10-01T13:32:35.000+08:00,2026-10-01T13:32:35.000+08:00,2026-10-01T13:32:35.447+08:00,20261001,13:32:01,33800,tse,2330,台積電,20261001,2510.0000,2510.0000,13:30:00,18496,4219,4219,13:30:00,2510.0000,4219,20,200,
close_window,2026-10-01T13:32:35.000+08:00,2026-10-01T13:32:35.000+08:00,2026-10-01T13:32:35.447+08:00,20261001,13:32:01,33800,tse,2454,聯發科,20261001,4980.0000,4985.0000,13:30:00,3863,391,391,13:30:00,4980.0000,391,20,200,
close_window,2026-10-01T13:32:36.000+08:00,2026-10-01T13:32:36.000+08:00,2026-10-01T13:32:37.432+08:00,20261001,13:32:01,35279,otc,1240,茂生農經,20261001,-,-,13:30:00,16,-,-,13:01:42,54.1000,1,20,200,
close_window,2026-10-01T13:32:36.000+08:00,2026-10-01T13:32:36.000+08:00,2026-10-01T13:32:37.432+08:00,20261001,13:32:01,35279,otc,1781,合世,20261001,-,-,13:30:00,30,-,-,13:18:45,9.9900,1,20,200,
close_window,2026-10-01T13:32:36.000+08:00,2026-10-01T13:32:36.000+08:00,2026-10-01T13:32:37.432+08:00,20261001,13:32:01,35279,otc,1813,寶利徠,20261001,-,-,13:30:00,5,-,-,13:02:38,11.3000,2,20,200,
close_window,2026-10-01T13:32:36.000+08:00,2026-10-01T13:32:36.000+08:00,2026-10-01T13:32:37.432+08:00,20261001,13:32:01,35279,tse,1341,富林-KY,20261001,-,-,13:30:00,2,-,-,13:14:14,59.0000,1,20,200,
close_window,2026-10-01T13:32:36.000+08:00,2026-10-01T13:32:36.000+08:00,2026-10-01T13:32:37.432+08:00,20261001,13:32:01,35279,tse,1410,南染,20261001,24.1500,24.1500,13:30:00,39,2,2,13:30:00,24.1500,2,20,200,
close_window,2026-10-01T13:32:36.000+08:00,2026-10-01T13:32:36.000+08:00,2026-10-01T13:32:37.432+08:00,20261001,13:32:01,35279,tse,2317,鴻海,20261001,254.0000,253.5000,13:30:00,26017,3029,3029,13:30:00,254.0000,3029,20,200,
close_window,2026-10-01T13:32:36.000+08:00,2026-10-01T13:32:36.000+08:00,2026-10-01T13:32:37.432+08:00,20261001,13:32:01,35279,tse,2330,台積電,20261001,2510.0000,2510.0000,13:30:00,18496,4219,4219,13:30:00,2510.0000,4219,20,200,
close_window,2026-10-01T13:32:36.000+08:00,2026-10-01T13:32:36.000+08:00,2026-10-01T13:32:37.432+08:00,20261001,13:32:01,35279,tse,2454,聯發科,20261001,4980.0000,4985.0000,13:30:00,3863,391,391,13:30:00,4980.0000,391,20,200,
close_window,2026-10-01T13:32:37.000+08:00,2026-10-01T13:32:37.000+08:00,2026-10-01T13:32:40.501+08:00,20261001,13:32:01,38709,otc,1240,茂生農經,20261001,-,-,13:30:00,16,-,-,13:01:42,54.1000,1,20,200,
close_window,2026-10-01T13:32:37.000+08:00,2026-10-01T13:32:37.000+08:00,2026-10-01T13:32:40.501+08:00,20261001,13:32:01,38709,otc,1781,合世,20261001,-,-,13:30:00,30,-,-,13:18:45,9.9900,1,20,200,
close_window,2026-10-01T13:32:37.000+08:00,2026-10-01T13:32:37.000+08:00,2026-10-01T13:32:40.501+08:00,20261001,13:32:01,38709,otc,1813,寶利徠,20261001,-,-,13:30:00,5,-,-,13:02:38,11.3000,2,20,200,
close_window,2026-10-01T13:32:37.000+08:00,2026-10-01T13:32:37.000+08:00,2026-10-01T13:32:40.501+08:00,20261001,13:32:01,38709,tse,1341,富林-KY,20261001,-,-,13:30:00,2,-,-,13:14:14,59.0000,1,20,200,
close_window,2026-10-01T13:32:37.000+08:00,2026-10-01T13:32:37.000+08:00,2026-10-01T13:32:40.501+08:00,20261001,13:32:01,38709,tse,1410,南染,20261001,24.1500,24.1500,13:30:00,39,2,2,13:30:00,24.1500,2,20,200,
close_window,2026-10-01T13:32:37.000+08:00,2026-10-01T13:32:37.000+08:00,2026-10-01T13:32:40.501+08:00,20261001,13:32:01,38709,tse,2317,鴻海,20261001,254.0000,253.5000,13:30:00,26017,3029,3029,13:30:00,254.0000,3029,20,200,
close_window,2026-10-01T13:32:37.000+08:00,2026-10-01T13:32:37.000+08:00,2026-10-01T13:32:40.501+08:00,20261001,13:32:01,38709,tse,2330,台積電,20261001,2510.0000,2510.0000,13:30:00,18496,4219,4219,13:30:00,2510.0000,4219,20,200,
close_window,2026-10-01T13:32:37.000+08:00,2026-10-01T13:32:37.000+08:00,2026-10-01T13:32:40.501+08:00,20261001,13:32:01,38709,tse,2454,聯發科,20261001,4980.0000,4985.0000,13:30:00,3863,391,391,13:30:00,4980.0000,391,20,200,
close_window,2026-10-01T13:32:38.000+08:00,2026-10-01T13:32:38.000+08:00,2026-10-01T13:32:40.227+08:00,20261001,13:32:01,38450,otc,1240,茂生農經,20261001,-,-,13:30:00,16,-,-,13:01:42,54.1000,1,20,200,
close_window,2026-10-01T13:32:38.000+08:00,2026-10-01T13:32:38.000+08:00,2026-10-01T13:32:40.227+08:00,20261001,13:32:01,38450,otc,1781,合世,20261001,-,-,13:30:00,30,-,-,13:18:45,9.9900,1,20,200,
close_window,2026-10-01T13:32:38.000+08:00,2026-10-01T13:32:38.000+08:00,2026-10-01T13:32:40.227+08:00,20261001,13:32:01,38450,otc,1813,寶利徠,20261001,-,-,13:30:00,5,-,-,13:02:38,11.3000,2,20,200,
close_window,2026-10-01T13:32:38.000+08:00,2026-10-01T13:32:38.000+08:00,2026-10-01T13:32:40.227+08:00,20261001,13:32:01,38450,tse,1341,富林-KY,20261001,-,-,13:30:00,2,-,-,13:14:14,59.0000,1,20,200,
close_window,2026-10-01T13:32:38.000+08:00,2026-10-01T13:32:38.000+08:00,2026-10-01T13:32:40.227+08:00,20261001,13:32:01,38450,tse,1410,南染,20261001,24.1500,24.1500,13:30:00,39,2,2,13:30:00,24.1500,2,20,200,
close_window,2026-10-01T13:32:38.000+08:00,2026-10-01T13:32:38.000+08:00,2026-10-01T13:32:40.227+08:00,20261001,13:32:01,38450,tse,2317,鴻海,20261001,254.0000,253.5000,13:30:00,26017,3029,3029,13:30:00,254.0000,3029,20,200,
close_window,2026-10-01T13:32:38.000+08:00,2026-10-01T13:32:38.000+08:00,2026-10-01T13:32:40.227+08:00,20261001,13:32:01,38450,tse,2330,台積電,20261001,2510.0000,2510.0000,13:30:00,18496,4219,4219,13:30:00,2510.0000,4219,20,200,
close_window,2026-10-01T13:32:38.000+08:00,2026-10-01T13:32:38.000+08:00,2026-10-01T13:32:40.227+08:00,20261001,13:32:01,38450,tse,2454,聯發科,20261001,4980.0000,4985.0000,13:30:00,3863,391,391,13:30:00,4980.0000,391,20,200,
close_window,2026-10-01T13:32:39.000+08:00,2026-10-01T13:32:39.000+08:00,2026-10-01T13:32:40.171+08:00,20261001,13:32:01,37762,otc,1240,茂生農經,20261001,-,-,13:30:00,16,-,-,13:01:42,54.1000,1,20,200,
close_window,2026-10-01T13:32:39.000+08:00,2026-10-01T13:32:39.000+08:00,2026-10-01T13:32:40.171+08:00,20261001,13:32:01,37762,otc,1781,合世,20261001,-,-,13:30:00,30,-,-,13:18:45,9.9900,1,20,200,
close_window,2026-10-01T13:32:39.000+08:00,2026-10-01T13:32:39.000+08:00,2026-10-01T13:32:40.171+08:00,20261001,13:32:01,37762,otc,1813,寶利徠,20261001,-,-,13:30:00,5,-,-,13:02:38,11.3000,2,20,200,
close_window,2026-10-01T13:32:39.000+08:00,2026-10-01T13:32:39.000+08:00,2026-10-01T13:32:40.171+08:00,20261001,13:32:01,37762,tse,1341,富林-KY,20261001,-,-,13:30:00,2,-,-,13:14:14,59.0000,1,20,200,
close_window,2026-10-01T13:32:39.000+08:00,2026-10-01T13:32:39.000+08:00,2026-10-01T13:32:40.171+08:00,20261001,13:32:01,37762,tse,1410,南染,20261001,24.1500,24.1500,13:30:00,39,2,2,13:30:00,24.1500,2,20,200,
close_window,2026-10-01T13:32:39.000+08:00,2026-10-01T13:32:39.000+08:00,2026-10-01T13:32:40.171+08:00,20261001,13:32:01,37762,tse,2317,鴻海,20261001,254.0000,253.5000,13:30:00,26017,3029,3029,13:30:00,254.0000,3029,20,200,
close_window,2026-10-01T13:32:39.000+08:00,2026-10-01T13:32:39.000+08:00,2026-10-01T13:32:40.171+08:00,20261001,13:32:01,37762,tse,2330,台積電,20261001,2510.0000,2510.0000,13:30:00,18496,4219,4219,13:30:00,2510.0000,4219,20,200,
close_window,2026-10-01T13:32:39.000+08:00,2026-10-01T13:32:39.000+08:00,2026-10-01T13:32:40.171+08:00,20261001,13:32:01,37762,tse,2454,聯發科,20261001,4980.0000,4985.0000,13:30:00,3863,391,391,13:30:00,4980.0000,391,20,200,
close_window,2026-10-01T13:32:40.000+08:00,2026-10-01T13:32:40.000+08:00,2026-10-01T13:32:40.669+08:00,20261001,13:32:01,38894,otc,1240,茂生農經,20261001,-,-,13:30:00,16,-,-,13:01:42,54.1000,1,20,200,
close_window,2026-10-01T13:32:40.000+08:00,2026-10-01T13:32:40.000+08:00,2026-10-01T13:32:40.669+08:00,20261001,13:32:01,38894,otc,1781,合世,20261001,-,-,13:30:00,30,-,-,13:18:45,9.9900,1,20,200,
close_window,2026-10-01T13:32:40.000+08:00,2026-10-01T13:32:40.000+08:00,2026-10-01T13:32:40.669+08:00,20261001,13:32:01,38894,otc,1813,寶利徠,20261001,-,-,13:30:00,5,-,-,13:02:38,11.3000,2,20,200,
close_window,2026-10-01T13:32:40.000+08:00,2026-10-01T13:32:40.000+08:00,2026-10-01T13:32:40.669+08:00,20261001,13:32:01,38894,tse,1341,富林-KY,20261001,-,-,13:30:00,2,-,-,13:14:14,59.0000,1,20,200,
close_window,2026-10-01T13:32:40.000+08:00,2026-10-01T13:32:40.000+08:00,2026-10-01T13:32:40.669+08:00,20261001,13:32:01,38894,tse,1410,南染,20261001,24.1500,24.1500,13:30:00,39,2,2,13:30:00,24.1500,2,20,200,
close_window,2026-10-01T13:32:40.000+08:00,2026-10-01T13:32:40.000+08:00,2026-10-01T13:32:40.669+08:00,20261001,13:32:01,38894,tse,2317,鴻海,20261001,254.0000,253.5000,13:30:00,26017,3029,3029,13:30:00,254.0000,3029,20,200,
close_window,2026-10-01T13:32:40.000+08:00,2026-10-01T13:32:40.000+08:00,2026-10-01T13:32:40.669+08:00,20261001,13:32:01,38894,tse,2330,台積電,20261001,2510.0000,2510.0000,13:30:00,18496,4219,4219,13:30:00,2510.0000,4219,20,200,
close_window,2026-10-01T13:32:40.000+08:00,2026-10-01T13:32:40.000+08:00,2026-10-01T13:32:40.669+08:00,20261001,13:32:01,38894,tse,2454,聯發科,20261001,4980.0000,4985.0000,13:30:00,3863,391,391,13:30:00,4980.0000,391,20,200,
close_window,2026-10-01T13:32:41.000+08:00,2026-10-01T13:32:41.000+08:00,2026-10-01T13:32:42.247+08:00,20261001,13:32:01,40436,otc,1240,茂生農經,20261001,-,-,13:30:00,16,-,-,13:01:42,54.1000,1,20,200,
close_window,2026-10-01T13:32:41.000+08:00,2026-10-01T13:32:41.000+08:00,2026-10-01T13:32:42.247+08:00,20261001,13:32:01,40436,otc,1781,合世,20261001,-,-,13:30:00,30,-,-,13:18:45,9.9900,1,20,200,
close_window,2026-10-01T13:32:41.000+08:00,2026-10-01T13:32:41.000+08:00,2026-10-01T13:32:42.247+08:00,20261001,13:32:01,40436,otc,1813,寶利徠,20261001,-,-,13:30:00,5,-,-,13:02:38,11.3000,2,20,200,
close_window,2026-10-01T13:32:41.000+08:00,2026-10-01T13:32:41.000+08:00,2026-10-01T13:32:42.247+08:00,20261001,13:32:01,40436,tse,1341,富林-KY,20261001,-,-,13:30:00,2,-,-,13:14:14,59.0000,1,20,200,
close_window,2026-10-01T13:32:41.000+08:00,2026-10-01T13:32:41.000+08:00,2026-10-01T13:32:42.247+08:00,20261001,13:32:01,40436,tse,1410,南染,20261001,24.1500,24.1500,13:30:00,39,2,2,13:30:00,24.1500,2,20,200,
close_window,2026-10-01T13:32:41.000+08:00,2026-10-01T13:32:41.000+08:00,2026-10-01T13:32:42.247+08:00,20261001,13:32:01,40436,tse,2317,鴻海,20261001,254.0000,253.5000,13:30:00,26017,3029,3029,13:30:00,254.0000,3029,20,200,
close_window,2026-10-01T13:32:41.000+08:00,2026-10-01T13:32:41.000+08:00,2026-10-01T13:32:42.247+08:00,20261001,13:32:01,40436,tse,2330,台積電,20261001,2510.0000,2510.0000,13:30:00,18496,4219,4219,13:30:00,2510.0000,4219,20,200,
close_window,2026-10-01T13:32:41.000+08:00,2026-10-01T13:32:41.000+08:00,2026-10-01T13:32:42.247+08:00,20261001,13:32:01,40436,tse,2454,聯發科,20261001,4980.0000,4985.0000,13:30:00,3863,391,391,13:30:00,4980.0000,391,20,200,
close_window,2026-10-01T13:32:42.000+08:00,2026-10-01T13:32:42.000+08:00,2026-10-01T13:32:42.541+08:00,20261001,13:32:01,40766,otc,1240,茂生農經,20261001,-,-,13:30:00,16,-,-,13:01:42,54.1000,1,20,200,
close_window,2026-10-01T13:32:42.000+08:00,2026-10-01T13:32:42.000+08:00,2026-10-01T13:32:42.541+08:00,20261001,13:32:01,40766,otc,1781,合世,20261001,-,-,13:30:00,30,-,-,13:18:45,9.9900,1,20,200,
close_window,2026-10-01T13:32:42.000+08:00,2026-10-01T13:32:42.000+08:00,2026-10-01T13:32:42.541+08:00,20261001,13:32:01,40766,otc,1813,寶利徠,20261001,-,-,13:30:00,5,-,-,13:02:38,11.3000,2,20,200,
close_window,2026-10-01T13:32:42.000+08:00,2026-10-01T13:32:42.000+08:00,2026-10-01T13:32:42.541+08:00,20261001,13:32:01,40766,tse,1341,富林-KY,20261001,-,-,13:30:00,2,-,-,13:14:14,59.0000,1,20,200,
close_window,2026-10-01T13:32:42.000+08:00,2026-10-01T13:32:42.000+08:00,2026-10-01T13:32:42.541+08:00,20261001,13:32:01,40766,tse,1410,南染,20261001,24.1500,24.1500,13:30:00,39,2,2,13:30:00,24.1500,2,20,200,
close_window,2026-10-01T13:32:42.000+08:00,2026-10-01T13:32:42.000+08:00,2026-10-01T13:32:42.541+08:00,20261001,13:32:01,40766,tse,2317,鴻海,20261001,254.0000,253.5000,13:30:00,26017,3029,3029,13:30:00,254.0000,3029,20,200,
close_window,2026-10-01T13:32:42.000+08:00,2026-10-01T13:32:42.000+08:00,2026-10-01T13:32:42.541+08:00,20261001,13:32:01,40766,tse,2330,台積電,20261001,2510.0000,2510.0000,13:30:00,18496,4219,4219,13:30:00,2510.0000,4219,20,200,
close_window,2026-10-01T13:32:42.000+08:00,2026-10-01T13:32:42.000+08:00,2026-10-01T13:32:42.541+08:00,20261001,13:32:01,40766,tse,2454,聯發科,20261001,4980.0000,4985.0000,13:30:00,3863,391,391,13:30:00,4980.0000,391,20,200,
close_window,2026-10-01T13:32:43.000+08:00,2026-10-01T13:32:43.000+08:00,2026-10-01T13:32:45.691+08:00,20261001,13:32:01,43119,otc,1240,茂生農經,20261001,-,-,13:30:00,16,-,-,13:01:42,54.1000,1,20,200,
close_window,2026-10-01T13:32:43.000+08:00,2026-10-01T13:32:43.000+08:00,2026-10-01T13:32:45.691+08:00,20261001,13:32:01,43119,otc,1781,合世,20261001,-,-,13:30:00,30,-,-,13:18:45,9.9900,1,20,200,
close_window,2026-10-01T13:32:43.000+08:00,2026-10-01T13:32:43.000+08:00,2026-10-01T13:32:45.691+08:00,20261001,13:32:01,43119,otc,1813,寶利徠,20261001,-,-,13:30:00,5,-,-,13:02:38,11.3000,2,20,200,
close_window,2026-10-01T13:32:43.000+08:00,2026-10-01T13:32:43.000+08:00,2026-10-01T13:32:45.691+08:00,20261001,13:32:01,43119,tse,1341,富林-KY,20261001,-,-,13:30:00,2,-,-,13:14:14,59.0000,1,20,200,
close_window,2026-10-01T13:32:43.000+08:00,2026-10-01T13:32:43.000+08:00,2026-10-01T13:32:45.691+08:00,20261001,13:32:01,43119,tse,1410,南染,20261001,24.1500,24.1500,13:30:00,39,2,2,13:30:00,24.1500,2,20,200,
close_window,2026-10-01T13:32:43.000+08:00,2026-10-01T13:32:43.000+08:00,2026-10-01T13:32:45.691+08:00,20261001,13:32:01,43119,tse,2317,鴻海,20261001,254.0000,253.5000,13:30:00,26017,3029,3029,13:30:00,254.0000,3029,20,200,
close_window,2026-10-01T13:32:43.000+08:00,2026-10-01T13:32:43.000+08:00,2026-10-01T13:32:45.691+08:00,20261001,13:32:01,43119,tse,2330,台積電,20261001,2510.0000,2510.0000,13:30:00,18496,4219,4219,13:30:00,2510.0000,4219,20,200,
close_window,2026-10-01T13:32:43.000+08:00,2026-10-01T13:32:43.000+08:00,2026-10-01T13:32:45.691+08:00,20261001,13:32:01,43119,tse,2454,聯發科,20261001,4980.0000,4985.0000,13:30:00,3863,391,391,13:30:00,4980.0000,391,20,200,
close_window,2026-10-01T13:32:44.000+08:00,2026-10-01T13:32:44.000+08:00,2026-10-01T13:32:46.366+08:00,20261001,13:32:01,44204,otc,1240,茂生農經,20261001,-,-,13:30:00,16,-,-,13:01:42,54.1000,1,20,200,
close_window,2026-10-01T13:32:44.000+08:00,2026-10-01T13:32:44.000+08:00,2026-10-01T13:32:46.366+08:00,20261001,13:32:01,44204,otc,1781,合世,20261001,-,-,13:30:00,30,-,-,13:18:45,9.9900,1,20,200,
close_window,2026-10-01T13:32:44.000+08:00,2026-10-01T13:32:44.000+08:00,2026-10-01T13:32:46.366+08:00,20261001,13:32:01,44204,otc,1813,寶利徠,20261001,-,-,13:30:00,5,-,-,13:02:38,11.3000,2,20,200,
close_window,2026-10-01T13:32:44.000+08:00,2026-10-01T13:32:44.000+08:00,2026-10-01T13:32:46.366+08:00,20261001,13:32:01,44204,tse,1341,富林-KY,20261001,-,-,13:30:00,2,-,-,13:14:14,59.0000,1,20,200,
close_window,2026-10-01T13:32:44.000+08:00,2026-10-01T13:32:44.000+08:00,2026-10-01T13:32:46.366+08:00,20261001,13:32:01,44204,tse,1410,南染,20261001,24.1500,24.1500,13:30:00,39,2,2,13:30:00,24.1500,2,20,200,
close_window,2026-10-01T13:32:44.000+08:00,2026-10-01T13:32:44.000+08:00,2026-10-01T13:32:46.366+08:00,20261001,13:32:01,44204,tse,2317,鴻海,20261001,254.0000,253.5000,13:30:00,26017,3029,3029,13:30:00,254.0000,3029,20,200,
close_window,2026-10-01T13:32:44.000+08:00,2026-10-01T13:32:44.000+08:00,2026-10-01T13:32:46.366+08:00,20261001,13:32:01,44204,tse,2330,台積電,20261001,2510.0000,2510.0000,13:30:00,18496,4219,4219,13:30:00,2510.0000,4219,20,200,
close_window,2026-10-01T13:32:44.000+08:00,2026-10-01T13:32:44.000+08:00,2026-10-01T13:32:46.366+08:00,20261001,13:32:01,44204,tse,2454,聯發科,20261001,4980.0000,4985.0000,13:30:00,3863,391,391,13:30:00,4980.0000,391,20,200,
close_window,2026-10-01T13:32:45.000+08:00,2026-10-01T13:32:45.000+08:00,2026-10-01T13:32:46.430+08:00,20261001,13:32:01,44782,otc,1240,茂生農經,20261001,-,-,13:30:00,16,-,-,13:01:42,54.1000,1,20,200,
close_window,2026-10-01T13:32:45.000+08:00,2026-10-01T13:32:45.000+08:00,2026-10-01T13:32:46.430+08:00,20261001,13:32:01,44782,otc,1781,合世,20261001,-,-,13:30:00,30,-,-,13:18:45,9.9900,1,20,200,
close_window,2026-10-01T13:32:45.000+08:00,2026-10-01T13:32:45.000+08:00,2026-10-01T13:32:46.430+08:00,20261001,13:32:01,44782,otc,1813,寶利徠,20261001,-,-,13:30:00,5,-,-,13:02:38,11.3000,2,20,200,
close_window,2026-10-01T13:32:45.000+08:00,2026-10-01T13:32:45.000+08:00,2026-10-01T13:32:46.430+08:00,20261001,13:32:01,44782,tse,1341,富林-KY,20261001,-,-,13:30:00,2,-,-,13:14:14,59.0000,1,20,200,
close_window,2026-10-01T13:32:45.000+08:00,2026-10-01T13:32:45.000+08:00,2026-10-01T13:32:46.430+08:00,20261001,13:32:01,44782,tse,1410,南染,20261001,24.1500,24.1500,13:30:00,39,2,2,13:30:00,24.1500,2,20,200,
close_window,2026-10-01T13:32:45.000+08:00,2026-10-01T13:32:45.000+08:00,2026-10-01T13:32:46.430+08:00,20261001,13:32:01,44782,tse,2317,鴻海,20261001,254.0000,253.5000,13:30:00,26017,3029,3029,13:30:00,254.0000,3029,20,200,
close_window,2026-10-01T13:32:45.000+08:00,2026-10-01T13:32:45.000+08:00,2026-10-01T13:32:46.430+08:00,20261001,13:32:01,44782,tse,2330,台積電,20261001,2510.0000,2510.0000,13:30:00,18496,4219,4219,13:30:00,2510.0000,4219,20,200,
close_window,2026-10-01T13:32:45.000+08:00,2026-10-01T13:32:45.000+08:00,2026-10-01T13:32:46.430+08:00,20261001,13:32:01,44782,tse,2454,聯發科,20261001,4980.0000,4985.0000,13:30:00,3863,391,391,13:30:00,4980.0000,391,20,200,
close_window,2026-10-01T13:32:46.000+08:00,2026-10-01T13:32:46.000+08:00,2026-10-01T13:32:46.537+08:00,20261001,13:32:01,44890,otc,1240,茂生農經,20261001,-,-,13:30:00,16,-,-,13:01:42,54.1000,1,20,200,
close_window,2026-10-01T13:32:46.000+08:00,2026-10-01T13:32:46.000+08:00,2026-10-01T13:32:46.537+08:00,20261001,13:32:01,44890,otc,1781,合世,20261001,-,-,13:30:00,30,-,-,13:18:45,9.9900,1,20,200,
close_window,2026-10-01T13:32:46.000+08:00,2026-10-01T13:32:46.000+08:00,2026-10-01T13:32:46.537+08:00,20261001,13:32:01,44890,otc,1813,寶利徠,20261001,-,-,13:30:00,5,-,-,13:02:38,11.3000,2,20,200,
close_window,2026-10-01T13:32:46.000+08:00,2026-10-01T13:32:46.000+08:00,2026-10-01T13:32:46.537+08:00,20261001,13:32:01,44890,tse,1341,富林-KY,20261001,-,-,13:30:00,2,-,-,13:14:14,59.0000,1,20,200,
close_window,2026-10-01T13:32:46.000+08:00,2026-10-01T13:32:46.000+08:00,2026-10-01T13:32:46.537+08:00,20261001,13:32:01,44890,tse,1410,南染,20261001,24.1500,24.1500,13:30:00,39,2,2,13:30:00,24.1500,2,20,200,
close_window,2026-10-01T13:32:46.000+08:00,2026-10-01T13:32:46.000+08:00,2026-10-01T13:32:46.537+08:00,20261001,13:32:01,44890,tse,2317,鴻海,20261001,254.0000,253.5000,13:30:00,26017,3029,3029,13:30:00,254.0000,3029,20,200,
close_window,2026-10-01T13:32:46.000+08:00,2026-10-01T13:32:46.000+08:00,2026-10-01T13:32:46.537+08:00,20261001,13:32:01,44890,tse,2330,台積電,20261001,2510.0000,2510.0000,13:30:00,18496,4219,4219,13:30:00,2510.0000,4219,20,200,
close_window,2026-10-01T13:32:46.000+08:00,2026-10-01T13:32:46.000+08:00,2026-10-01T13:32:46.537+08:00,20261001,13:32:01,44890,tse,2454,聯發科,20261001,4980.0000,4985.0000,13:30:00,3863,391,391,13:30:00,4980.0000,391,20,200,
close_window,2026-10-01T13:32:47.000+08:00,2026-10-01T13:32:47.000+08:00,2026-10-01T13:32:47.557+08:00,20261001,13:32:01,45911,otc,1240,茂生農經,20261001,-,-,13:30:00,16,-,-,13:01:42,54.1000,1,20,200,
close_window,2026-10-01T13:32:47.000+08:00,2026-10-01T13:32:47.000+08:00,2026-10-01T13:32:47.557+08:00,20261001,13:32:01,45911,otc,1781,合世,20261001,-,-,13:30:00,30,-,-,13:18:45,9.9900,1,20,200,
close_window,2026-10-01T13:32:47.000+08:00,2026-10-01T13:32:47.000+08:00,2026-10-01T13:32:47.557+08:00,20261001,13:32:01,45911,otc,1813,寶利徠,20261001,-,-,13:30:00,5,-,-,13:02:38,11.3000,2,20,200,
close_window,2026-10-01T13:32:47.000+08:00,2026-10-01T13:32:47.000+08:00,2026-10-01T13:32:47.557+08:00,20261001,13:32:01,45911,tse,1341,富林-KY,20261001,-,-,13:30:00,2,-,-,13:14:14,59.0000,1,20,200,
close_window,2026-10-01T13:32:47.000+08:00,2026-10-01T13:32:47.000+08:00,2026-10-01T13:32:47.557+08:00,20261001,13:32:01,45911,tse,1410,南染,20261001,24.1500,24.1500,13:30:00,39,2,2,13:30:00,24.1500,2,20,200,
close_window,2026-10-01T13:32:47.000+08:00,2026-10-01T13:32:47.000+08:00,2026-10-01T13:32:47.557+08:00,20261001,13:32:01,45911,tse,2317,鴻海,20261001,254.0000,253.5000,13:30:00,26017,3029,3029,13:30:00,254.0000,3029,20,200,
close_window,2026-10-01T13:32:47.000+08:00,2026-10-01T13:32:47.000+08:00,2026-10-01T13:32:47.557+08:00,20261001,13:32:01,45911,tse,2330,台積電,20261001,2510.0000,2510.0000,13:30:00,18496,4219,4219,13:30:00,2510.0000,4219,20,200,
close_window,2026-10-01T13:32:47.000+08:00,2026-10-01T13:32:47.000+08:00,2026-10-01T13:32:47.557+08:00,20261001,13:32:01,45911,tse,2454,聯發科,20261001,4980.0000,4985.0000,13:30:00,3863,391,391,13:30:00,4980.0000,391,20,200,
close_window,2026-10-01T13:32:48.000+08:00,2026-10-01T13:32:48.000+08:00,2026-10-01T13:32:52.120+08:00,20261001,13:32:01,49306,otc,1240,茂生農經,20261001,-,-,13:30:00,16,-,-,13:01:42,54.1000,1,20,200,
close_window,2026-10-01T13:32:48.000+08:00,2026-10-01T13:32:48.000+08:00,2026-10-01T13:32:52.120+08:00,20261001,13:32:01,49306,otc,1781,合世,20261001,-,-,13:30:00,30,-,-,13:18:45,9.9900,1,20,200,
close_window,2026-10-01T13:32:48.000+08:00,2026-10-01T13:32:48.000+08:00,2026-10-01T13:32:52.120+08:00,20261001,13:32:01,49306,otc,1813,寶利徠,20261001,-,-,13:30:00,5,-,-,13:02:38,11.3000,2,20,200,
close_window,2026-10-01T13:32:48.000+08:00,2026-10-01T13:32:48.000+08:00,2026-10-01T13:32:52.120+08:00,20261001,13:32:01,49306,tse,1341,富林-KY,20261001,-,-,13:30:00,2,-,-,13:14:14,59.0000,1,20,200,
close_window,2026-10-01T13:32:48.000+08:00,2026-10-01T13:32:48.000+08:00,2026-10-01T13:32:52.120+08:00,20261001,13:32:01,49306,tse,1410,南染,20261001,24.1500,24.1500,13:30:00,39,2,2,13:30:00,24.1500,2,20,200,
close_window,2026-10-01T13:32:48.000+08:00,2026-10-01T13:32:48.000+08:00,2026-10-01T13:32:52.120+08:00,20261001,13:32:01,49306,tse,2317,鴻海,20261001,254.0000,253.5000,13:30:00,26017,3029,3029,13:30:00,254.0000,3029,20,200,
close_window,2026-10-01T13:32:48.000+08:00,2026-10-01T13:32:48.000+08:00,2026-10-01T13:32:52.120+08:00,20261001,13:32:01,49306,tse,2330,台積電,20261001,2510.0000,2510.0000,13:30:00,18496,4219,4219,13:30:00,2510.0000,4219,20,200,
close_window,2026-10-01T13:32:48.000+08:00,2026-10-01T13:32:48.000+08:00,2026-10-01T13:32:52.120+08:00,20261001,13:32:01,49306,tse,2454,聯發科,20261001,4980.0000,4985.0000,13:30:00,3863,391,391,13:30:00,4980.0000,391,20,200,
close_window,2026-10-01T13:32:49.000+08:00,2026-10-01T13:32:49.000+08:00,2026-10-01T13:32:50.052+08:00,20261001,13:32:01,47775,otc,1240,茂生農經,20261001,-,-,13:30:00,16,-,-,13:01:42,54.1000,1,20,200,
close_window,2026-10-01T13:32:49.000+08:00,2026-10-01T13:32:49.000+08:00,2026-10-01T13:32:50.052+08:00,20261001,13:32:01,47775,otc,1781,合世,20261001,-,-,13:30:00,30,-,-,13:18:45,9.9900,1,20,200,
close_window,2026-10-01T13:32:49.000+08:00,2026-10-01T13:32:49.000+08:00,2026-10-01T13:32:50.052+08:00,20261001,13:32:01,47775,otc,1813,寶利徠,20261001,-,-,13:30:00,5,-,-,13:02:38,11.3000,2,20,200,
close_window,2026-10-01T13:32:49.000+08:00,2026-10-01T13:32:49.000+08:00,2026-10-01T13:32:50.052+08:00,20261001,13:32:01,47775,tse,1341,富林-KY,20261001,-,-,13:30:00,2,-,-,13:14:14,59.0000,1,20,200,
close_window,2026-10-01T13:32:49.000+08:00,2026-10-01T13:32:49.000+08:00,2026-10-01T13:32:50.052+08:00,20261001,13:32:01,47775,tse,1410,南染,20261001,24.1500,24.1500,13:30:00,39,2,2,13:30:00,24.1500,2,20,200,
close_window,2026-10-01T13:32:49.000+08:00,2026-10-01T13:32:49.000+08:00,2026-10-01T13:32:50.052+08:00,20261001,13:32:01,47775,tse,2317,鴻海,20261001,254.0000,253.5000,13:30:00,26017,3029,3029,13:30:00,254.0000,3029,20,200,
close_window,2026-10-01T13:32:49.000+08:00,2026-10-01T13:32:49.000+08:00,2026-10-01T13:32:50.052+08:00,20261001,13:32:01,47775,tse,2330,台積電,20261001,2510.0000,2510.0000,13:30:00,18496,4219,4219,13:30:00,2510.0000,4219,20,200,
close_window,2026-10-01T13:32:49.000+08:00,2026-10-01T13:32:49.000+08:00,2026-10-01T13:32:50.052+08:00,20261001,13:32:01,47775,tse,2454,聯發科,20261001,4980.0000,4985.0000,13:30:00,3863,391,391,13:30:00,4980.0000,391,20,200,
close_window,2026-10-01T13:32:50.000+08:00,2026-10-01T13:32:50.000+08:00,2026-10-01T13:32:54.466+08:00,20261001,13:32:01,52523,otc,1240,茂生農經,20261001,-,-,13:30:00,16,-,-,13:01:42,54.1000,1,20,200,
close_window,2026-10-01T13:32:50.000+08:00,2026-10-01T13:32:50.000+08:00,2026-10-01T13:32:54.466+08:00,20261001,13:32:01,52523,otc,1781,合世,20261001,-,-,13:30:00,30,-,-,13:18:45,9.9900,1,20,200,
close_window,2026-10-01T13:32:50.000+08:00,2026-10-01T13:32:50.000+08:00,2026-10-01T13:32:54.466+08:00,20261001,13:32:01,52523,otc,1813,寶利徠,20261001,-,-,13:30:00,5,-,-,13:02:38,11.3000,2,20,200,
close_window,2026-10-01T13:32:50.000+08:00,2026-10-01T13:32:50.000+08:00,2026-10-01T13:32:54.466+08:00,20261001,13:32:01,52523,tse,1341,富林-KY,20261001,-,-,13:30:00,2,-,-,13:14:14,59.0000,1,20,200,
close_window,2026-10-01T13:32:50.000+08:00,2026-10-01T13:32:50.000+08:00,2026-10-01T13:32:54.466+08:00,20261001,13:32:01,52523,tse,1410,南染,20261001,24.1500,24.1500,13:30:00,39,2,2,13:30:00,24.1500,2,20,200,
close_window,2026-10-01T13:32:50.000+08:00,2026-10-01T13:32:50.000+08:00,2026-10-01T13:32:54.466+08:00,20261001,13:32:01,52523,tse,2317,鴻海,20261001,254.0000,253.5000,13:30:00,26017,3029,3029,13:30:00,254.0000,3029,20,200,
close_window,2026-10-01T13:32:50.000+08:00,2026-10-01T13:32:50.000+08:00,2026-10-01T13:32:54.466+08:00,20261001,13:32:01,52523,tse,2330,台積電,20261001,2510.0000,2510.0000,13:30:00,18496,4219,4219,13:30:00,2510.0000,4219,20,200,
close_window,2026-10-01T13:32:50.000+08:00,2026-10-01T13:32:50.000+08:00,2026-10-01T13:32:54.466+08:00,20261001,13:32:01,52523,tse,2454,聯發科,20261001,4980.0000,4985.0000,13:30:00,3863,391,391,13:30:00,4980.0000,391,20,200,
close_window,2026-10-01T13:32:51.000+08:00,2026-10-01T13:32:51.000+08:00,2026-10-01T13:32:51.714+08:00,20261001,13:32:01,49941,otc,1240,茂生農經,20261001,-,-,13:30:00,16,-,-,13:01:42,54.1000,1,20,200,
close_window,2026-10-01T13:32:51.000+08:00,2026-10-01T13:32:51.000+08:00,2026-10-01T13:32:51.714+08:00,20261001,13:32:01,49941,otc,1781,合世,20261001,-,-,13:30:00,30,-,-,13:18:45,9.9900,1,20,200,
close_window,2026-10-01T13:32:51.000+08:00,2026-10-01T13:32:51.000+08:00,2026-10-01T13:32:51.714+08:00,20261001,13:32:01,49941,otc,1813,寶利徠,20261001,-,-,13:30:00,5,-,-,13:02:38,11.3000,2,20,200,
close_window,2026-10-01T13:32:51.000+08:00,2026-10-01T13:32:51.000+08:00,2026-10-01T13:32:51.714+08:00,20261001,13:32:01,49941,tse,1341,富林-KY,20261001,-,-,13:30:00,2,-,-,13:14:14,59.0000,1,20,200,
close_window,2026-10-01T13:32:51.000+08:00,2026-10-01T13:32:51.000+08:00,2026-10-01T13:32:51.714+08:00,20261001,13:32:01,49941,tse,1410,南染,20261001,24.1500,24.1500,13:30:00,39,2,2,13:30:00,24.1500,2,20,200,
close_window,2026-10-01T13:32:51.000+08:00,2026-10-01T13:32:51.000+08:00,2026-10-01T13:32:51.714+08:00,20261001,13:32:01,49941,tse,2317,鴻海,20261001,254.0000,253.5000,13:30:00,26017,3029,3029,13:30:00,254.0000,3029,20,200,
close_window,2026-10-01T13:32:51.000+08:00,2026-10-01T13:32:51.000+08:00,2026-10-01T13:32:51.714+08:00,20261001,13:32:01,49941,tse,2330,台積電,20261001,2510.0000,2510.0000,13:30:00,18496,4219,4219,13:30:00,2510.0000,4219,20,200,
close_window,2026-10-01T13:32:51.000+08:00,2026-10-01T13:32:51.000+08:00,2026-10-01T13:32:51.714+08:00,20261001,13:32:01,49941,tse,2454,聯發科,20261001,4980.0000,4985.0000,13:30:00,3863,391,391,13:30:00,4980.0000,391,20,200,
close_window,2026-10-01T13:32:52.000+08:00,2026-10-01T13:32:52.000+08:00,2026-10-01T13:32:53.597+08:00,20261001,13:32:01,51021,otc,1240,茂生農經,20261001,-,-,13:30:00,16,-,-,13:01:42,54.1000,1,20,200,
close_window,2026-10-01T13:32:52.000+08:00,2026-10-01T13:32:52.000+08:00,2026-10-01T13:32:53.597+08:00,20261001,13:32:01,51021,otc,1781,合世,20261001,-,-,13:30:00,30,-,-,13:18:45,9.9900,1,20,200,
close_window,2026-10-01T13:32:52.000+08:00,2026-10-01T13:32:52.000+08:00,2026-10-01T13:32:53.597+08:00,20261001,13:32:01,51021,otc,1813,寶利徠,20261001,-,-,13:30:00,5,-,-,13:02:38,11.3000,2,20,200,
close_window,2026-10-01T13:32:52.000+08:00,2026-10-01T13:32:52.000+08:00,2026-10-01T13:32:53.597+08:00,20261001,13:32:01,51021,tse,1341,富林-KY,20261001,-,-,13:30:00,2,-,-,13:14:14,59.0000,1,20,200,
close_window,2026-10-01T13:32:52.000+08:00,2026-10-01T13:32:52.000+08:00,2026-10-01T13:32:53.597+08:00,20261001,13:32:01,51021,tse,1410,南染,20261001,24.1500,24.1500,13:30:00,39,2,2,13:30:00,24.1500,2,20,200,
close_window,2026-10-01T13:32:52.000+08:00,2026-10-01T13:32:52.000+08:00,2026-10-01T13:32:53.597+08:00,20261001,13:32:01,51021,tse,2317,鴻海,20261001,254.0000,253.5000,13:30:00,26017,3029,3029,13:30:00,254.0000,3029,20,200,
close_window,2026-10-01T13:32:52.000+08:00,2026-10-01T13:32:52.000+08:00,2026-10-01T13:32:53.597+08:00,20261001,13:32:01,51021,tse,2330,台積電,20261001,2510.0000,2510.0000,13:30:00,18496,4219,4219,13:30:00,2510.0000,4219,20,200,
close_window,2026-10-01T13:32:52.000+08:00,2026-10-01T13:32:52.000+08:00,2026-10-01T13:32:53.597+08:00,20261001,13:32:01,51021,tse,2454,聯發科,20261001,4980.0000,4985.0000,13:30:00,3863,391,391,13:30:00,4980.0000,391,20,200,
close_window,2026-10-01T13:32:53.000+08:00,2026-10-01T13:32:53.000+08:00,2026-10-01T13:32:54.792+08:00,20261001,13:32:01,51762,otc,1240,茂生農經,20261001,-,-,13:30:00,16,-,-,13:01:42,54.1000,1,20,200,
close_window,2026-10-01T13:32:53.000+08:00,2026-10-01T13:32:53.000+08:00,2026-10-01T13:32:54.792+08:00,20261001,13:32:01,51762,otc,1781,合世,20261001,-,-,13:30:00,30,-,-,13:18:45,9.9900,1,20,200,
close_window,2026-10-01T13:32:53.000+08:00,2026-10-01T13:32:53.000+08:00,2026-10-01T13:32:54.792+08:00,20261001,13:32:01,51762,otc,1813,寶利徠,20261001,-,-,13:30:00,5,-,-,13:02:38,11.3000,2,20,200,
close_window,2026-10-01T13:32:53.000+08:00,2026-10-01T13:32:53.000+08:00,2026-10-01T13:32:54.792+08:00,20261001,13:32:01,51762,tse,1341,富林-KY,20261001,-,-,13:30:00,2,-,-,13:14:14,59.0000,1,20,200,
close_window,2026-10-01T13:32:53.000+08:00,2026-10-01T13:32:53.000+08:00,2026-10-01T13:32:54.792+08:00,20261001,13:32:01,51762,tse,1410,南染,20261001,24.1500,24.1500,13:30:00,39,2,2,13:30:00,24.1500,2,20,200,
close_window,2026-10-01T13:32:53.000+08:00,2026-10-01T13:32:53.000+08:00,2026-10-01T13:32:54.792+08:00,20261001,13:32:01,51762,tse,2317,鴻海,20261001,254.0000,253.5000,13:30:00,26017,3029,3029,13:30:00,254.0000,3029,20,200,
close_window,2026-10-01T13:32:53.000+08:00,2026-10-01T13:32:53.000+08:00,2026-10-01T13:32:54.792+08:00,20261001,13:32:01,51762,tse,2330,台積電,20261001,2510.0000,2510.0000,13:30:00,18496,4219,4219,13:30:00,2510.0000,4219,20,200,
close_window,2026-10-01T13:32:53.000+08:00,2026-10-01T13:32:53.000+08:00,2026-10-01T13:32:54.792+08:00,20261001,13:32:01,51762,tse,2454,聯發科,20261001,4980.0000,4985.0000,13:30:00,3863,391,391,13:30:00,4980.0000,391,20,200,
close_window,2026-10-01T13:32:54.000+08:00,2026-10-01T13:32:54.000+08:00,2026-10-01T13:32:55.867+08:00,20261001,13:32:01,53965,otc,1240,茂生農經,20261001,-,-,13:30:00,16,-,-,13:01:42,54.1000,1,20,200,
close_window,2026-10-01T13:32:54.000+08:00,2026-10-01T13:32:54.000+08:00,2026-10-01T13:32:55.867+08:00,20261001,13:32:01,53965,otc,1781,合世,20261001,-,-,13:30:00,30,-,-,13:18:45,9.9900,1,20,200,
close_window,2026-10-01T13:32:54.000+08:00,2026-10-01T13:32:54.000+08:00,2026-10-01T13:32:55.867+08:00,20261001,13:32:01,53965,otc,1813,寶利徠,20261001,-,-,13:30:00,5,-,-,13:02:38,11.3000,2,20,200,
close_window,2026-10-01T13:32:54.000+08:00,2026-10-01T13:32:54.000+08:00,2026-10-01T13:32:55.867+08:00,20261001,13:32:01,53965,tse,1341,富林-KY,20261001,-,-,13:30:00,2,-,-,13:14:14,59.0000,1,20,200,
close_window,2026-10-01T13:32:54.000+08:00,2026-10-01T13:32:54.000+08:00,2026-10-01T13:32:55.867+08:00,20261001,13:32:01,53965,tse,1410,南染,20261001,24.1500,24.1500,13:30:00,39,2,2,13:30:00,24.1500,2,20,200,
close_window,2026-10-01T13:32:54.000+08:00,2026-10-01T13:32:54.000+08:00,2026-10-01T13:32:55.867+08:00,20261001,13:32:01,53965,tse,2317,鴻海,20261001,254.0000,253.5000,13:30:00,26017,3029,3029,13:30:00,254.0000,3029,20,200,
close_window,2026-10-01T13:32:54.000+08:00,2026-10-01T13:32:54.000+08:00,2026-10-01T13:32:55.867+08:00,20261001,13:32:01,53965,tse,2330,台積電,20261001,2510.0000,2510.0000,13:30:00,18496,4219,4219,13:30:00,2510.0000,4219,20,200,
close_window,2026-10-01T13:32:54.000+08:00,2026-10-01T13:32:54.000+08:00,2026-10-01T13:32:55.867+08:00,20261001,13:32:01,53965,tse,2454,聯發科,20261001,4980.0000,4985.0000,13:30:00,3863,391,391,13:30:00,4980.0000,391,20,200,
close_window,2026-10-01T13:32:55.000+08:00,2026-10-01T13:32:55.000+08:00,2026-10-01T13:32:56.196+08:00,20261001,13:32:01,54421,otc,1240,茂生農經,20261001,-,-,13:30:00,16,-,-,13:01:42,54.1000,1,20,200,
close_window,2026-10-01T13:32:55.000+08:00,2026-10-01T13:32:55.000+08:00,2026-10-01T13:32:56.196+08:00,20261001,13:32:01,54421,otc,1781,合世,20261001,-,-,13:30:00,30,-,-,13:18:45,9.9900,1,20,200,
close_window,2026-10-01T13:32:55.000+08:00,2026-10-01T13:32:55.000+08:00,2026-10-01T13:32:56.196+08:00,20261001,13:32:01,54421,otc,1813,寶利徠,20261001,-,-,13:30:00,5,-,-,13:02:38,11.3000,2,20,200,
close_window,2026-10-01T13:32:55.000+08:00,2026-10-01T13:32:55.000+08:00,2026-10-01T13:32:56.196+08:00,20261001,13:32:01,54421,tse,1341,富林-KY,20261001,-,-,13:30:00,2,-,-,13:14:14,59.0000,1,20,200,
close_window,2026-10-01T13:32:55.000+08:00,2026-10-01T13:32:55.000+08:00,2026-10-01T13:32:56.196+08:00,20261001,13:32:01,54421,tse,1410,南染,20261001,24.1500,24.1500,13:30:00,39,2,2,13:30:00,24.1500,2,20,200,
close_window,2026-10-01T13:32:55.000+08:00,2026-10-01T13:32:55.000+08:00,2026-10-01T13:32:56.196+08:00,20261001,13:32:01,54421,tse,2317,鴻海,20261001,254.0000,253.5000,13:30:00,26017,3029,3029,13:30:00,254.0000,3029,20,200,
close_window,2026-10-01T13:32:55.000+08:00,2026-10-01T13:32:55.000+08:00,2026-10-01T13:32:56.196+08:00,20261001,13:32:01,54421,tse,2330,台積電,20261001,2510.0000,2510.0000,13:30:00,18496,4219,4219,13:30:00,2510.0000,4219,20,200,
close_window,2026-10-01T13:32:55.000+08:00,2026-10-01T13:32:55.000+08:00,2026-10-01T13:32:56.196+08:00,20261001,13:32:01,54421,tse,2454,聯發科,20261001,4980.0000,4985.0000,13:30:00,3863,391,391,13:30:00,4980.0000,391,20,200,
close_window,2026-10-01T13:32:56.000+08:00,2026-10-01T13:32:56.000+08:00,2026-10-01T13:32:56.698+08:00,20261001,13:32:01,54922,otc,1240,茂生農經,20261001,-,-,13:30:00,16,-,-,13:01:42,54.1000,1,20,200,
close_window,2026-10-01T13:32:56.000+08:00,2026-10-01T13:32:56.000+08:00,2026-10-01T13:32:56.698+08:00,20261001,13:32:01,54922,otc,1781,合世,20261001,-,-,13:30:00,30,-,-,13:18:45,9.9900,1,20,200,
close_window,2026-10-01T13:32:56.000+08:00,2026-10-01T13:32:56.000+08:00,2026-10-01T13:32:56.698+08:00,20261001,13:32:01,54922,otc,1813,寶利徠,20261001,-,-,13:30:00,5,-,-,13:02:38,11.3000,2,20,200,
close_window,2026-10-01T13:32:56.000+08:00,2026-10-01T13:32:56.000+08:00,2026-10-01T13:32:56.698+08:00,20261001,13:32:01,54922,tse,1341,富林-KY,20261001,-,-,13:30:00,2,-,-,13:14:14,59.0000,1,20,200,
close_window,2026-10-01T13:32:56.000+08:00,2026-10-01T13:32:56.000+08:00,2026-10-01T13:32:56.698+08:00,20261001,13:32:01,54922,tse,1410,南染,20261001,24.1500,24.1500,13:30:00,39,2,2,13:30:00,24.1500,2,20,200,
close_window,2026-10-01T13:32:56.000+08:00,2026-10-01T13:32:56.000+08:00,2026-10-01T13:32:56.698+08:00,20261001,13:32:01,54922,tse,2317,鴻海,20261001,254.0000,253.5000,13:30:00,26017,3029,3029,13:30:00,254.0000,3029,20,200,
close_window,2026-10-01T13:32:56.000+08:00,2026-10-01T13:32:56.000+08:00,2026-10-01T13:32:56.698+08:00,20261001,13:32:01,54922,tse,2330,台積電,20261001,2510.0000,2510.0000,13:30:00,18496,4219,4219,13:30:00,2510.0000,4219,20,200,
close_window,2026-10-01T13:32:56.000+08:00,2026-10-01T13:32:56.000+08:00,2026-10-01T13:32:56.698+08:00,20261001,13:32:01,54922,tse,2454,聯發科,20261001,4980.0000,4985.0000,13:30:00,3863,391,391,13:30:00,4980.0000,391,20,200,
close_window,2026-10-01T13:32:57.000+08:00,2026-10-01T13:32:57.000+08:00,2026-10-01T13:32:58.340+08:00,20261001,13:32:01,56566,otc,1240,茂生農經,20261001,-,-,13:30:00,16,-,-,13:01:42,54.1000,1,20,200,
close_window,2026-10-01T13:32:57.000+08:00,2026-10-01T13:32:57.000+08:00,2026-10-01T13:32:58.340+08:00,20261001,13:32:01,56566,otc,1781,合世,20261001,-,-,13:30:00,30,-,-,13:18:45,9.9900,1,20,200,
close_window,2026-10-01T13:32:57.000+08:00,2026-10-01T13:32:57.000+08:00,2026-10-01T13:32:58.340+08:00,20261001,13:32:01,56566,otc,1813,寶利徠,20261001,-,-,13:30:00,5,-,-,13:02:38,11.3000,2,20,200,
close_window,2026-10-01T13:32:57.000+08:00,2026-10-01T13:32:57.000+08:00,2026-10-01T13:32:58.340+08:00,20261001,13:32:01,56566,tse,1341,富林-KY,20261001,-,-,13:30:00,2,-,-,13:14:14,59.0000,1,20,200,
close_window,2026-10-01T13:32:57.000+08:00,2026-10-01T13:32:57.000+08:00,2026-10-01T13:32:58.340+08:00,20261001,13:32:01,56566,tse,1410,南染,20261001,24.1500,24.1500,13:30:00,39,2,2,13:30:00,24.1500,2,20,200,
close_window,2026-10-01T13:32:57.000+08:00,2026-10-01T13:32:57.000+08:00,2026-10-01T13:32:58.340+08:00,20261001,13:32:01,56566,tse,2317,鴻海,20261001,254.0000,253.5000,13:30:00,26017,3029,3029,13:30:00,254.0000,3029,20,200,
close_window,2026-10-01T13:32:57.000+08:00,2026-10-01T13:32:57.000+08:00,2026-10-01T13:32:58.340+08:00,20261001,13:32:01,56566,tse,2330,台積電,20261001,2510.0000,2510.0000,13:30:00,18496,4219,4219,13:30:00,2510.0000,4219,20,200,
close_window,2026-10-01T13:32:57.000+08:00,2026-10-01T13:32:57.000+08:00,2026-10-01T13:32:58.340+08:00,20261001,13:32:01,56566,tse,2454,聯發科,20261001,4980.0000,4985.0000,13:30:00,3863,391,391,13:30:00,4980.0000,391,20,200,
close_window,2026-10-01T13:32:58.000+08:00,2026-10-01T13:32:58.000+08:00,2026-10-01T13:32:59.936+08:00,20261001,13:32:01,58288,otc,1240,茂生農經,20261001,-,-,13:30:00,16,-,-,13:01:42,54.1000,1,20,200,
close_window,2026-10-01T13:32:58.000+08:00,2026-10-01T13:32:58.000+08:00,2026-10-01T13:32:59.936+08:00,20261001,13:32:01,58288,otc,1781,合世,20261001,-,-,13:30:00,30,-,-,13:18:45,9.9900,1,20,200,
close_window,2026-10-01T13:32:58.000+08:00,2026-10-01T13:32:58.000+08:00,2026-10-01T13:32:59.936+08:00,20261001,13:32:01,58288,otc,1813,寶利徠,20261001,-,-,13:30:00,5,-,-,13:02:38,11.3000,2,20,200,
close_window,2026-10-01T13:32:58.000+08:00,2026-10-01T13:32:58.000+08:00,2026-10-01T13:32:59.936+08:00,20261001,13:32:01,58288,tse,1341,富林-KY,20261001,-,-,13:30:00,2,-,-,13:14:14,59.0000,1,20,200,
close_window,2026-10-01T13:32:58.000+08:00,2026-10-01T13:32:58.000+08:00,2026-10-01T13:32:59.936+08:00,20261001,13:32:01,58288,tse,1410,南染,20261001,24.1500,24.1500,13:30:00,39,2,2,13:30:00,24.1500,2,20,200,
close_window,2026-10-01T13:32:58.000+08:00,2026-10-01T13:32:58.000+08:00,2026-10-01T13:32:59.936+08:00,20261001,13:32:01,58288,tse,2317,鴻海,20261001,254.0000,253.5000,13:30:00,26017,3029,3029,13:30:00,254.0000,3029,20,200,
close_window,2026-10-01T13:32:58.000+08:00,2026-10-01T13:32:58.000+08:00,2026-10-01T13:32:59.936+08:00,20261001,13:32:01,58288,tse,2330,台積電,20261001,2510.0000,2510.0000,13:30:00,18496,4219,4219,13:30:00,2510.0000,4219,20,200,
close_window,2026-10-01T13:32:58.000+08:00,2026-10-01T13:32:58.000+08:00,2026-10-01T13:32:59.936+08:00,20261001,13:32:01,58288,tse,2454,聯發科,20261001,4980.0000,4985.0000,13:30:00,3863,391,391,13:30:00,4980.0000,391,20,200,
close_window,2026-10-01T13:32:59.000+08:00,2026-10-01T13:32:59.000+08:00,2026-10-01T13:33:00.057+08:00,20261001,13:32:01,57765,otc,1240,茂生農經,20261001,-,-,13:30:00,16,-,-,13:01:42,54.1000,1,20,200,
close_window,2026-10-01T13:32:59.000+08:00,2026-10-01T13:32:59.000+08:00,2026-10-01T13:33:00.057+08:00,20261001,13:32:01,57765,otc,1781,合世,20261001,-,-,13:30:00,30,-,-,13:18:45,9.9900,1,20,200,
close_window,2026-10-01T13:32:59.000+08:00,2026-10-01T13:32:59.000+08:00,2026-10-01T13:33:00.057+08:00,20261001,13:32:01,57765,otc,1813,寶利徠,20261001,-,-,13:30:00,5,-,-,13:02:38,11.3000,2,20,200,
close_window,2026-10-01T13:32:59.000+08:00,2026-10-01T13:32:59.000+08:00,2026-10-01T13:33:00.057+08:00,20261001,13:32:01,57765,tse,1341,富林-KY,20261001,-,-,13:30:00,2,-,-,13:14:14,59.0000,1,20,200,
close_window,2026-10-01T13:32:59.000+08:00,2026-10-01T13:32:59.000+08:00,2026-10-01T13:33:00.057+08:00,20261001,13:32:01,57765,tse,1410,南染,20261001,24.1500,24.1500,13:30:00,39,2,2,13:30:00,24.1500,2,20,200,
close_window,2026-10-01T13:32:59.000+08:00,2026-10-01T13:32:59.000+08:00,2026-10-01T13:33:00.057+08:00,20261001,13:32:01,57765,tse,2317,鴻海,20261001,254.0000,253.5000,13:30:00,26017,3029,3029,13:30:00,254.0000,3029,20,200,
close_window,2026-10-01T13:32:59.000+08:00,2026-10-01T13:32:59.000+08:00,2026-10-01T13:33:00.057+08:00,20261001,13:32:01,57765,tse,2330,台積電,20261001,2510.0000,2510.0000,13:30:00,18496,4219,4219,13:30:00,2510.0000,4219,20,200,
close_window,2026-10-01T13:32:59.000+08:00,2026-10-01T13:32:59.000+08:00,2026-10-01T13:33:00.057+08:00,20261001,13:32:01,57765,tse,2454,聯發科,20261001,4980.0000,4985.0000,13:30:00,3863,391,391,13:30:00,4980.0000,391,20,200,
close_window,2026-10-01T13:33:00.000+08:00,2026-10-01T13:33:00.000+08:00,2026-10-01T13:33:01.039+08:00,20261001,13:32:01,58762,otc,1240,茂生農經,20261001,-,-,13:30:00,16,-,-,13:01:42,54.1000,1,20,200,
close_window,2026-10-01T13:33:00.000+08:00,2026-10-01T13:33:00.000+08:00,2026-10-01T13:33:01.039+08:00,20261001,13:32:01,58762,otc,1781,合世,20261001,-,-,13:30:00,30,-,-,13:18:45,9.9900,1,20,200,
close_window,2026-10-01T13:33:00.000+08:00,2026-10-01T13:33:00.000+08:00,2026-10-01T13:33:01.039+08:00,20261001,13:32:01,58762,otc,1813,寶利徠,20261001,-,-,13:30:00,5,-,-,13:02:38,11.3000,2,20,200,
close_window,2026-10-01T13:33:00.000+08:00,2026-10-01T13:33:00.000+08:00,2026-10-01T13:33:01.039+08:00,20261001,13:32:01,58762,tse,1341,富林-KY,20261001,-,-,13:30:00,2,-,-,13:14:14,59.0000,1,20,200,
close_window,2026-10-01T13:33:00.000+08:00,2026-10-01T13:33:00.000+08:00,2026-10-01T13:33:01.039+08:00,20261001,13:32:01,58762,tse,1410,南染,20261001,24.1500,24.1500,13:30:00,39,2,2,13:30:00,24.1500,2,20,200,
close_window,2026-10-01T13:33:00.000+08:00,2026-10-01T13:33:00.000+08:00,2026-10-01T13:33:01.039+08:00,20261001,13:32:01,58762,tse,2317,鴻海,20261001,254.0000,253.5000,13:30:00,26017,3029,3029,13:30:00,254.0000,3029,20,200,
close_window,2026-10-01T13:33:00.000+08:00,2026-10-01T13:33:00.000+08:00,2026-10-01T13:33:01.039+08:00,20261001,13:32:01,58762,tse,2330,台積電,20261001,2510.0000,2510.0000,13:30:00,18496,4219,4219,13:30:00,2510.0000,4219,20,200,
close_window,2026-10-01T13:33:00.000+08:00,2026-10-01T13:33:00.000+08:00,2026-10-01T13:33:01.039+08:00,20261001,13:32:01,58762,tse,2454,聯發科,20261001,4980.0000,4985.0000,13:30:00,3863,391,391,13:30:00,4980.0000,391,20,200,
close_window,2026-10-01T13:33:01.000+08:00,2026-10-01T13:33:01.000+08:00,2026-10-01T13:33:02.609+08:00,20261001,13:32:01,60424,otc,1240,茂生農經,20261001,-,-,13:30:00,16,-,-,13:01:42,54.1000,1,20,200,
close_window,2026-10-01T13:33:01.000+08:00,2026-10-01T13:33:01.000+08:00,2026-10-01T13:33:02.609+08:00,20261001,13:32:01,60424,otc,1781,合世,20261001,-,-,13:30:00,30,-,-,13:18:45,9.9900,1,20,200,
close_window,2026-10-01T13:33:01.000+08:00,2026-10-01T13:33:01.000+08:00,2026-10-01T13:33:02.609+08:00,20261001,13:32:01,60424,otc,1813,寶利徠,20261001,-,-,13:30:00,5,-,-,13:02:38,11.3000,2,20,200,
close_window,2026-10-01T13:33:01.000+08:00,2026-10-01T13:33:01.000+08:00,2026-10-01T13:33:02.609+08:00,20261001,13:32:01,60424,tse,1341,富林-KY,20261001,-,-,13:30:00,2,-,-,13:14:14,59.0000,1,20,200,
close_window,2026-10-01T13:33:01.000+08:00,2026-10-01T13:33:01.000+08:00,2026-10-01T13:33:02.609+08:00,20261001,13:32:01,60424,tse,1410,南染,20261001,24.1500,24.1500,13:30:00,39,2,2,13:30:00,24.1500,2,20,200,
close_window,2026-10-01T13:33:01.000+08:00,2026-10-01T13:33:01.000+08:00,2026-10-01T13:33:02.609+08:00,20261001,13:32:01,60424,tse,2317,鴻海,20261001,254.0000,253.5000,13:30:00,26017,3029,3029,13:30:00,254.0000,3029,20,200,
close_window,2026-10-01T13:33:01.000+08:00,2026-10-01T13:33:01.000+08:00,2026-10-01T13:33:02.609+08:00,20261001,13:32:01,60424,tse,2330,台積電,20261001,2510.0000,2510.0000,13:30:00,18496,4219,4219,13:30:00,2510.0000,4219,20,200,
close_window,2026-10-01T13:33:01.000+08:00,2026-10-01T13:33:01.000+08:00,2026-10-01T13:33:02.609+08:00,20261001,13:32:01,60424,tse,2454,聯發科,20261001,4980.0000,4985.0000,13:30:00,3863,391,391,13:30:00,4980.0000,391,20,200,
close_window,2026-10-01T13:33:02.000+08:00,2026-10-01T13:33:02.000+08:00,2026-10-01T13:33:03.713+08:00,20261001,13:32:01,60765,otc,1240,茂生農經,20261001,-,-,13:30:00,16,-,-,13:01:42,54.1000,1,20,200,
close_window,2026-10-01T13:33:02.000+08:00,2026-10-01T13:33:02.000+08:00,2026-10-01T13:33:03.713+08:00,20261001,13:32:01,60765,otc,1781,合世,20261001,-,-,13:30:00,30,-,-,13:18:45,9.9900,1,20,200,
close_window,2026-10-01T13:33:02.000+08:00,2026-10-01T13:33:02.000+08:00,2026-10-01T13:33:03.713+08:00,20261001,13:32:01,60765,otc,1813,寶利徠,20261001,-,-,13:30:00,5,-,-,13:02:38,11.3000,2,20,200,
close_window,2026-10-01T13:33:02.000+08:00,2026-10-01T13:33:02.000+08:00,2026-10-01T13:33:03.713+08:00,20261001,13:32:01,60765,tse,1341,富林-KY,20261001,-,-,13:30:00,2,-,-,13:14:14,59.0000,1,20,200,
close_window,2026-10-01T13:33:02.000+08:00,2026-10-01T13:33:02.000+08:00,2026-10-01T13:33:03.713+08:00,20261001,13:32:01,60765,tse,1410,南染,20261001,24.1500,24.1500,13:30:00,39,2,2,13:30:00,24.1500,2,20,200,
close_window,2026-10-01T13:33:02.000+08:00,2026-10-01T13:33:02.000+08:00,2026-10-01T13:33:03.713+08:00,20261001,13:32:01,60765,tse,2317,鴻海,20261001,254.0000,253.5000,13:30:00,26017,3029,3029,13:30:00,254.0000,3029,20,200,
close_window,2026-10-01T13:33:02.000+08:00,2026-10-01T13:33:02.000+08:00,2026-10-01T13:33:03.713+08:00,20261001,13:32:01,60765,tse,2330,台積電,20261001,2510.0000,2510.0000,13:30:00,18496,4219,4219,13:30:00,2510.0000,4219,20,200,
close_window,2026-10-01T13:33:02.000+08:00,2026-10-01T13:33:02.000+08:00,2026-10-01T13:33:03.713+08:00,20261001,13:32:01,60765,tse,2454,聯發科,20261001,4980.0000,4985.0000,13:30:00,3863,391,391,13:30:00,4980.0000,391,20,200,
close_window,2026-10-01T13:33:03.000+08:00,2026-10-01T13:33:03.000+08:00,2026-10-01T13:33:09.217+08:00,20261001,13:32:01,67571,otc,1240,茂生農經,20261001,-,-,13:30:00,16,-,-,13:01:42,54.1000,1,20,200,
close_window,2026-10-01T13:33:03.000+08:00,2026-10-01T13:33:03.000+08:00,2026-10-01T13:33:09.217+08:00,20261001,13:32:01,67571,otc,1781,合世,20261001,-,-,13:30:00,30,-,-,13:18:45,9.9900,1,20,200,
close_window,2026-10-01T13:33:03.000+08:00,2026-10-01T13:33:03.000+08:00,2026-10-01T13:33:09.217+08:00,20261001,13:32:01,67571,otc,1813,寶利徠,20261001,-,-,13:30:00,5,-,-,13:02:38,11.3000,2,20,200,
close_window,2026-10-01T13:33:03.000+08:00,2026-10-01T13:33:03.000+08:00,2026-10-01T13:33:09.217+08:00,20261001,13:32:01,67571,tse,1341,富林-KY,20261001,-,-,13:30:00,2,-,-,13:14:14,59.0000,1,20,200,
close_window,2026-10-01T13:33:03.000+08:00,2026-10-01T13:33:03.000+08:00,2026-10-01T13:33:09.217+08:00,20261001,13:32:01,67571,tse,1410,南染,20261001,24.1500,24.1500,13:30:00,39,2,2,13:30:00,24.1500,2,20,200,
close_window,2026-10-01T13:33:03.000+08:00,2026-10-01T13:33:03.000+08:00,2026-10-01T13:33:09.217+08:00,20261001,13:32:01,67571,tse,2317,鴻海,20261001,254.0000,253.5000,13:30:00,26017,3029,3029,13:30:00,254.0000,3029,20,200,
close_window,2026-10-01T13:33:03.000+08:00,2026-10-01T13:33:03.000+08:00,2026-10-01T13:33:09.217+08:00,20261001,13:32:01,67571,tse,2330,台積電,20261001,2510.0000,2510.0000,13:30:00,18496,4219,4219,13:30:00,2510.0000,4219,20,200,
close_window,2026-10-01T13:33:03.000+08:00,2026-10-01T13:33:03.000+08:00,2026-10-01T13:33:09.217+08:00,20261001,13:32:01,67571,tse,2454,聯發科,20261001,4980.0000,4985.0000,13:30:00,3863,391,391,13:30:00,4980.0000,391,20,200,
close_window,2026-10-01T13:33:04.000+08:00,2026-10-01T13:33:04.000+08:00,2026-10-01T13:33:04.537+08:00,20261001,13:32:01,62760,otc,1240,茂生農經,20261001,-,-,13:30:00,16,-,-,13:01:42,54.1000,1,20,200,
close_window,2026-10-01T13:33:04.000+08:00,2026-10-01T13:33:04.000+08:00,2026-10-01T13:33:04.537+08:00,20261001,13:32:01,62760,otc,1781,合世,20261001,-,-,13:30:00,30,-,-,13:18:45,9.9900,1,20,200,
close_window,2026-10-01T13:33:04.000+08:00,2026-10-01T13:33:04.000+08:00,2026-10-01T13:33:04.537+08:00,20261001,13:32:01,62760,otc,1813,寶利徠,20261001,-,-,13:30:00,5,-,-,13:02:38,11.3000,2,20,200,
close_window,2026-10-01T13:33:04.000+08:00,2026-10-01T13:33:04.000+08:00,2026-10-01T13:33:04.537+08:00,20261001,13:32:01,62760,tse,1341,富林-KY,20261001,-,-,13:30:00,2,-,-,13:14:14,59.0000,1,20,200,
close_window,2026-10-01T13:33:04.000+08:00,2026-10-01T13:33:04.000+08:00,2026-10-01T13:33:04.537+08:00,20261001,13:32:01,62760,tse,1410,南染,20261001,24.1500,24.1500,13:30:00,39,2,2,13:30:00,24.1500,2,20,200,
close_window,2026-10-01T13:33:04.000+08:00,2026-10-01T13:33:04.000+08:00,2026-10-01T13:33:04.537+08:00,20261001,13:32:01,62760,tse,2317,鴻海,20261001,254.0000,253.5000,13:30:00,26017,3029,3029,13:30:00,254.0000,3029,20,200,
close_window,2026-10-01T13:33:04.000+08:00,2026-10-01T13:33:04.000+08:00,2026-10-01T13:33:04.537+08:00,20261001,13:32:01,62760,tse,2330,台積電,20261001,2510.0000,2510.0000,13:30:00,18496,4219,4219,13:30:00,2510.0000,4219,20,200,
close_window,2026-10-01T13:33:04.000+08:00,2026-10-01T13:33:04.000+08:00,2026-10-01T13:33:04.537+08:00,20261001,13:32:01,62760,tse,2454,聯發科,20261001,4980.0000,4985.0000,13:30:00,3863,391,391,13:30:00,4980.0000,391,20,200,
close_window,2026-10-01T13:33:05.000+08:00,2026-10-01T13:33:05.000+08:00,2026-10-01T13:33:05.549+08:00,20261001,13:32:01,63903,otc,1240,茂生農經,20261001,-,-,13:30:00,16,-,-,13:01:42,54.1000,1,20,200,
close_window,2026-10-01T13:33:05.000+08:00,2026-10-01T13:33:05.000+08:00,2026-10-01T13:33:05.549+08:00,20261001,13:32:01,63903,otc,1781,合世,20261001,-,-,13:30:00,30,-,-,13:18:45,9.9900,1,20,200,
close_window,2026-10-01T13:33:05.000+08:00,2026-10-01T13:33:05.000+08:00,2026-10-01T13:33:05.549+08:00,20261001,13:32:01,63903,otc,1813,寶利徠,20261001,-,-,13:30:00,5,-,-,13:02:38,11.3000,2,20,200,
close_window,2026-10-01T13:33:05.000+08:00,2026-10-01T13:33:05.000+08:00,2026-10-01T13:33:05.549+08:00,20261001,13:32:01,63903,tse,1341,富林-KY,20261001,-,-,13:30:00,2,-,-,13:14:14,59.0000,1,20,200,
close_window,2026-10-01T13:33:05.000+08:00,2026-10-01T13:33:05.000+08:00,2026-10-01T13:33:05.549+08:00,20261001,13:32:01,63903,tse,1410,南染,20261001,24.1500,24.1500,13:30:00,39,2,2,13:30:00,24.1500,2,20,200,
close_window,2026-10-01T13:33:05.000+08:00,2026-10-01T13:33:05.000+08:00,2026-10-01T13:33:05.549+08:00,20261001,13:32:01,63903,tse,2317,鴻海,20261001,254.0000,253.5000,13:30:00,26017,3029,3029,13:30:00,254.0000,3029,20,200,
close_window,2026-10-01T13:33:05.000+08:00,2026-10-01T13:33:05.000+08:00,2026-10-01T13:33:05.549+08:00,20261001,13:32:01,63903,tse,2330,台積電,20261001,2510.0000,2510.0000,13:30:00,18496,4219,4219,13:30:00,2510.0000,4219,20,200,
close_window,2026-10-01T13:33:05.000+08:00,2026-10-01T13:33:05.000+08:00,2026-10-01T13:33:05.549+08:00,20261001,13:32:01,63903,tse,2454,聯發科,20261001,4980.0000,4985.0000,13:30:00,3863,391,391,13:30:00,4980.0000,391,20,200,
close_window,2026-10-01T13:33:06.000+08:00,2026-10-01T13:33:06.000+08:00,2026-10-01T13:33:09.652+08:00,20261001,13:32:01,67324,otc,1240,茂生農經,20261001,-,-,13:30:00,16,-,-,13:01:42,54.1000,1,20,200,
close_window,2026-10-01T13:33:06.000+08:00,2026-10-01T13:33:06.000+08:00,2026-10-01T13:33:09.652+08:00,20261001,13:32:01,67324,otc,1781,合世,20261001,-,-,13:30:00,30,-,-,13:18:45,9.9900,1,20,200,
close_window,2026-10-01T13:33:06.000+08:00,2026-10-01T13:33:06.000+08:00,2026-10-01T13:33:09.652+08:00,20261001,13:32:01,67324,otc,1813,寶利徠,20261001,-,-,13:30:00,5,-,-,13:02:38,11.3000,2,20,200,
close_window,2026-10-01T13:33:06.000+08:00,2026-10-01T13:33:06.000+08:00,2026-10-01T13:33:09.652+08:00,20261001,13:32:01,67324,tse,1341,富林-KY,20261001,-,-,13:30:00,2,-,-,13:14:14,59.0000,1,20,200,
close_window,2026-10-01T13:33:06.000+08:00,2026-10-01T13:33:06.000+08:00,2026-10-01T13:33:09.652+08:00,20261001,13:32:01,67324,tse,1410,南染,20261001,24.1500,24.1500,13:30:00,39,2,2,13:30:00,24.1500,2,20,200,
close_window,2026-10-01T13:33:06.000+08:00,2026-10-01T13:33:06.000+08:00,2026-10-01T13:33:09.652+08:00,20261001,13:32:01,67324,tse,2317,鴻海,20261001,254.0000,253.5000,13:30:00,26017,3029,3029,13:30:00,254.0000,3029,20,200,
close_window,2026-10-01T13:33:06.000+08:00,2026-10-01T13:33:06.000+08:00,2026-10-01T13:33:09.652+08:00,20261001,13:32:01,67324,tse,2330,台積電,20261001,2510.0000,2510.0000,13:30:00,18496,4219,4219,13:30:00,2510.0000,4219,20,200,
close_window,2026-10-01T13:33:06.000+08:00,2026-10-01T13:33:06.000+08:00,2026-10-01T13:33:09.652+08:00,20261001,13:32:01,67324,tse,2454,聯發科,20261001,4980.0000,4985.0000,13:30:00,3863,391,391,13:30:00,4980.0000,391,20,200,
close_window,2026-10-01T13:33:07.000+08:00,2026-10-01T13:33:07.000+08:00,2026-10-01T13:33:10.454+08:00,20261001,13:32:01,66463,otc,1240,茂生農經,20261001,-,-,13:30:00,16,-,-,13:01:42,54.1000,1,20,200,
close_window,2026-10-01T13:33:07.000+08:00,2026-10-01T13:33:07.000+08:00,2026-10-01T13:33:10.454+08:00,20261001,13:32:01,66463,otc,1781,合世,20261001,-,-,13:30:00,30,-,-,13:18:45,9.9900,1,20,200,
close_window,2026-10-01T13:33:07.000+08:00,2026-10-01T13:33:07.000+08:00,2026-10-01T13:33:10.454+08:00,20261001,13:32:01,66463,otc,1813,寶利徠,20261001,-,-,13:30:00,5,-,-,13:02:38,11.3000,2,20,200,
close_window,2026-10-01T13:33:07.000+08:00,2026-10-01T13:33:07.000+08:00,2026-10-01T13:33:10.454+08:00,20261001,13:32:01,66463,tse,1341,富林-KY,20261001,-,-,13:30:00,2,-,-,13:14:14,59.0000,1,20,200,
close_window,2026-10-01T13:33:07.000+08:00,2026-10-01T13:33:07.000+08:00,2026-10-01T13:33:10.454+08:00,20261001,13:32:01,66463,tse,1410,南染,20261001,24.1500,24.1500,13:30:00,39,2,2,13:30:00,24.1500,2,20,200,
close_window,2026-10-01T13:33:07.000+08:00,2026-10-01T13:33:07.000+08:00,2026-10-01T13:33:10.454+08:00,20261001,13:32:01,66463,tse,2317,鴻海,20261001,254.0000,253.5000,13:30:00,26017,3029,3029,13:30:00,254.0000,3029,20,200,
close_window,2026-10-01T13:33:07.000+08:00,2026-10-01T13:33:07.000+08:00,2026-10-01T13:33:10.454+08:00,20261001,13:32:01,66463,tse,2330,台積電,20261001,2510.0000,2510.0000,13:30:00,18496,4219,4219,13:30:00,2510.0000,4219,20,200,
close_window,2026-10-01T13:33:07.000+08:00,2026-10-01T13:33:07.000+08:00,2026-10-01T13:33:10.454+08:00,20261001,13:32:01,66463,tse,2454,聯發科,20261001,4980.0000,4985.0000,13:30:00,3863,391,391,13:30:00,4980.0000,391,20,200,
close_window,2026-10-01T13:33:08.000+08:00,2026-10-01T13:33:08.000+08:00,2026-10-01T13:33:10.746+08:00,20261001,13:32:01,68184,otc,1240,茂生農經,20261001,-,-,13:30:00,16,-,-,13:01:42,54.1000,1,20,200,
close_window,2026-10-01T13:33:08.000+08:00,2026-10-01T13:33:08.000+08:00,2026-10-01T13:33:10.746+08:00,20261001,13:32:01,68184,otc,1781,合世,20261001,-,-,13:30:00,30,-,-,13:18:45,9.9900,1,20,200,
close_window,2026-10-01T13:33:08.000+08:00,2026-10-01T13:33:08.000+08:00,2026-10-01T13:33:10.746+08:00,20261001,13:32:01,68184,otc,1813,寶利徠,20261001,-,-,13:30:00,5,-,-,13:02:38,11.3000,2,20,200,
close_window,2026-10-01T13:33:08.000+08:00,2026-10-01T13:33:08.000+08:00,2026-10-01T13:33:10.746+08:00,20261001,13:32:01,68184,tse,1341,富林-KY,20261001,-,-,13:30:00,2,-,-,13:14:14,59.0000,1,20,200,
close_window,2026-10-01T13:33:08.000+08:00,2026-10-01T13:33:08.000+08:00,2026-10-01T13:33:10.746+08:00,20261001,13:32:01,68184,tse,1410,南染,20261001,24.1500,24.1500,13:30:00,39,2,2,13:30:00,24.1500,2,20,200,
close_window,2026-10-01T13:33:08.000+08:00,2026-10-01T13:33:08.000+08:00,2026-10-01T13:33:10.746+08:00,20261001,13:32:01,68184,tse,2317,鴻海,20261001,254.0000,253.5000,13:30:00,26017,3029,3029,13:30:00,254.0000,3029,20,200,
close_window,2026-10-01T13:33:08.000+08:00,2026-10-01T13:33:08.000+08:00,2026-10-01T13:33:10.746+08:00,20261001,13:32:01,68184,tse,2330,台積電,20261001,2510.0000,2510.0000,13:30:00,18496,4219,4219,13:30:00,2510.0000,4219,20,200,
close_window,2026-10-01T13:33:08.000+08:00,2026-10-01T13:33:08.000+08:00,2026-10-01T13:33:10.746+08:00,20261001,13:32:01,68184,tse,2454,聯發科,20261001,4980.0000,4985.0000,13:30:00,3863,391,391,13:30:00,4980.0000,391,20,200,
close_window,2026-10-01T13:33:09.000+08:00,2026-10-01T13:33:09.000+08:00,2026-10-01T13:33:09.542+08:00,20261001,13:32:01,67765,otc,1240,茂生農經,20261001,-,-,13:30:00,16,-,-,13:01:42,54.1000,1,20,200,
close_window,2026-10-01T13:33:09.000+08:00,2026-10-01T13:33:09.000+08:00,2026-10-01T13:33:09.542+08:00,20261001,13:32:01,67765,otc,1781,合世,20261001,-,-,13:30:00,30,-,-,13:18:45,9.9900,1,20,200,
close_window,2026-10-01T13:33:09.000+08:00,2026-10-01T13:33:09.000+08:00,2026-10-01T13:33:09.542+08:00,20261001,13:32:01,67765,otc,1813,寶利徠,20261001,-,-,13:30:00,5,-,-,13:02:38,11.3000,2,20,200,
close_window,2026-10-01T13:33:09.000+08:00,2026-10-01T13:33:09.000+08:00,2026-10-01T13:33:09.542+08:00,20261001,13:32:01,67765,tse,1341,富林-KY,20261001,-,-,13:30:00,2,-,-,13:14:14,59.0000,1,20,200,
close_window,2026-10-01T13:33:09.000+08:00,2026-10-01T13:33:09.000+08:00,2026-10-01T13:33:09.542+08:00,20261001,13:32:01,67765,tse,1410,南染,20261001,24.1500,24.1500,13:30:00,39,2,2,13:30:00,24.1500,2,20,200,
close_window,2026-10-01T13:33:09.000+08:00,2026-10-01T13:33:09.000+08:00,2026-10-01T13:33:09.542+08:00,20261001,13:32:01,67765,tse,2317,鴻海,20261001,254.0000,253.5000,13:30:00,26017,3029,3029,13:30:00,254.0000,3029,20,200,
close_window,2026-10-01T13:33:09.000+08:00,2026-10-01T13:33:09.000+08:00,2026-10-01T13:33:09.542+08:00,20261001,13:32:01,67765,tse,2330,台積電,20261001,2510.0000,2510.0000,13:30:00,18496,4219,4219,13:30:00,2510.0000,4219,20,200,
close_window,2026-10-01T13:33:09.000+08:00,2026-10-01T13:33:09.000+08:00,2026-10-01T13:33:09.542+08:00,20261001,13:32:01,67765,tse,2454,聯發科,20261001,4980.0000,4985.0000,13:30:00,3863,391,391,13:30:00,4980.0000,391,20,200,
close_window,2026-10-01T13:33:10.000+08:00,2026-10-01T13:33:10.000+08:00,2026-10-01T13:33:10.696+08:00,20261001,13:32:01,68921,otc,1240,茂生農經,20261001,-,-,13:30:00,16,-,-,13:01:42,54.1000,1,20,200,
close_window,2026-10-01T13:33:10.000+08:00,2026-10-01T13:33:10.000+08:00,2026-10-01T13:33:10.696+08:00,20261001,13:32:01,68921,otc,1781,合世,20261001,-,-,13:30:00,30,-,-,13:18:45,9.9900,1,20,200,
close_window,2026-10-01T13:33:10.000+08:00,2026-10-01T13:33:10.000+08:00,2026-10-01T13:33:10.696+08:00,20261001,13:32:01,68921,otc,1813,寶利徠,20261001,-,-,13:30:00,5,-,-,13:02:38,11.3000,2,20,200,
close_window,2026-10-01T13:33:10.000+08:00,2026-10-01T13:33:10.000+08:00,2026-10-01T13:33:10.696+08:00,20261001,13:32:01,68921,tse,1341,富林-KY,20261001,-,-,13:30:00,2,-,-,13:14:14,59.0000,1,20,200,
close_window,2026-10-01T13:33:10.000+08:00,2026-10-01T13:33:10.000+08:00,2026-10-01T13:33:10.696+08:00,20261001,13:32:01,68921,tse,1410,南染,20261001,24.1500,24.1500,13:30:00,39,2,2,13:30:00,24.1500,2,20,200,
close_window,2026-10-01T13:33:10.000+08:00,2026-10-01T13:33:10.000+08:00,2026-10-01T13:33:10.696+08:00,20261001,13:32:01,68921,tse,2317,鴻海,20261001,254.0000,253.5000,13:30:00,26017,3029,3029,13:30:00,254.0000,3029,20,200,
close_window,2026-10-01T13:33:10.000+08:00,2026-10-01T13:33:10.000+08:00,2026-10-01T13:33:10.696+08:00,20261001,13:32:01,68921,tse,2330,台積電,20261001,2510.0000,2510.0000,13:30:00,18496,4219,4219,13:30:00,2510.0000,4219,20,200,
close_window,2026-10-01T13:33:10.000+08:00,2026-10-01T13:33:10.000+08:00,2026-10-01T13:33:10.696+08:00,20261001,13:32:01,68921,tse,2454,聯發科,20261001,4980.0000,4985.0000,13:30:00,3863,391,391,13:30:00,4980.0000,391,20,200,
close_window,2026-10-01T13:33:11.000+08:00,2026-10-01T13:33:11.000+08:00,2026-10-01T13:33:11.408+08:00,20261001,13:32:01,69761,otc,1240,茂生農經,20261001,-,-,13:30:00,16,-,-,13:01:42,54.1000,1,20,200,
close_window,2026-10-01T13:33:11.000+08:00,2026-10-01T13:33:11.000+08:00,2026-10-01T13:33:11.408+08:00,20261001,13:32:01,69761,otc,1781,合世,20261001,-,-,13:30:00,30,-,-,13:18:45,9.9900,1,20,200,
close_window,2026-10-01T13:33:11.000+08:00,2026-10-01T13:33:11.000+08:00,2026-10-01T13:33:11.408+08:00,20261001,13:32:01,69761,otc,1813,寶利徠,20261001,-,-,13:30:00,5,-,-,13:02:38,11.3000,2,20,200,
close_window,2026-10-01T13:33:11.000+08:00,2026-10-01T13:33:11.000+08:00,2026-10-01T13:33:11.408+08:00,20261001,13:32:01,69761,tse,1341,富林-KY,20261001,-,-,13:30:00,2,-,-,13:14:14,59.0000,1,20,200,
close_window,2026-10-01T13:33:11.000+08:00,2026-10-01T13:33:11.000+08:00,2026-10-01T13:33:11.408+08:00,20261001,13:32:01,69761,tse,1410,南染,20261001,24.1500,24.1500,13:30:00,39,2,2,13:30:00,24.1500,2,20,200,
close_window,2026-10-01T13:33:11.000+08:00,2026-10-01T13:33:11.000+08:00,2026-10-01T13:33:11.408+08:00,20261001,13:32:01,69761,tse,2317,鴻海,20261001,254.0000,253.5000,13:30:00,26017,3029,3029,13:30:00,254.0000,3029,20,200,
close_window,2026-10-01T13:33:11.000+08:00,2026-10-01T13:33:11.000+08:00,2026-10-01T13:33:11.408+08:00,20261001,13:32:01,69761,tse,2330,台積電,20261001,2510.0000,2510.0000,13:30:00,18496,4219,4219,13:30:00,2510.0000,4219,20,200,
close_window,2026-10-01T13:33:11.000+08:00,2026-10-01T13:33:11.000+08:00,2026-10-01T13:33:11.408+08:00,20261001,13:32:01,69761,tse,2454,聯發科,20261001,4980.0000,4985.0000,13:30:00,3863,391,391,13:30:00,4980.0000,391,20,200,
close_window,2026-10-01T13:33:12.000+08:00,2026-10-01T13:33:12.000+08:00,2026-10-01T13:33:13.180+08:00,20261001,13:32:01,71406,otc,1240,茂生農經,20261001,-,-,13:30:00,16,-,-,13:01:42,54.1000,1,20,200,
close_window,2026-10-01T13:33:12.000+08:00,2026-10-01T13:33:12.000+08:00,2026-10-01T13:33:13.180+08:00,20261001,13:32:01,71406,otc,1781,合世,20261001,-,-,13:30:00,30,-,-,13:18:45,9.9900,1,20,200,
close_window,2026-10-01T13:33:12.000+08:00,2026-10-01T13:33:12.000+08:00,2026-10-01T13:33:13.180+08:00,20261001,13:32:01,71406,otc,1813,寶利徠,20261001,-,-,13:30:00,5,-,-,13:02:38,11.3000,2,20,200,
close_window,2026-10-01T13:33:12.000+08:00,2026-10-01T13:33:12.000+08:00,2026-10-01T13:33:13.180+08:00,20261001,13:32:01,71406,tse,1341,富林-KY,20261001,-,-,13:30:00,2,-,-,13:14:14,59.0000,1,20,200,
close_window,2026-10-01T13:33:12.000+08:00,2026-10-01T13:33:12.000+08:00,2026-10-01T13:33:13.180+08:00,20261001,13:32:01,71406,tse,1410,南染,20261001,24.1500,24.1500,13:30:00,39,2,2,13:30:00,24.1500,2,20,200,
close_window,2026-10-01T13:33:12.000+08:00,2026-10-01T13:33:12.000+08:00,2026-10-01T13:33:13.180+08:00,20261001,13:32:01,71406,tse,2317,鴻海,20261001,254.0000,253.5000,13:30:00,26017,3029,3029,13:30:00,254.0000,3029,20,200,
close_window,2026-10-01T13:33:12.000+08:00,2026-10-01T13:33:12.000+08:00,2026-10-01T13:33:13.180+08:00,20261001,13:32:01,71406,tse,2330,台積電,20261001,2510.0000,2510.0000,13:30:00,18496,4219,4219,13:30:00,2510.0000,4219,20,200,
close_window,2026-10-01T13:33:12.000+08:00,2026-10-01T13:33:12.000+08:00,2026-10-01T13:33:13.180+08:00,20261001,13:32:01,71406,tse,2454,聯發科,20261001,4980.0000,4985.0000,13:30:00,3863,391,391,13:30:00,4980.0000,391,20,200,
close_window,2026-10-01T13:33:13.000+08:00,2026-10-01T13:33:13.000+08:00,2026-10-01T13:33:13.413+08:00,20261001,13:32:01,71767,otc,1240,茂生農經,20261001,-,-,13:30:00,16,-,-,13:01:42,54.1000,1,20,200,
close_window,2026-10-01T13:33:13.000+08:00,2026-10-01T13:33:13.000+08:00,2026-10-01T13:33:13.413+08:00,20261001,13:32:01,71767,otc,1781,合世,20261001,-,-,13:30:00,30,-,-,13:18:45,9.9900,1,20,200,
close_window,2026-10-01T13:33:13.000+08:00,2026-10-01T13:33:13.000+08:00,2026-10-01T13:33:13.413+08:00,20261001,13:32:01,71767,otc,1813,寶利徠,20261001,-,-,13:30:00,5,-,-,13:02:38,11.3000,2,20,200,
close_window,2026-10-01T13:33:13.000+08:00,2026-10-01T13:33:13.000+08:00,2026-10-01T13:33:13.413+08:00,20261001,13:32:01,71767,tse,1341,富林-KY,20261001,-,-,13:30:00,2,-,-,13:14:14,59.0000,1,20,200,
close_window,2026-10-01T13:33:13.000+08:00,2026-10-01T13:33:13.000+08:00,2026-10-01T13:33:13.413+08:00,20261001,13:32:01,71767,tse,1410,南染,20261001,24.1500,24.1500,13:30:00,39,2,2,13:30:00,24.1500,2,20,200,
close_window,2026-10-01T13:33:13.000+08:00,2026-10-01T13:33:13.000+08:00,2026-10-01T13:33:13.413+08:00,20261001,13:32:01,71767,tse,2317,鴻海,20261001,254.0000,253.5000,13:30:00,26017,3029,3029,13:30:00,254.0000,3029,20,200,
close_window,2026-10-01T13:33:13.000+08:00,2026-10-01T13:33:13.000+08:00,2026-10-01T13:33:13.413+08:00,20261001,13:32:01,71767,tse,2330,台積電,20261001,2510.0000,2510.0000,13:30:00,18496,4219,4219,13:30:00,2510.0000,4219,20,200,
close_window,2026-10-01T13:33:13.000+08:00,2026-10-01T13:33:13.000+08:00,2026-10-01T13:33:13.413+08:00,20261001,13:32:01,71767,tse,2454,聯發科,20261001,4980.0000,4985.0000,13:30:00,3863,391,391,13:30:00,4980.0000,391,20,200,
close_window,2026-10-01T13:33:14.000+08:00,2026-10-01T13:33:14.000+08:00,2026-10-01T13:33:15.150+08:00,20261001,13:32:01,72898,otc,1240,茂生農經,20261001,-,-,13:30:00,16,-,-,13:01:42,54.1000,1,20,200,
close_window,2026-10-01T13:33:14.000+08:00,2026-10-01T13:33:14.000+08:00,2026-10-01T13:33:15.150+08:00,20261001,13:32:01,72898,otc,1781,合世,20261001,-,-,13:30:00,30,-,-,13:18:45,9.9900,1,20,200,
close_window,2026-10-01T13:33:14.000+08:00,2026-10-01T13:33:14.000+08:00,2026-10-01T13:33:15.150+08:00,20261001,13:32:01,72898,otc,1813,寶利徠,20261001,-,-,13:30:00,5,-,-,13:02:38,11.3000,2,20,200,
close_window,2026-10-01T13:33:14.000+08:00,2026-10-01T13:33:14.000+08:00,2026-10-01T13:33:15.150+08:00,20261001,13:32:01,72898,tse,1341,富林-KY,20261001,-,-,13:30:00,2,-,-,13:14:14,59.0000,1,20,200,
close_window,2026-10-01T13:33:14.000+08:00,2026-10-01T13:33:14.000+08:00,2026-10-01T13:33:15.150+08:00,20261001,13:32:01,72898,tse,1410,南染,20261001,24.1500,24.1500,13:30:00,39,2,2,13:30:00,24.1500,2,20,200,
close_window,2026-10-01T13:33:14.000+08:00,2026-10-01T13:33:14.000+08:00,2026-10-01T13:33:15.150+08:00,20261001,13:32:01,72898,tse,2317,鴻海,20261001,254.0000,253.5000,13:30:00,26017,3029,3029,13:30:00,254.0000,3029,20,200,
close_window,2026-10-01T13:33:14.000+08:00,2026-10-01T13:33:14.000+08:00,2026-10-01T13:33:15.150+08:00,20261001,13:32:01,72898,tse,2330,台積電,20261001,2510.0000,2510.0000,13:30:00,18496,4219,4219,13:30:00,2510.0000,4219,20,200,
close_window,2026-10-01T13:33:14.000+08:00,2026-10-01T13:33:14.000+08:00,2026-10-01T13:33:15.150+08:00,20261001,13:32:01,72898,tse,2454,聯發科,20261001,4980.0000,4985.0000,13:30:00,3863,391,391,13:30:00,4980.0000,391,20,200,
close_window,2026-10-01T13:33:15.000+08:00,2026-10-01T13:33:15.005+08:00,2026-10-01T13:33:15.587+08:00,20261001,13:32:01,73810,otc,1240,茂生農經,20261001,-,-,13:30:00,16,-,-,13:01:42,54.1000,1,20,200,
close_window,2026-10-01T13:33:15.000+08:00,2026-10-01T13:33:15.005+08:00,2026-10-01T13:33:15.587+08:00,20261001,13:32:01,73810,otc,1781,合世,20261001,-,-,13:30:00,30,-,-,13:18:45,9.9900,1,20,200,
close_window,2026-10-01T13:33:15.000+08:00,2026-10-01T13:33:15.005+08:00,2026-10-01T13:33:15.587+08:00,20261001,13:32:01,73810,otc,1813,寶利徠,20261001,-,-,13:30:00,5,-,-,13:02:38,11.3000,2,20,200,
close_window,2026-10-01T13:33:15.000+08:00,2026-10-01T13:33:15.005+08:00,2026-10-01T13:33:15.587+08:00,20261001,13:32:01,73810,tse,1341,富林-KY,20261001,-,-,13:30:00,2,-,-,13:14:14,59.0000,1,20,200,
close_window,2026-10-01T13:33:15.000+08:00,2026-10-01T13:33:15.005+08:00,2026-10-01T13:33:15.587+08:00,20261001,13:32:01,73810,tse,1410,南染,20261001,24.1500,24.1500,13:30:00,39,2,2,13:30:00,24.1500,2,20,200,
close_window,2026-10-01T13:33:15.000+08:00,2026-10-01T13:33:15.005+08:00,2026-10-01T13:33:15.587+08:00,20261001,13:32:01,73810,tse,2317,鴻海,20261001,254.0000,253.5000,13:30:00,26017,3029,3029,13:30:00,254.0000,3029,20,200,
close_window,2026-10-01T13:33:15.000+08:00,2026-10-01T13:33:15.005+08:00,2026-10-01T13:33:15.587+08:00,20261001,13:32:01,73810,tse,2330,台積電,20261001,2510.0000,2510.0000,13:30:00,18496,4219,4219,13:30:00,2510.0000,4219,20,200,
close_window,2026-10-01T13:33:15.000+08:00,2026-10-01T13:33:15.005+08:00,2026-10-01T13:33:15.587+08:00,20261001,13:32:01,73810,tse,2454,聯發科,20261001,4980.0000,4985.0000,13:30:00,3863,391,391,13:30:00,4980.0000,391,20,200,
